time,day,event,estrazione,play_id,colpo,ambata,ambi,cluster,outcome,hit_ambi,hit_ranks,v48_play,v48_hit,v48_stop,v48_cost,v48_gross,v48_net,v48_roi,spy_id,spy,spy_condition,spy_followers,spy_network,spy_level,spy_horizon,spy_k1,spy_k2,spy_k3,spy_hit_nums,spy_cost,spy_gross,spy_net,spy_roi,playable_id,playable_colpo,playable_ambata,playable_ambi,playable_outcome,playable_hit_ambata,playable_hit_ambi,playable_support,playable_terno,playable_hit_terno,playable_terno_cost,playable_terno_gross,playable_score,playable_state,playable_edge,playable_confirmations
2026-09-06 14:29:50,2026-09-06,SPY_CLOSE_H3,161,,3,,,,,,,192,126,60,2505.00,1932.00,-573.00,-22.8743,112993,45,C2_exact,40-35-30,MOD5,MULTIPLA,3,1,1,0,30-40,3.00,0.00,-3.00,-100.0000,,,,,,,,,,,,,,,,
2026-09-06 14:29:50,2026-09-06,SPY_CLOSE_H3,161,,3,,,,,,,192,126,60,2505.00,1932.00,-573.00,-22.8743,112994,52,NC2_W3_gap,5-8-1,DECINA,MULTIPLA,3,1,0,0,1,3.00,0.00,-3.00,-100.0000,,,,,,,,,,,,,,,,
2026-09-06 14:29:50,2026-09-06,SPY_CLOSE_H3,161,,3,,,,,,,192,126,60,2505.00,1932.00,-573.00,-22.8743,112995,36,C2_exact,31-33-25,DECINA,MULTIPLA,3,1,0,0,25,3.00,0.00,-3.00,-100.0000,,,,,,,,,,,,,,,,
2026-09-06 14:29:50,2026-09-06,SPY_CLOSE_H3,161,,3,,,,,,,192,126,60,2505.00,1932.00,-573.00,-22.8743,112996,50,C1_exact,45-39-81,ALTRO,MULTIPLA,3,1,0,0,39,3.00,0.00,-3.00,-100.0000,,,,,,,,,,,,,,,,
2026-09-06 14:29:50,2026-09-06,SPY_CLOSE_H3,161,,3,,,,,,,192,126,60,2505.00,1932.00,-573.00,-22.8743,112997,84,C2_exact,87-89-86,DECINA,MULTIPLA,3,1,0,0,89,3.00,0.00,-3.00,-100.0000,,,,,,,,,,,,,,,,
2026-09-06 14:29:50,2026-09-06,SPY_CLOSE_H3,161,,3,,,,,,,192,126,60,2505.00,1932.00,-573.00,-22.8743,112998,32,NC3_W5_gap,56-1-47,ALTRO,MULTIPLA,3,1,1,0,1-56,3.00,0.00,-3.00,-100.0000,,,,,,,,,,,,,,,,
2026-09-06 14:29:50,2026-09-06,SPY_CLOSE_H3,161,,3,,,,,,,192,126,60,2505.00,1932.00,-573.00,-22.8743,112999,85,C2_exact,88-82-87,DECINA,MULTIPLA,3,1,0,0,87,3.00,0.00,-3.00,-100.0000,,,,,,,,,,,,,,,,
2026-09-06 14:29:50,2026-09-06,SPY_CLOSE_H3,161,,3,,,,,,,192,126,60,2505.00,1932.00,-573.00,-22.8743,113000,81,NC3_W5_gap,90-83-76,DECINA,MULTIPLA,3,1,1,0,76-90,3.00,0.00,-3.00,-100.0000,,,,,,,,,,,,,,,,
2026-09-06 14:29:50,2026-09-06,SPY_CLOSE_H3,161,,3,,,,,,,192,126,60,2505.00,1932.00,-573.00,-22.8743,113001,7,NC2_W5,8-15-25,ALTRO,MULTIPLA,3,1,1,0,8-25,3.00,0.00,-3.00,-100.0000,,,,,,,,,,,,,,,,
2026-09-06 14:29:50,2026-09-06,SPY_CLOSE_H3,161,,3,,,,,,,192,126,60,2505.00,1932.00,-573.00,-22.8743,113002,46,NC2_W5,11-22-21,MOD5,MULTIPLA,3,1,1,0,11-22,3.00,0.00,-3.00,-100.0000,,,,,,,,,,,,,,,,
2026-09-06 14:29:50,2026-09-06,SPY_CLOSE_H3,161,,3,,,,,,,192,126,60,2505.00,1932.00,-573.00,-22.8743,113003,90,NC2_W5,87-89-88,DECINA,MULTIPLA,3,1,0,0,89,3.00,0.00,-3.00,-100.0000,,,,,,,,,,,,,,,,
2026-09-06 14:29:50,2026-09-06,SPY_CLOSE_H3,161,,3,,,,,,,192,126,60,2505.00,1932.00,-573.00,-22.8743,113004,7,NC2_W3_gap,88-90-85,DECINA,MULTIPLA,3,1,0,0,90,3.00,0.00,-3.00,-100.0000,,,,,,,,,,,,,,,,
2026-09-06 14:29:50,2026-09-06,SPY_CLOSE_H3,161,,3,,,,,,,192,126,60,2505.00,1932.00,-573.00,-22.8743,113005,83,C2_exact,87-89-88,DECINA,MULTIPLA,3,1,0,0,89,3.00,0.00,-3.00,-100.0000,,,,,,,,,,,,,,,,
2026-09-06 14:29:50,2026-09-06,SPY_CLOSE_H3,161,,3,,,,,,,192,126,60,2505.00,1932.00,-573.00,-22.8743,113006,39,NC2_W5,81-25-79,ALTRO,MULTIPLA,3,1,1,0,25-81,3.00,0.00,-3.00,-100.0000,,,,,,,,,,,,,,,,
2026-09-06 14:29:50,2026-09-06,SPY_CLOSE_H3,161,,3,,,,,,,192,126,60,2505.00,1932.00,-573.00,-22.8743,113007,7,C1_exact,69-89-4,MOD5,MULTIPLA,3,1,1,0,4-89,3.00,0.00,-3.00,-100.0000,,,,,,,,,,,,,,,,
2026-09-06 14:29:50,2026-09-06,SPY_CLOSE_H3,161,,3,,,,,,,192,126,60,2505.00,1932.00,-573.00,-22.8743,113008,19,NC3_W5_gap,89-85-82,DECINA,MULTIPLA,3,1,0,0,89,3.00,0.00,-3.00,-100.0000,,,,,,,,,,,,,,,,
2026-09-06 14:29:50,2026-09-06,SPY_CLOSE_H3,161,,3,,,,,,,192,126,60,2505.00,1932.00,-573.00,-22.8743,113009,20,C2_exact,15-10-5,CATENA_5,FORTE,3,1,0,0,15,3.00,0.00,-3.00,-100.0000,,,,,,,,,,,,,,,,
2026-09-06 14:29:50,2026-09-06,SPY_CLOSE_H2,161,,2,,,,,,,192,126,60,2505.00,1932.00,-573.00,-22.8743,113010,89,NC2_W3_gap,15-10-70,MOD5,MULTIPLA,2,1,1,0,15-70,2.00,0.00,-2.00,-100.0000,,,,,,,,,,,,,,,,
2026-09-06 14:29:50,2026-09-06,SPY_CLOSE_H2,161,,2,,,,,,,192,126,60,2505.00,1932.00,-573.00,-22.8743,113011,20,C3plus,19-32-5,ALTRO,MULTIPLA,2,0,0,0,,2.00,0.00,-2.00,-100.0000,,,,,,,,,,,,,,,,
2026-09-06 14:29:50,2026-09-06,SPY_CLOSE_H2,161,,2,,,,,,,192,126,60,2505.00,1932.00,-573.00,-22.8743,113012,89,C1_exact,55-70-33,ALTRO,MULTIPLA,2,1,1,0,55-70,2.00,0.00,-2.00,-100.0000,,,,,,,,,,,,,,,,
2026-09-06 14:29:50,2026-09-06,SPY_CLOSE_H2,161,,2,,,,,,,192,126,60,2505.00,1932.00,-573.00,-22.8743,113013,32,C2_exact,35-33-13,DECINA,MULTIPLA,2,1,0,0,13,2.00,0.00,-2.00,-100.0000,,,,,,,,,,,,,,,,
2026-09-06 14:29:50,2026-09-06,SPY_CLOSE_H2,161,,2,,,,,,,192,126,60,2505.00,1932.00,-573.00,-22.8743,113014,32,NC3_W5_gap,56-1-47,ALTRO,MULTIPLA,2,1,0,0,1,2.00,0.00,-2.00,-100.0000,,,,,,,,,,,,,,,,
2026-09-06 14:29:50,2026-09-06,SPY_CLOSE_H2,161,,2,,,,,,,192,126,60,2505.00,1932.00,-573.00,-22.8743,113015,76,NC2_W3_gap,41-49-48,DECINA,MULTIPLA,2,1,0,0,49,2.00,0.00,-2.00,-100.0000,,,,,,,,,,,,,,,,
2026-09-06 14:29:50,2026-09-06,SPY_CLOSE_H2,161,,2,,,,,,,192,126,60,2505.00,1932.00,-573.00,-22.8743,113016,64,NC3_W5_gap,69-44-83,MOD5,MULTIPLA,2,0,0,0,,2.00,0.00,-2.00,-100.0000,,,,,,,,,,,,,,,,
2026-09-06 14:29:50,2026-09-06,SPY_CLOSE_H2,161,,2,,,,,,,192,126,60,2505.00,1932.00,-573.00,-22.8743,113017,7,NC2_W5,8-15-25,ALTRO,MULTIPLA,2,1,1,0,8-25,2.00,0.00,-2.00,-100.0000,,,,,,,,,,,,,,,,
2026-09-06 14:29:50,2026-09-06,SPY_CLOSE_H2,161,,2,,,,,,,192,126,60,2505.00,1932.00,-573.00,-22.8743,113018,45,NC3_W5_gap,35-40-77,MOD5,MULTIPLA,2,0,0,0,,2.00,0.00,-2.00,-100.0000,,,,,,,,,,,,,,,,
2026-09-06 14:29:50,2026-09-06,SPY_CLOSE_H2,161,,2,,,,,,,192,126,60,2505.00,1932.00,-573.00,-22.8743,113019,76,C1_exact,45-55-16,ALTRO,MULTIPLA,2,1,0,0,55,2.00,0.00,-2.00,-100.0000,,,,,,,,,,,,,,,,
2026-09-06 14:29:50,2026-09-06,SPY_CLOSE_H2,161,,2,,,,,,,192,126,60,2505.00,1932.00,-573.00,-22.8743,113020,17,NC2_W3_gap,90-87-89,DECINA,MULTIPLA,2,1,0,0,90,2.00,0.00,-2.00,-100.0000,,,,,,,,,,,,,,,,
2026-09-06 14:29:50,2026-09-06,SPY_CLOSE_H2,161,,2,,,,,,,192,126,60,2505.00,1932.00,-573.00,-22.8743,113021,17,NC3_W5_gap,87-76-89,ALTRO,MULTIPLA,2,1,0,0,76,2.00,0.00,-2.00,-100.0000,,,,,,,,,,,,,,,,
2026-09-06 14:29:50,2026-09-06,SPY_CLOSE_H2,161,,2,,,,,,,192,126,60,2505.00,1932.00,-573.00,-22.8743,113022,11,C1_exact,90-88-86,DECINA,MULTIPLA,2,1,0,0,90,2.00,0.00,-2.00,-100.0000,,,,,,,,,,,,,,,,
2026-09-06 14:29:50,2026-09-06,SPY_CLOSE_H2,161,,2,,,,,,,192,126,60,2505.00,1932.00,-573.00,-22.8743,113023,17,C1_exact,90-86-88,DECINA,MULTIPLA,2,1,0,0,90,2.00,0.00,-2.00,-100.0000,,,,,,,,,,,,,,,,
2026-09-06 14:29:50,2026-09-06,SPY_CLOSE_H2,161,,2,,,,,,,192,126,60,2505.00,1932.00,-573.00,-22.8743,113024,4,C1_exact,88-89-90,DECINA,MULTIPLA,2,1,0,0,90,2.00,0.00,-2.00,-100.0000,,,,,,,,,,,,,,,,
2026-09-06 14:29:50,2026-09-06,SPY_CLOSE_H2,161,,2,,,,,,,192,126,60,2505.00,1932.00,-573.00,-22.8743,113025,3,C1_exact,90-89-9,ALTRO,MULTIPLA,2,1,0,0,90,2.00,0.00,-2.00,-100.0000,,,,,,,,,,,,,,,,
2026-09-06 14:29:50,2026-09-06,SPY_CLOSE_H2,161,,2,,,,,,,192,126,60,2505.00,1932.00,-573.00,-22.8743,113026,14,C1_exact,90-89-88,DECINA,MULTIPLA,2,1,0,0,90,2.00,0.00,-2.00,-100.0000,,,,,,,,,,,,,,,,
2026-09-06 14:29:50,2026-09-06,SPY_CLOSE_H2,161,,2,,,,,,,192,126,60,2505.00,1932.00,-573.00,-22.8743,113027,1,C1_exact,86-90-85,DECINA,MULTIPLA,2,1,0,0,90,2.00,0.00,-2.00,-100.0000,,,,,,,,,,,,,,,,
2026-09-06 14:29:50,2026-09-06,SPY_CLOSE_H1,161,,1,,,,,,,192,126,60,2505.00,1932.00,-573.00,-22.8743,113028,81,NC2_W3_gap,55-68-34,ALTRO,MULTIPLA,1,1,0,0,55,1.00,0.00,-1.00,-100.0000,,,,,,,,,,,,,,,,
2026-09-06 14:29:50,2026-09-06,SPY_CLOSE_H1,161,,1,,,,,,,192,126,60,2505.00,1932.00,-573.00,-22.8743,113029,90,C1_exact,55-45-24,MOD5,MULTIPLA,1,1,0,0,55,1.00,0.00,-1.00,-100.0000,,,,,,,,,,,,,,,,
2026-09-06 14:29:50,2026-09-06,SPY_CLOSE_H1,161,,1,,,,,,,192,126,60,2505.00,1932.00,-573.00,-22.8743,113030,50,NC2_W3_gap,45-39-25,MOD5,MULTIPLA,1,0,0,0,,1.00,0.00,-1.00,-100.0000,,,,,,,,,,,,,,,,
2026-09-06 14:29:50,2026-09-06,SPY_CLOSE_H1,161,,1,,,,,,,192,126,60,2505.00,1932.00,-573.00,-22.8743,113031,76,C2_exact,23-13-70,ALTRO,MULTIPLA,1,1,0,0,70,1.00,0.00,-1.00,-100.0000,,,,,,,,,,,,,,,,
2026-09-06 14:29:50,2026-09-06,SPY_CLOSE_H1,161,,1,,,,,,,192,126,60,2505.00,1932.00,-573.00,-22.8743,113032,50,C1_exact,45-39-81,ALTRO,MULTIPLA,1,0,0,0,,1.00,0.00,-1.00,-100.0000,,,,,,,,,,,,,,,,
2026-09-06 14:29:50,2026-09-06,SPY_CLOSE_H1,161,,1,,,,,,,192,126,60,2505.00,1932.00,-573.00,-22.8743,113033,65,NC3_W5_gap,21-9-47,ALTRO,MULTIPLA,1,0,0,0,,1.00,0.00,-1.00,-100.0000,,,,,,,,,,,,,,,,
2026-09-06 14:29:50,2026-09-06,SPY_CLOSE_H1,161,,1,,,,,,,192,126,60,2505.00,1932.00,-573.00,-22.8743,113034,65,NC2_W3_gap,79-66-80,ALTRO,MULTIPLA,1,0,0,0,,1.00,0.00,-1.00,-100.0000,,,,,,,,,,,,,,,,
2026-09-06 14:29:50,2026-09-06,SPY_CLOSE_H1,161,,1,,,,,,,192,126,60,2505.00,1932.00,-573.00,-22.8743,113035,84,NC3_W5_gap,50-90-81,DECINA,MULTIPLA,1,1,0,0,50,1.00,0.00,-1.00,-100.0000,,,,,,,,,,,,,,,,
2026-09-06 14:29:50,2026-09-06,SPY_CLOSE_H1,161,,1,,,,,,,192,126,60,2505.00,1932.00,-573.00,-22.8743,113036,76,NC3_W5_gap,23-49-87,ALTRO,MULTIPLA,1,1,0,0,87,1.00,0.00,-1.00,-100.0000,,,,,,,,,,,,,,,,
2026-09-06 14:29:50,2026-09-06,SPY_CLOSE_H1,161,,1,,,,,,,192,126,60,2505.00,1932.00,-573.00,-22.8743,113037,81,NC3_W5_gap,90-83-76,DECINA,MULTIPLA,1,0,0,0,,1.00,0.00,-1.00,-100.0000,,,,,,,,,,,,,,,,
2026-09-06 14:29:50,2026-09-06,SPY_CLOSE_H1,161,,1,,,,,,,192,126,60,2505.00,1932.00,-573.00,-22.8743,113038,7,NC2_W5,8-15-25,ALTRO,MULTIPLA,1,1,0,0,15,1.00,0.00,-1.00,-100.0000,,,,,,,,,,,,,,,,
2026-09-06 14:29:50,2026-09-06,SPY_CLOSE_H1,161,,1,,,,,,,192,126,60,2505.00,1932.00,-573.00,-22.8743,113039,25,C1_exact,20-90-36,MOD5,MULTIPLA,1,1,0,0,20,1.00,0.00,-1.00,-100.0000,,,,,,,,,,,,,,,,
2026-09-06 14:29:50,2026-09-06,SPY_CLOSE_H1,161,,1,,,,,,,192,126,60,2505.00,1932.00,-573.00,-22.8743,113040,81,C1_exact,55-68-21,ALTRO,MULTIPLA,1,1,0,0,55,1.00,0.00,-1.00,-100.0000,,,,,,,,,,,,,,,,
2026-09-06 14:29:50,2026-09-06,SPY_CLOSE_H1,161,,1,,,,,,,192,126,60,2505.00,1932.00,-573.00,-22.8743,113041,90,NC2_W5,87-89-88,DECINA,MULTIPLA,1,1,0,0,87,1.00,0.00,-1.00,-100.0000,,,,,,,,,,,,,,,,
2026-09-06 14:29:50,2026-09-06,SPY_CLOSE_H1,161,,1,,,,,,,192,126,60,2505.00,1932.00,-573.00,-22.8743,113042,89,NC2_W5,88-90-84,DECINA,MULTIPLA,1,1,0,0,84,1.00,0.00,-1.00,-100.0000,,,,,,,,,,,,,,,,
2026-09-06 14:29:50,2026-09-06,SPY_CLOSE_H1,161,,1,,,,,,,192,126,60,2505.00,1932.00,-573.00,-22.8743,113043,17,NC3_W5_gap,87-76-89,ALTRO,MULTIPLA,1,1,0,0,87,1.00,0.00,-1.00,-100.0000,,,,,,,,,,,,,,,,
2026-09-06 14:29:50,2026-09-06,SPY_CLOSE_H1,161,,1,,,,,,,192,126,60,2505.00,1932.00,-573.00,-22.8743,113044,29,C1_exact,81-8-77,ALTRO,MULTIPLA,1,0,0,0,,1.00,0.00,-1.00,-100.0000,,,,,,,,,,,,,,,,
2026-09-06 14:29:50,2026-09-06,SPY_CLOSE_H1,161,,1,,,,,,,192,126,60,2505.00,1932.00,-573.00,-22.8743,113045,8,C1_exact,87-90-89,DECINA,MULTIPLA,1,1,0,0,87,1.00,0.00,-1.00,-100.0000,,,,,,,,,,,,,,,,
2026-09-06 14:29:50,2026-09-06,SPY_CLOSE_H1,161,,1,,,,,,,192,126,60,2505.00,1932.00,-573.00,-22.8743,113046,13,C1_exact,89-90-50,ALTRO,MULTIPLA,1,1,0,0,50,1.00,0.00,-1.00,-100.0000,,,,,,,,,,,,,,,,
2026-09-06 14:29:50,2026-09-06,SPY_CLOSE_H1,161,,1,,,,,,,192,126,60,2505.00,1932.00,-573.00,-22.8743,113047,24,C1_exact,88-69-87,ALTRO,MULTIPLA,1,1,0,0,87,1.00,0.00,-1.00,-100.0000,,,,,,,,,,,,,,,,
2026-09-06 14:29:50,2026-09-06,SPY_CLOSE_H1,161,,1,,,,,,,192,126,60,2505.00,1932.00,-573.00,-22.8743,113048,30,C2_exact,25-20-1,CATENA_5,FORTE,1,1,1,0,1-20,1.00,0.00,-1.00,-100.0000,,,,,,,,,,,,,,,,
2026-09-06 14:29:50,2026-09-06,SPY_CLOSE_H1,161,,1,,,,,,,192,126,60,2505.00,1932.00,-573.00,-22.8743,113049,50,NC2_W5,45-40-35,ZONA_40,FORTE,1,0,0,0,,1.00,0.00,-1.00,-100.0000,,,,,,,,,,,,,,,,
2026-09-06 14:29:50,2026-09-06,SUM9091_LAB_CLOSE,161,1898,10,57,,57-33-34,RAW_SUM_1047_REPEAT_FROM_E36_GAP_115_BEST_2_3_H1,,,192,126,60,2505.00,1932.00,-573.00,-22.8743,,,,,,,,,,,,,,,,,,,,,,,,,,,,,,,
2026-09-06 14:29:50,2026-09-06,SPY_OPEN,161,,,,,,,,,192,126,60,2505.00,1932.00,-573.00,-22.8743,113050,50,C2_exact,45-40-18,ZONA_40,MULTIPLA,,,,,,,,,,,,,,,,,,,,,,,,,
2026-09-06 14:29:50,2026-09-06,SPY_OPEN,161,,,,,,,,,192,126,60,2505.00,1932.00,-573.00,-22.8743,113051,87,C1_exact,55-6-3,ALTRO,MULTIPLA,,,,,,,,,,,,,,,,,,,,,,,,,
2026-09-06 14:29:50,2026-09-06,SPY_OPEN,161,,,,,,,,,192,126,60,2505.00,1932.00,-573.00,-22.8743,113052,50,NC3_W5_gap,45-40-20,ZONA_40,MULTIPLA,,,,,,,,,,,,,,,,,,,,,,,,,
2026-09-06 14:29:50,2026-09-06,SPY_OPEN,161,,,,,,,,,192,126,60,2505.00,1932.00,-573.00,-22.8743,113053,63,C2_exact,5-61-67,DECINA,MULTIPLA,,,,,,,,,,,,,,,,,,,,,,,,,
2026-09-06 14:29:50,2026-09-06,SPY_OPEN,161,,,,,,,,,192,126,60,2505.00,1932.00,-573.00,-22.8743,113054,84,C2_exact,87-89-86,DECINA,MULTIPLA,,,,,,,,,,,,,,,,,,,,,,,,,
2026-09-06 14:29:50,2026-09-06,SPY_OPEN,161,,,,,,,,,192,126,60,2505.00,1932.00,-573.00,-22.8743,113055,65,NC3_W5_gap,21-9-47,ALTRO,MULTIPLA,,,,,,,,,,,,,,,,,,,,,,,,,
2026-09-06 14:29:50,2026-09-06,SPY_OPEN,161,,,,,,,,,192,126,60,2505.00,1932.00,-573.00,-22.8743,113056,57,C2_exact,55-87-15,ALTRO,MULTIPLA,,,,,,,,,,,,,,,,,,,,,,,,,
2026-09-06 14:29:50,2026-09-06,SPY_OPEN,161,,,,,,,,,192,126,60,2505.00,1932.00,-573.00,-22.8743,113057,76,NC3_W5_gap,23-49-87,ALTRO,MULTIPLA,,,,,,,,,,,,,,,,,,,,,,,,,
2026-09-06 14:29:50,2026-09-06,SPY_OPEN,161,,,,,,,,,192,126,60,2505.00,1932.00,-573.00,-22.8743,113058,81,NC3_W5_gap,90-83-76,DECINA,MULTIPLA,,,,,,,,,,,,,,,,,,,,,,,,,
2026-09-06 14:29:50,2026-09-06,SPY_OPEN,161,,,,,,,,,192,126,60,2505.00,1932.00,-573.00,-22.8743,113059,51,NC2_W5,63-45-66,ALTRO,MULTIPLA,,,,,,,,,,,,,,,,,,,,,,,,,
2026-09-06 14:29:50,2026-09-06,SPY_OPEN,161,,,,,,,,,192,126,60,2505.00,1932.00,-573.00,-22.8743,113060,57,NC3_W5_gap,73-28-63,MOD5,MULTIPLA,,,,,,,,,,,,,,,,,,,,,,,,,
2026-09-06 14:29:50,2026-09-06,SPY_OPEN,161,,,,,,,,,192,126,60,2505.00,1932.00,-573.00,-22.8743,113061,1,NC2_W3_gap,90-85-73,ALTRO,MULTIPLA,,,,,,,,,,,,,,,,,,,,,,,,,
2026-09-06 14:29:50,2026-09-06,SPY_OPEN,161,,,,,,,,,192,126,60,2505.00,1932.00,-573.00,-22.8743,113062,89,NC2_W5,88-90-84,DECINA,MULTIPLA,,,,,,,,,,,,,,,,,,,,,,,,,
2026-09-06 14:29:50,2026-09-06,SPY_OPEN,161,,,,,,,,,192,126,60,2505.00,1932.00,-573.00,-22.8743,113063,14,NC2_W3_gap,89-90-88,DECINA,MULTIPLA,,,,,,,,,,,,,,,,,,,,,,,,,
2026-09-06 14:29:50,2026-09-06,SPY_OPEN,161,,,,,,,,,192,126,60,2505.00,1932.00,-573.00,-22.8743,113064,20,NC2_W3_gap,90-87-88,DECINA,MULTIPLA,,,,,,,,,,,,,,,,,,,,,,,,,
2026-09-06 14:29:50,2026-09-06,SPY_OPEN,161,,,,,,,,,192,126,60,2505.00,1932.00,-573.00,-22.8743,113065,4,NC2_W3_gap,90-88-89,DECINA,MULTIPLA,,,,,,,,,,,,,,,,,,,,,,,,,
2026-09-06 14:29:50,2026-09-06,SPY_OPEN,161,,,,,,,,,192,126,60,2505.00,1932.00,-573.00,-22.8743,113066,20,C1_exact,15-90-87,MOD5,MULTIPLA,,,,,,,,,,,,,,,,,,,,,,,,,
2026-09-06 14:29:50,2026-09-06,SPY_OPEN,161,,,,,,,,,192,126,60,2505.00,1932.00,-573.00,-22.8743,113067,15,C1_exact,10-89-88,ALTRO,MULTIPLA,,,,,,,,,,,,,,,,,,,,,,,,,
2026-09-06 14:29:50,2026-09-06,SPY_OPEN,161,,,,,,,,,192,126,60,2505.00,1932.00,-573.00,-22.8743,113068,18,C1_exact,90-86-87,DECINA,MULTIPLA,,,,,,,,,,,,,,,,,,,,,,,,,
2026-09-06 14:29:50,2026-09-06,SPY_OPEN,161,,,,,,,,,192,126,60,2505.00,1932.00,-573.00,-22.8743,113069,4,C1_exact,88-89-90,DECINA,MULTIPLA,,,,,,,,,,,,,,,,,,,,,,,,,
2026-09-06 14:29:50,2026-09-06,SPY_OPEN,161,,,,,,,,,192,126,60,2505.00,1932.00,-573.00,-22.8743,113070,14,C1_exact,90-89-88,DECINA,MULTIPLA,,,,,,,,,,,,,,,,,,,,,,,,,
2026-09-06 14:29:50,2026-09-06,SPY_OPEN,161,,,,,,,,,192,126,60,2505.00,1932.00,-573.00,-22.8743,113071,1,C1_exact,86-90-85,DECINA,MULTIPLA,,,,,,,,,,,,,,,,,,,,,,,,,
2026-09-06 14:29:50,2026-09-06,SUM9091_LAB_OPEN,161,1903,0,19,,19-71-72,REPEAT_RAW_SUM_919_FROM_E121_GAP_40_OCC_3,,,192,126,60,2505.00,1932.00,-573.00,-22.8743,,,,,,,,,,,,,,,,,,,,,,,,,,,,,,,
2026-09-06 14:29:50,2026-09-06,PAIRLAB_OPEN,161,,,,,,,,,192,126,60,2505.00,1932.00,-573.00,-22.8743,,,,,,,,,,,,,,,,,,,88-90,SHADOW_OPEN,,,raw=11|ind=6,,,,,,,,
2026-09-06 14:29:50,2026-09-06,PAIRLAB_OPEN,161,,,,,,,,,192,126,60,2505.00,1932.00,-573.00,-22.8743,,,,,,,,,,,,,,,,,,,89-90,SHADOW_OPEN,,,raw=8|ind=4,,,,,,,,
2026-09-06 14:29:50,2026-09-06,STRICTLAB_OPEN,161,,,,,,,,,192,126,60,2505.00,1932.00,-573.00,-22.8743,,,,,,,,,,,,,,,,,,,88-90,STRICT_LAB_OPEN,,,raw=11|ind=6|pairlab=212,,,,,,,,
2026-09-06 14:29:50,2026-09-06,SPY_CLOSE_H3,162,,3,,,,,,,192,126,60,2505.00,1932.00,-573.00,-22.8743,113010,89,NC2_W3_gap,15-10-70,MOD5,MULTIPLA,3,1,1,0,15-70,3.00,0.00,-3.00,-100.0000,,,,,,,,,,,,,,,,
2026-09-06 14:29:50,2026-09-06,SPY_CLOSE_H3,162,,3,,,,,,,192,126,60,2505.00,1932.00,-573.00,-22.8743,113011,20,C3plus,19-32-5,ALTRO,MULTIPLA,3,1,0,0,19,3.00,0.00,-3.00,-100.0000,,,,,,,,,,,,,,,,
2026-09-06 14:29:50,2026-09-06,SPY_CLOSE_H3,162,,3,,,,,,,192,126,60,2505.00,1932.00,-573.00,-22.8743,113012,89,C1_exact,55-70-33,ALTRO,MULTIPLA,3,1,1,0,55-70,3.00,0.00,-3.00,-100.0000,,,,,,,,,,,,,,,,
2026-09-06 14:29:50,2026-09-06,SPY_CLOSE_H3,162,,3,,,,,,,192,126,60,2505.00,1932.00,-573.00,-22.8743,113013,32,C2_exact,35-33-13,DECINA,MULTIPLA,3,1,0,0,13,3.00,0.00,-3.00,-100.0000,,,,,,,,,,,,,,,,
2026-09-06 14:29:50,2026-09-06,SPY_CLOSE_H3,162,,3,,,,,,,192,126,60,2505.00,1932.00,-573.00,-22.8743,113014,32,NC3_W5_gap,56-1-47,ALTRO,MULTIPLA,3,1,0,0,1,3.00,0.00,-3.00,-100.0000,,,,,,,,,,,,,,,,
2026-09-06 14:29:50,2026-09-06,SPY_CLOSE_H3,162,,3,,,,,,,192,126,60,2505.00,1932.00,-573.00,-22.8743,113015,76,NC2_W3_gap,41-49-48,DECINA,MULTIPLA,3,1,0,0,49,3.00,0.00,-3.00,-100.0000,,,,,,,,,,,,,,,,
2026-09-06 14:29:50,2026-09-06,SPY_CLOSE_H3,162,,3,,,,,,,192,126,60,2505.00,1932.00,-573.00,-22.8743,113016,64,NC3_W5_gap,69-44-83,MOD5,MULTIPLA,3,1,0,0,44,3.00,0.00,-3.00,-100.0000,,,,,,,,,,,,,,,,
2026-09-06 14:29:50,2026-09-06,SPY_CLOSE_H3,162,,3,,,,,,,192,126,60,2505.00,1932.00,-573.00,-22.8743,113017,7,NC2_W5,8-15-25,ALTRO,MULTIPLA,3,1,1,0,8-25,3.00,0.00,-3.00,-100.0000,,,,,,,,,,,,,,,,
2026-09-06 14:29:50,2026-09-06,SPY_CLOSE_H3,162,,3,,,,,,,192,126,60,2505.00,1932.00,-573.00,-22.8743,113018,45,NC3_W5_gap,35-40-77,MOD5,MULTIPLA,3,0,0,0,,3.00,0.00,-3.00,-100.0000,,,,,,,,,,,,,,,,
2026-09-06 14:29:50,2026-09-06,SPY_CLOSE_H3,162,,3,,,,,,,192,126,60,2505.00,1932.00,-573.00,-22.8743,113019,76,C1_exact,45-55-16,ALTRO,MULTIPLA,3,1,0,0,55,3.00,0.00,-3.00,-100.0000,,,,,,,,,,,,,,,,
2026-09-06 14:29:50,2026-09-06,SPY_CLOSE_H3,162,,3,,,,,,,192,126,60,2505.00,1932.00,-573.00,-22.8743,113020,17,NC2_W3_gap,90-87-89,DECINA,MULTIPLA,3,1,0,0,90,3.00,0.00,-3.00,-100.0000,,,,,,,,,,,,,,,,
2026-09-06 14:29:50,2026-09-06,SPY_CLOSE_H3,162,,3,,,,,,,192,126,60,2505.00,1932.00,-573.00,-22.8743,113021,17,NC3_W5_gap,87-76-89,ALTRO,MULTIPLA,3,1,0,0,76,3.00,0.00,-3.00,-100.0000,,,,,,,,,,,,,,,,
2026-09-06 14:29:50,2026-09-06,SPY_CLOSE_H3,162,,3,,,,,,,192,126,60,2505.00,1932.00,-573.00,-22.8743,113022,11,C1_exact,90-88-86,DECINA,MULTIPLA,3,1,0,0,90,3.00,0.00,-3.00,-100.0000,,,,,,,,,,,,,,,,
2026-09-06 14:29:50,2026-09-06,SPY_CLOSE_H3,162,,3,,,,,,,192,126,60,2505.00,1932.00,-573.00,-22.8743,113023,17,C1_exact,90-86-88,DECINA,MULTIPLA,3,1,0,0,90,3.00,0.00,-3.00,-100.0000,,,,,,,,,,,,,,,,
2026-09-06 14:29:50,2026-09-06,SPY_CLOSE_H3,162,,3,,,,,,,192,126,60,2505.00,1932.00,-573.00,-22.8743,113024,4,C1_exact,88-89-90,DECINA,MULTIPLA,3,1,0,0,90,3.00,0.00,-3.00,-100.0000,,,,,,,,,,,,,,,,
2026-09-06 14:29:50,2026-09-06,SPY_CLOSE_H3,162,,3,,,,,,,192,126,60,2505.00,1932.00,-573.00,-22.8743,113025,3,C1_exact,90-89-9,ALTRO,MULTIPLA,3,1,0,0,90,3.00,0.00,-3.00,-100.0000,,,,,,,,,,,,,,,,
2026-09-06 14:29:50,2026-09-06,SPY_CLOSE_H3,162,,3,,,,,,,192,126,60,2505.00,1932.00,-573.00,-22.8743,113026,14,C1_exact,90-89-88,DECINA,MULTIPLA,3,1,0,0,90,3.00,0.00,-3.00,-100.0000,,,,,,,,,,,,,,,,
2026-09-06 14:29:50,2026-09-06,SPY_CLOSE_H3,162,,3,,,,,,,192,126,60,2505.00,1932.00,-573.00,-22.8743,113027,1,C1_exact,86-90-85,DECINA,MULTIPLA,3,1,0,0,90,3.00,0.00,-3.00,-100.0000,,,,,,,,,,,,,,,,
2026-09-06 14:29:50,2026-09-06,SPY_CLOSE_H2,162,,2,,,,,,,192,126,60,2505.00,1932.00,-573.00,-22.8743,113028,81,NC2_W3_gap,55-68-34,ALTRO,MULTIPLA,2,1,0,0,55,2.00,0.00,-2.00,-100.0000,,,,,,,,,,,,,,,,
2026-09-06 14:29:50,2026-09-06,SPY_CLOSE_H2,162,,2,,,,,,,192,126,60,2505.00,1932.00,-573.00,-22.8743,113029,90,C1_exact,55-45-24,MOD5,MULTIPLA,2,1,0,0,55,2.00,0.00,-2.00,-100.0000,,,,,,,,,,,,,,,,
2026-09-06 14:29:50,2026-09-06,SPY_CLOSE_H2,162,,2,,,,,,,192,126,60,2505.00,1932.00,-573.00,-22.8743,113030,50,NC2_W3_gap,45-39-25,MOD5,MULTIPLA,2,1,0,0,25,2.00,0.00,-2.00,-100.0000,,,,,,,,,,,,,,,,
2026-09-06 14:29:50,2026-09-06,SPY_CLOSE_H2,162,,2,,,,,,,192,126,60,2505.00,1932.00,-573.00,-22.8743,113031,76,C2_exact,23-13-70,ALTRO,MULTIPLA,2,1,0,0,70,2.00,0.00,-2.00,-100.0000,,,,,,,,,,,,,,,,
2026-09-06 14:29:50,2026-09-06,SPY_CLOSE_H2,162,,2,,,,,,,192,126,60,2505.00,1932.00,-573.00,-22.8743,113032,50,C1_exact,45-39-81,ALTRO,MULTIPLA,2,0,0,0,,2.00,0.00,-2.00,-100.0000,,,,,,,,,,,,,,,,
2026-09-06 14:29:50,2026-09-06,SPY_CLOSE_H2,162,,2,,,,,,,192,126,60,2505.00,1932.00,-573.00,-22.8743,113033,65,NC3_W5_gap,21-9-47,ALTRO,MULTIPLA,2,0,0,0,,2.00,0.00,-2.00,-100.0000,,,,,,,,,,,,,,,,
2026-09-06 14:29:50,2026-09-06,SPY_CLOSE_H2,162,,2,,,,,,,192,126,60,2505.00,1932.00,-573.00,-22.8743,113034,65,NC2_W3_gap,79-66-80,ALTRO,MULTIPLA,2,1,0,0,80,2.00,0.00,-2.00,-100.0000,,,,,,,,,,,,,,,,
2026-09-06 14:29:50,2026-09-06,SPY_CLOSE_H2,162,,2,,,,,,,192,126,60,2505.00,1932.00,-573.00,-22.8743,113035,84,NC3_W5_gap,50-90-81,DECINA,MULTIPLA,2,1,0,0,50,2.00,0.00,-2.00,-100.0000,,,,,,,,,,,,,,,,
2026-09-06 14:29:50,2026-09-06,SPY_CLOSE_H2,162,,2,,,,,,,192,126,60,2505.00,1932.00,-573.00,-22.8743,113036,76,NC3_W5_gap,23-49-87,ALTRO,MULTIPLA,2,1,0,0,87,2.00,0.00,-2.00,-100.0000,,,,,,,,,,,,,,,,
2026-09-06 14:29:50,2026-09-06,SPY_CLOSE_H2,162,,2,,,,,,,192,126,60,2505.00,1932.00,-573.00,-22.8743,113037,81,NC3_W5_gap,90-83-76,DECINA,MULTIPLA,2,0,0,0,,2.00,0.00,-2.00,-100.0000,,,,,,,,,,,,,,,,
2026-09-06 14:29:50,2026-09-06,SPY_CLOSE_H2,162,,2,,,,,,,192,126,60,2505.00,1932.00,-573.00,-22.8743,113038,7,NC2_W5,8-15-25,ALTRO,MULTIPLA,2,1,1,0,15-25,2.00,0.00,-2.00,-100.0000,,,,,,,,,,,,,,,,
2026-09-06 14:29:50,2026-09-06,SPY_CLOSE_H2,162,,2,,,,,,,192,126,60,2505.00,1932.00,-573.00,-22.8743,113039,25,C1_exact,20-90-36,MOD5,MULTIPLA,2,1,0,0,20,2.00,0.00,-2.00,-100.0000,,,,,,,,,,,,,,,,
2026-09-06 14:29:50,2026-09-06,SPY_CLOSE_H2,162,,2,,,,,,,192,126,60,2505.00,1932.00,-573.00,-22.8743,113040,81,C1_exact,55-68-21,ALTRO,MULTIPLA,2,1,0,0,55,2.00,0.00,-2.00,-100.0000,,,,,,,,,,,,,,,,
2026-09-06 14:29:50,2026-09-06,SPY_CLOSE_H2,162,,2,,,,,,,192,126,60,2505.00,1932.00,-573.00,-22.8743,113041,90,NC2_W5,87-89-88,DECINA,MULTIPLA,2,1,0,0,87,2.00,0.00,-2.00,-100.0000,,,,,,,,,,,,,,,,
2026-09-06 14:29:50,2026-09-06,SPY_CLOSE_H2,162,,2,,,,,,,192,126,60,2505.00,1932.00,-573.00,-22.8743,113042,89,NC2_W5,88-90-84,DECINA,MULTIPLA,2,1,0,0,84,2.00,0.00,-2.00,-100.0000,,,,,,,,,,,,,,,,
2026-09-06 14:29:50,2026-09-06,SPY_CLOSE_H2,162,,2,,,,,,,192,126,60,2505.00,1932.00,-573.00,-22.8743,113043,17,NC3_W5_gap,87-76-89,ALTRO,MULTIPLA,2,1,0,0,87,2.00,0.00,-2.00,-100.0000,,,,,,,,,,,,,,,,
2026-09-06 14:29:50,2026-09-06,SPY_CLOSE_H2,162,,2,,,,,,,192,126,60,2505.00,1932.00,-573.00,-22.8743,113044,29,C1_exact,81-8-77,ALTRO,MULTIPLA,2,0,0,0,,2.00,0.00,-2.00,-100.0000,,,,,,,,,,,,,,,,
2026-09-06 14:29:50,2026-09-06,SPY_CLOSE_H2,162,,2,,,,,,,192,126,60,2505.00,1932.00,-573.00,-22.8743,113045,8,C1_exact,87-90-89,DECINA,MULTIPLA,2,1,0,0,87,2.00,0.00,-2.00,-100.0000,,,,,,,,,,,,,,,,
2026-09-06 14:29:50,2026-09-06,SPY_CLOSE_H2,162,,2,,,,,,,192,126,60,2505.00,1932.00,-573.00,-22.8743,113046,13,C1_exact,89-90-50,ALTRO,MULTIPLA,2,1,0,0,50,2.00,0.00,-2.00,-100.0000,,,,,,,,,,,,,,,,
2026-09-06 14:29:50,2026-09-06,SPY_CLOSE_H2,162,,2,,,,,,,192,126,60,2505.00,1932.00,-573.00,-22.8743,113047,24,C1_exact,88-69-87,ALTRO,MULTIPLA,2,1,0,0,87,2.00,0.00,-2.00,-100.0000,,,,,,,,,,,,,,,,
2026-09-06 14:29:50,2026-09-06,SPY_CLOSE_H2,162,,2,,,,,,,192,126,60,2505.00,1932.00,-573.00,-22.8743,113048,30,C2_exact,25-20-1,CATENA_5,FORTE,2,1,1,0,1-20,2.00,0.00,-2.00,-100.0000,,,,,,,,,,,,,,,,
2026-09-06 14:29:50,2026-09-06,SPY_CLOSE_H2,162,,2,,,,,,,192,126,60,2505.00,1932.00,-573.00,-22.8743,113049,50,NC2_W5,45-40-35,ZONA_40,FORTE,2,0,0,0,,2.00,0.00,-2.00,-100.0000,,,,,,,,,,,,,,,,
2026-09-06 14:29:50,2026-09-06,SPY_CLOSE_H1,162,,1,,,,,,,192,126,60,2505.00,1932.00,-573.00,-22.8743,113050,50,C2_exact,45-40-18,ZONA_40,MULTIPLA,1,0,0,0,,1.00,0.00,-1.00,-100.0000,,,,,,,,,,,,,,,,
2026-09-06 14:29:50,2026-09-06,SPY_CLOSE_H1,162,,1,,,,,,,192,126,60,2505.00,1932.00,-573.00,-22.8743,113051,87,C1_exact,55-6-3,ALTRO,MULTIPLA,1,0,0,0,,1.00,0.00,-1.00,-100.0000,,,,,,,,,,,,,,,,
2026-09-06 14:29:50,2026-09-06,SPY_CLOSE_H1,162,,1,,,,,,,192,126,60,2505.00,1932.00,-573.00,-22.8743,113052,50,NC3_W5_gap,45-40-20,ZONA_40,MULTIPLA,1,0,0,0,,1.00,0.00,-1.00,-100.0000,,,,,,,,,,,,,,,,
2026-09-06 14:29:50,2026-09-06,SPY_CLOSE_H1,162,,1,,,,,,,192,126,60,2505.00,1932.00,-573.00,-22.8743,113053,63,C2_exact,5-61-67,DECINA,MULTIPLA,1,1,0,0,61,1.00,0.00,-1.00,-100.0000,,,,,,,,,,,,,,,,
2026-09-06 14:29:50,2026-09-06,SPY_CLOSE_H1,162,,1,,,,,,,192,126,60,2505.00,1932.00,-573.00,-22.8743,113054,84,C2_exact,87-89-86,DECINA,MULTIPLA,1,0,0,0,,1.00,0.00,-1.00,-100.0000,,,,,,,,,,,,,,,,
2026-09-06 14:29:50,2026-09-06,SPY_CLOSE_H1,162,,1,,,,,,,192,126,60,2505.00,1932.00,-573.00,-22.8743,113055,65,NC3_W5_gap,21-9-47,ALTRO,MULTIPLA,1,0,0,0,,1.00,0.00,-1.00,-100.0000,,,,,,,,,,,,,,,,
2026-09-06 14:29:50,2026-09-06,SPY_CLOSE_H1,162,,1,,,,,,,192,126,60,2505.00,1932.00,-573.00,-22.8743,113056,57,C2_exact,55-87-15,ALTRO,MULTIPLA,1,1,0,0,15,1.00,0.00,-1.00,-100.0000,,,,,,,,,,,,,,,,
2026-09-06 14:29:50,2026-09-06,SPY_CLOSE_H1,162,,1,,,,,,,192,126,60,2505.00,1932.00,-573.00,-22.8743,113057,76,NC3_W5_gap,23-49-87,ALTRO,MULTIPLA,1,0,0,0,,1.00,0.00,-1.00,-100.0000,,,,,,,,,,,,,,,,
2026-09-06 14:29:50,2026-09-06,SPY_CLOSE_H1,162,,1,,,,,,,192,126,60,2505.00,1932.00,-573.00,-22.8743,113058,81,NC3_W5_gap,90-83-76,DECINA,MULTIPLA,1,0,0,0,,1.00,0.00,-1.00,-100.0000,,,,,,,,,,,,,,,,
2026-09-06 14:29:50,2026-09-06,SPY_CLOSE_H1,162,,1,,,,,,,192,126,60,2505.00,1932.00,-573.00,-22.8743,113059,51,NC2_W5,63-45-66,ALTRO,MULTIPLA,1,1,0,0,63,1.00,0.00,-1.00,-100.0000,,,,,,,,,,,,,,,,
2026-09-06 14:29:50,2026-09-06,SPY_CLOSE_H1,162,,1,,,,,,,192,126,60,2505.00,1932.00,-573.00,-22.8743,113060,57,NC3_W5_gap,73-28-63,MOD5,MULTIPLA,1,1,1,1,28-63-73,1.00,45.00,44.00,4400.0000,,,,,,,,,,,,,,,,
2026-09-06 14:29:50,2026-09-06,SPY_CLOSE_H1,162,,1,,,,,,,192,126,60,2505.00,1932.00,-573.00,-22.8743,113061,1,NC2_W3_gap,90-85-73,ALTRO,MULTIPLA,1,1,0,0,73,1.00,0.00,-1.00,-100.0000,,,,,,,,,,,,,,,,
2026-09-06 14:29:50,2026-09-06,SPY_CLOSE_H1,162,,1,,,,,,,192,126,60,2505.00,1932.00,-573.00,-22.8743,113062,89,NC2_W5,88-90-84,DECINA,MULTIPLA,1,0,0,0,,1.00,0.00,-1.00,-100.0000,,,,,,,,,,,,,,,,
2026-09-06 14:29:50,2026-09-06,SPY_CLOSE_H1,162,,1,,,,,,,192,126,60,2505.00,1932.00,-573.00,-22.8743,113063,14,NC2_W3_gap,89-90-88,DECINA,MULTIPLA,1,0,0,0,,1.00,0.00,-1.00,-100.0000,,,,,,,,,,,,,,,,
2026-09-06 14:29:50,2026-09-06,SPY_CLOSE_H1,162,,1,,,,,,,192,126,60,2505.00,1932.00,-573.00,-22.8743,113064,20,NC2_W3_gap,90-87-88,DECINA,MULTIPLA,1,0,0,0,,1.00,0.00,-1.00,-100.0000,,,,,,,,,,,,,,,,
2026-09-06 14:29:50,2026-09-06,SPY_CLOSE_H1,162,,1,,,,,,,192,126,60,2505.00,1932.00,-573.00,-22.8743,113065,4,NC2_W3_gap,90-88-89,DECINA,MULTIPLA,1,0,0,0,,1.00,0.00,-1.00,-100.0000,,,,,,,,,,,,,,,,
2026-09-06 14:29:50,2026-09-06,SPY_CLOSE_H1,162,,1,,,,,,,192,126,60,2505.00,1932.00,-573.00,-22.8743,113066,20,C1_exact,15-90-87,MOD5,MULTIPLA,1,1,0,0,15,1.00,0.00,-1.00,-100.0000,,,,,,,,,,,,,,,,
2026-09-06 14:29:50,2026-09-06,SPY_CLOSE_H1,162,,1,,,,,,,192,126,60,2505.00,1932.00,-573.00,-22.8743,113067,15,C1_exact,10-89-88,ALTRO,MULTIPLA,1,0,0,0,,1.00,0.00,-1.00,-100.0000,,,,,,,,,,,,,,,,
2026-09-06 14:29:50,2026-09-06,SPY_CLOSE_H1,162,,1,,,,,,,192,126,60,2505.00,1932.00,-573.00,-22.8743,113068,18,C1_exact,90-86-87,DECINA,MULTIPLA,1,0,0,0,,1.00,0.00,-1.00,-100.0000,,,,,,,,,,,,,,,,
2026-09-06 14:29:50,2026-09-06,SPY_CLOSE_H1,162,,1,,,,,,,192,126,60,2505.00,1932.00,-573.00,-22.8743,113069,4,C1_exact,88-89-90,DECINA,MULTIPLA,1,0,0,0,,1.00,0.00,-1.00,-100.0000,,,,,,,,,,,,,,,,
2026-09-06 14:29:50,2026-09-06,SPY_CLOSE_H1,162,,1,,,,,,,192,126,60,2505.00,1932.00,-573.00,-22.8743,113070,14,C1_exact,90-89-88,DECINA,MULTIPLA,1,0,0,0,,1.00,0.00,-1.00,-100.0000,,,,,,,,,,,,,,,,
2026-09-06 14:29:50,2026-09-06,SPY_CLOSE_H1,162,,1,,,,,,,192,126,60,2505.00,1932.00,-573.00,-22.8743,113071,1,C1_exact,86-90-85,DECINA,MULTIPLA,1,0,0,0,,1.00,0.00,-1.00,-100.0000,,,,,,,,,,,,,,,,
2026-09-06 14:29:50,2026-09-06,SPY_OPEN,162,,,,,,,,,192,126,60,2505.00,1932.00,-573.00,-22.8743,113072,15,C2_exact,10-5-52,CATENA_5,MULTIPLA,,,,,,,,,,,,,,,,,,,,,,,,,
2026-09-06 14:29:50,2026-09-06,SPY_OPEN,162,,,,,,,,,192,126,60,2505.00,1932.00,-573.00,-22.8743,113073,63,C3plus,29-51-6,ALTRO,MULTIPLA,,,,,,,,,,,,,,,,,,,,,,,,,
2026-09-06 14:29:50,2026-09-06,SPY_OPEN,162,,,,,,,,,192,126,60,2505.00,1932.00,-573.00,-22.8743,113074,30,NC2_W3_gap,25-2-10,CATENA_5,MULTIPLA,,,,,,,,,,,,,,,,,,,,,,,,,
2026-09-06 14:29:50,2026-09-06,SPY_OPEN,162,,,,,,,,,192,126,60,2505.00,1932.00,-573.00,-22.8743,113075,20,NC3_W5_gap,10-5-15,CATENA_5,MULTIPLA,,,,,,,,,,,,,,,,,,,,,,,,,
2026-09-06 14:29:50,2026-09-06,SPY_OPEN,162,,,,,,,,,192,126,60,2505.00,1932.00,-573.00,-22.8743,113076,65,NC3_W5_gap,21-9-47,ALTRO,MULTIPLA,,,,,,,,,,,,,,,,,,,,,,,,,
2026-09-06 14:29:50,2026-09-06,SPY_OPEN,162,,,,,,,,,192,126,60,2505.00,1932.00,-573.00,-22.8743,113077,65,NC2_W3_gap,79-66-80,ALTRO,MULTIPLA,,,,,,,,,,,,,,,,,,,,,,,,,
2026-09-06 14:29:50,2026-09-06,SPY_OPEN,162,,,,,,,,,192,126,60,2505.00,1932.00,-573.00,-22.8743,113078,84,NC3_W5_gap,50-90-81,DECINA,MULTIPLA,,,,,,,,,,,,,,,,,,,,,,,,,
2026-09-06 14:29:50,2026-09-06,SPY_OPEN,162,,,,,,,,,192,126,60,2505.00,1932.00,-573.00,-22.8743,113079,25,NC2_W3_gap,20-90-24,MOD5,MULTIPLA,,,,,,,,,,,,,,,,,,,,,,,,,
2026-09-06 14:29:50,2026-09-06,SPY_OPEN,162,,,,,,,,,192,126,60,2505.00,1932.00,-573.00,-22.8743,113080,25,NC2_W5,20-46-6,ALTRO,MULTIPLA,,,,,,,,,,,,,,,,,,,,,,,,,
2026-09-06 14:29:50,2026-09-06,SPY_OPEN,162,,,,,,,,,192,126,60,2505.00,1932.00,-573.00,-22.8743,113081,51,NC2_W5,63-45-66,ALTRO,MULTIPLA,,,,,,,,,,,,,,,,,,,,,,,,,
2026-09-06 14:29:50,2026-09-06,SPY_OPEN,162,,,,,,,,,192,126,60,2505.00,1932.00,-573.00,-22.8743,113082,30,NC3_W5_gap,10-25-15,CATENA_5,MULTIPLA,,,,,,,,,,,,,,,,,,,,,,,,,
2026-09-06 14:29:50,2026-09-06,SPY_OPEN,162,,,,,,,,,192,126,60,2505.00,1932.00,-573.00,-22.8743,113083,25,C1_exact,20-90-36,MOD5,MULTIPLA,,,,,,,,,,,,,,,,,,,,,,,,,
2026-09-06 14:29:50,2026-09-06,SPY_OPEN,162,,,,,,,,,192,126,60,2505.00,1932.00,-573.00,-22.8743,113084,80,C1_exact,3-55-44,ALTRO,MULTIPLA,,,,,,,,,,,,,,,,,,,,,,,,,
2026-09-06 14:29:50,2026-09-06,SPY_OPEN,162,,,,,,,,,192,126,60,2505.00,1932.00,-573.00,-22.8743,113085,61,C1_exact,19-59-83,ALTRO,MULTIPLA,,,,,,,,,,,,,,,,,,,,,,,,,
2026-09-06 14:29:50,2026-09-06,SPY_OPEN,162,,,,,,,,,192,126,60,2505.00,1932.00,-573.00,-22.8743,113086,19,C1_exact,89-85-90,DECINA,MULTIPLA,,,,,,,,,,,,,,,,,,,,,,,,,
2026-09-06 14:29:50,2026-09-06,SPY_OPEN,162,,,,,,,,,192,126,60,2505.00,1932.00,-573.00,-22.8743,113087,17,C1_exact,90-86-88,DECINA,MULTIPLA,,,,,,,,,,,,,,,,,,,,,,,,,
2026-09-06 14:29:50,2026-09-06,SPY_OPEN,162,,,,,,,,,192,126,60,2505.00,1932.00,-573.00,-22.8743,113088,50,NC3_W5_gap,45-40-20,ZONA_40,FORTE,,,,,,,,,,,,,,,,,,,,,,,,,
2026-09-06 14:29:50,2026-09-06,SUM9091_LAB_OPEN,162,1904,0,46,,46-44-45,REPEAT_RAW_SUM_946_FROM_E29_GAP_133_OCC_2,,,192,126,60,2505.00,1932.00,-573.00,-22.8743,,,,,,,,,,,,,,,,,,,,,,,,,,,,,,,
2026-09-06 14:29:50,2026-09-06,SPY_CLOSE_H3,163,,3,,,,,,,192,126,60,2505.00,1932.00,-573.00,-22.8743,113028,81,NC2_W3_gap,55-68-34,ALTRO,MULTIPLA,3,1,0,0,55,3.00,0.00,-3.00,-100.0000,,,,,,,,,,,,,,,,
2026-09-06 14:29:50,2026-09-06,SPY_CLOSE_H3,163,,3,,,,,,,192,126,60,2505.00,1932.00,-573.00,-22.8743,113029,90,C1_exact,55-45-24,MOD5,MULTIPLA,3,1,0,0,55,3.00,0.00,-3.00,-100.0000,,,,,,,,,,,,,,,,
2026-09-06 14:29:50,2026-09-06,SPY_CLOSE_H3,163,,3,,,,,,,192,126,60,2505.00,1932.00,-573.00,-22.8743,113030,50,NC2_W3_gap,45-39-25,MOD5,MULTIPLA,3,1,0,0,25,3.00,0.00,-3.00,-100.0000,,,,,,,,,,,,,,,,
2026-09-06 14:29:50,2026-09-06,SPY_CLOSE_H3,163,,3,,,,,,,192,126,60,2505.00,1932.00,-573.00,-22.8743,113031,76,C2_exact,23-13-70,ALTRO,MULTIPLA,3,1,0,0,70,3.00,0.00,-3.00,-100.0000,,,,,,,,,,,,,,,,
2026-09-06 14:29:50,2026-09-06,SPY_CLOSE_H3,163,,3,,,,,,,192,126,60,2505.00,1932.00,-573.00,-22.8743,113032,50,C1_exact,45-39-81,ALTRO,MULTIPLA,3,1,0,0,45,3.00,0.00,-3.00,-100.0000,,,,,,,,,,,,,,,,
2026-09-06 14:29:50,2026-09-06,SPY_CLOSE_H3,163,,3,,,,,,,192,126,60,2505.00,1932.00,-573.00,-22.8743,113033,65,NC3_W5_gap,21-9-47,ALTRO,MULTIPLA,3,0,0,0,,3.00,0.00,-3.00,-100.0000,,,,,,,,,,,,,,,,
2026-09-06 14:29:50,2026-09-06,SPY_CLOSE_H3,163,,3,,,,,,,192,126,60,2505.00,1932.00,-573.00,-22.8743,113034,65,NC2_W3_gap,79-66-80,ALTRO,MULTIPLA,3,1,1,0,66-80,3.00,0.00,-3.00,-100.0000,,,,,,,,,,,,,,,,
2026-09-06 14:29:50,2026-09-06,SPY_CLOSE_H3,163,,3,,,,,,,192,126,60,2505.00,1932.00,-573.00,-22.8743,113035,84,NC3_W5_gap,50-90-81,DECINA,MULTIPLA,3,1,0,0,50,3.00,0.00,-3.00,-100.0000,,,,,,,,,,,,,,,,
2026-09-06 14:29:50,2026-09-06,SPY_CLOSE_H3,163,,3,,,,,,,192,126,60,2505.00,1932.00,-573.00,-22.8743,113036,76,NC3_W5_gap,23-49-87,ALTRO,MULTIPLA,3,1,0,0,87,3.00,0.00,-3.00,-100.0000,,,,,,,,,,,,,,,,
2026-09-06 14:29:50,2026-09-06,SPY_CLOSE_H3,163,,3,,,,,,,192,126,60,2505.00,1932.00,-573.00,-22.8743,113037,81,NC3_W5_gap,90-83-76,DECINA,MULTIPLA,3,0,0,0,,3.00,0.00,-3.00,-100.0000,,,,,,,,,,,,,,,,
2026-09-06 14:29:50,2026-09-06,SPY_CLOSE_H3,163,,3,,,,,,,192,126,60,2505.00,1932.00,-573.00,-22.8743,113038,7,NC2_W5,8-15-25,ALTRO,MULTIPLA,3,1,1,0,15-25,3.00,0.00,-3.00,-100.0000,,,,,,,,,,,,,,,,
2026-09-06 14:29:50,2026-09-06,SPY_CLOSE_H3,163,,3,,,,,,,192,126,60,2505.00,1932.00,-573.00,-22.8743,113039,25,C1_exact,20-90-36,MOD5,MULTIPLA,3,1,0,0,20,3.00,0.00,-3.00,-100.0000,,,,,,,,,,,,,,,,
2026-09-06 14:29:50,2026-09-06,SPY_CLOSE_H3,163,,3,,,,,,,192,126,60,2505.00,1932.00,-573.00,-22.8743,113040,81,C1_exact,55-68-21,ALTRO,MULTIPLA,3,1,0,0,55,3.00,0.00,-3.00,-100.0000,,,,,,,,,,,,,,,,
2026-09-06 14:29:50,2026-09-06,SPY_CLOSE_H3,163,,3,,,,,,,192,126,60,2505.00,1932.00,-573.00,-22.8743,113041,90,NC2_W5,87-89-88,DECINA,MULTIPLA,3,1,0,0,87,3.00,0.00,-3.00,-100.0000,,,,,,,,,,,,,,,,
2026-09-06 14:29:50,2026-09-06,SPY_CLOSE_H3,163,,3,,,,,,,192,126,60,2505.00,1932.00,-573.00,-22.8743,113042,89,NC2_W5,88-90-84,DECINA,MULTIPLA,3,1,0,0,84,3.00,0.00,-3.00,-100.0000,,,,,,,,,,,,,,,,
2026-09-06 14:29:50,2026-09-06,SPY_CLOSE_H3,163,,3,,,,,,,192,126,60,2505.00,1932.00,-573.00,-22.8743,113043,17,NC3_W5_gap,87-76-89,ALTRO,MULTIPLA,3,1,0,0,87,3.00,0.00,-3.00,-100.0000,,,,,,,,,,,,,,,,
2026-09-06 14:29:50,2026-09-06,SPY_CLOSE_H3,163,,3,,,,,,,192,126,60,2505.00,1932.00,-573.00,-22.8743,113044,29,C1_exact,81-8-77,ALTRO,MULTIPLA,3,0,0,0,,3.00,0.00,-3.00,-100.0000,,,,,,,,,,,,,,,,
2026-09-06 14:29:50,2026-09-06,SPY_CLOSE_H3,163,,3,,,,,,,192,126,60,2505.00,1932.00,-573.00,-22.8743,113045,8,C1_exact,87-90-89,DECINA,MULTIPLA,3,1,0,0,87,3.00,0.00,-3.00,-100.0000,,,,,,,,,,,,,,,,
2026-09-06 14:29:50,2026-09-06,SPY_CLOSE_H3,163,,3,,,,,,,192,126,60,2505.00,1932.00,-573.00,-22.8743,113046,13,C1_exact,89-90-50,ALTRO,MULTIPLA,3,1,0,0,50,3.00,0.00,-3.00,-100.0000,,,,,,,,,,,,,,,,
2026-09-06 14:29:50,2026-09-06,SPY_CLOSE_H3,163,,3,,,,,,,192,126,60,2505.00,1932.00,-573.00,-22.8743,113047,24,C1_exact,88-69-87,ALTRO,MULTIPLA,3,1,0,0,87,3.00,0.00,-3.00,-100.0000,,,,,,,,,,,,,,,,
2026-09-06 14:29:50,2026-09-06,SPY_CLOSE_H3,163,,3,,,,,,,192,126,60,2505.00,1932.00,-573.00,-22.8743,113048,30,C2_exact,25-20-1,CATENA_5,FORTE,3,1,1,0,1-20,3.00,0.00,-3.00,-100.0000,,,,,,,,,,,,,,,,
2026-09-06 14:29:50,2026-09-06,SPY_CLOSE_H3,163,,3,,,,,,,192,126,60,2505.00,1932.00,-573.00,-22.8743,113049,50,NC2_W5,45-40-35,ZONA_40,FORTE,3,1,0,0,45,3.00,0.00,-3.00,-100.0000,,,,,,,,,,,,,,,,
2026-09-06 14:29:50,2026-09-06,SPY_CLOSE_H2,163,,2,,,,,,,192,126,60,2505.00,1932.00,-573.00,-22.8743,113050,50,C2_exact,45-40-18,ZONA_40,MULTIPLA,2,1,1,0,18-45,2.00,0.00,-2.00,-100.0000,,,,,,,,,,,,,,,,
2026-09-06 14:29:50,2026-09-06,SPY_CLOSE_H2,163,,2,,,,,,,192,126,60,2505.00,1932.00,-573.00,-22.8743,113051,87,C1_exact,55-6-3,ALTRO,MULTIPLA,2,0,0,0,,2.00,0.00,-2.00,-100.0000,,,,,,,,,,,,,,,,
2026-09-06 14:29:50,2026-09-06,SPY_CLOSE_H2,163,,2,,,,,,,192,126,60,2505.00,1932.00,-573.00,-22.8743,113052,50,NC3_W5_gap,45-40-20,ZONA_40,MULTIPLA,2,1,1,0,20-45,2.00,0.00,-2.00,-100.0000,,,,,,,,,,,,,,,,
2026-09-06 14:29:50,2026-09-06,SPY_CLOSE_H2,163,,2,,,,,,,192,126,60,2505.00,1932.00,-573.00,-22.8743,113053,63,C2_exact,5-61-67,DECINA,MULTIPLA,2,1,0,0,61,2.00,0.00,-2.00,-100.0000,,,,,,,,,,,,,,,,
2026-09-06 14:29:50,2026-09-06,SPY_CLOSE_H2,163,,2,,,,,,,192,126,60,2505.00,1932.00,-573.00,-22.8743,113054,84,C2_exact,87-89-86,DECINA,MULTIPLA,2,1,0,0,87,2.00,0.00,-2.00,-100.0000,,,,,,,,,,,,,,,,
2026-09-06 14:29:50,2026-09-06,SPY_CLOSE_H2,163,,2,,,,,,,192,126,60,2505.00,1932.00,-573.00,-22.8743,113055,65,NC3_W5_gap,21-9-47,ALTRO,MULTIPLA,2,0,0,0,,2.00,0.00,-2.00,-100.0000,,,,,,,,,,,,,,,,
2026-09-06 14:29:50,2026-09-06,SPY_CLOSE_H2,163,,2,,,,,,,192,126,60,2505.00,1932.00,-573.00,-22.8743,113056,57,C2_exact,55-87-15,ALTRO,MULTIPLA,2,1,1,0,15-87,2.00,0.00,-2.00,-100.0000,,,,,,,,,,,,,,,,
2026-09-06 14:29:50,2026-09-06,SPY_CLOSE_H2,163,,2,,,,,,,192,126,60,2505.00,1932.00,-573.00,-22.8743,113057,76,NC3_W5_gap,23-49-87,ALTRO,MULTIPLA,2,1,0,0,87,2.00,0.00,-2.00,-100.0000,,,,,,,,,,,,,,,,
2026-09-06 14:29:50,2026-09-06,SPY_CLOSE_H2,163,,2,,,,,,,192,126,60,2505.00,1932.00,-573.00,-22.8743,113058,81,NC3_W5_gap,90-83-76,DECINA,MULTIPLA,2,0,0,0,,2.00,0.00,-2.00,-100.0000,,,,,,,,,,,,,,,,
2026-09-06 14:29:50,2026-09-06,SPY_CLOSE_H2,163,,2,,,,,,,192,126,60,2505.00,1932.00,-573.00,-22.8743,113059,51,NC2_W5,63-45-66,ALTRO,MULTIPLA,2,1,1,1,45-63-66,2.00,45.00,43.00,2150.0000,,,,,,,,,,,,,,,,
2026-09-06 14:29:50,2026-09-06,SPY_CLOSE_H2,163,,2,,,,,,,192,126,60,2505.00,1932.00,-573.00,-22.8743,113060,57,NC3_W5_gap,73-28-63,MOD5,MULTIPLA,2,1,1,1,28-63-73,1.00,45.00,44.00,4400.0000,,,,,,,,,,,,,,,,
2026-09-06 14:29:50,2026-09-06,SPY_CLOSE_H2,163,,2,,,,,,,192,126,60,2505.00,1932.00,-573.00,-22.8743,113061,1,NC2_W3_gap,90-85-73,ALTRO,MULTIPLA,2,1,0,0,73,2.00,0.00,-2.00,-100.0000,,,,,,,,,,,,,,,,
2026-09-06 14:29:50,2026-09-06,SPY_CLOSE_H2,163,,2,,,,,,,192,126,60,2505.00,1932.00,-573.00,-22.8743,113062,89,NC2_W5,88-90-84,DECINA,MULTIPLA,2,0,0,0,,2.00,0.00,-2.00,-100.0000,,,,,,,,,,,,,,,,
2026-09-06 14:29:50,2026-09-06,SPY_CLOSE_H2,163,,2,,,,,,,192,126,60,2505.00,1932.00,-573.00,-22.8743,113063,14,NC2_W3_gap,89-90-88,DECINA,MULTIPLA,2,0,0,0,,2.00,0.00,-2.00,-100.0000,,,,,,,,,,,,,,,,
2026-09-06 14:29:50,2026-09-06,SPY_CLOSE_H2,163,,2,,,,,,,192,126,60,2505.00,1932.00,-573.00,-22.8743,113064,20,NC2_W3_gap,90-87-88,DECINA,MULTIPLA,2,1,0,0,87,2.00,0.00,-2.00,-100.0000,,,,,,,,,,,,,,,,
2026-09-06 14:29:50,2026-09-06,SPY_CLOSE_H2,163,,2,,,,,,,192,126,60,2505.00,1932.00,-573.00,-22.8743,113065,4,NC2_W3_gap,90-88-89,DECINA,MULTIPLA,2,0,0,0,,2.00,0.00,-2.00,-100.0000,,,,,,,,,,,,,,,,
2026-09-06 14:29:50,2026-09-06,SPY_CLOSE_H2,163,,2,,,,,,,192,126,60,2505.00,1932.00,-573.00,-22.8743,113066,20,C1_exact,15-90-87,MOD5,MULTIPLA,2,1,1,0,15-87,2.00,0.00,-2.00,-100.0000,,,,,,,,,,,,,,,,
2026-09-06 14:29:50,2026-09-06,SPY_CLOSE_H2,163,,2,,,,,,,192,126,60,2505.00,1932.00,-573.00,-22.8743,113067,15,C1_exact,10-89-88,ALTRO,MULTIPLA,2,0,0,0,,2.00,0.00,-2.00,-100.0000,,,,,,,,,,,,,,,,
2026-09-06 14:29:50,2026-09-06,SPY_CLOSE_H2,163,,2,,,,,,,192,126,60,2505.00,1932.00,-573.00,-22.8743,113068,18,C1_exact,90-86-87,DECINA,MULTIPLA,2,1,0,0,87,2.00,0.00,-2.00,-100.0000,,,,,,,,,,,,,,,,
2026-09-06 14:29:50,2026-09-06,SPY_CLOSE_H2,163,,2,,,,,,,192,126,60,2505.00,1932.00,-573.00,-22.8743,113069,4,C1_exact,88-89-90,DECINA,MULTIPLA,2,0,0,0,,2.00,0.00,-2.00,-100.0000,,,,,,,,,,,,,,,,
2026-09-06 14:29:50,2026-09-06,SPY_CLOSE_H2,163,,2,,,,,,,192,126,60,2505.00,1932.00,-573.00,-22.8743,113070,14,C1_exact,90-89-88,DECINA,MULTIPLA,2,0,0,0,,2.00,0.00,-2.00,-100.0000,,,,,,,,,,,,,,,,
2026-09-06 14:29:50,2026-09-06,SPY_CLOSE_H2,163,,2,,,,,,,192,126,60,2505.00,1932.00,-573.00,-22.8743,113071,1,C1_exact,86-90-85,DECINA,MULTIPLA,2,0,0,0,,2.00,0.00,-2.00,-100.0000,,,,,,,,,,,,,,,,
2026-09-06 14:29:50,2026-09-06,SPY_CLOSE_H1,163,,1,,,,,,,192,126,60,2505.00,1932.00,-573.00,-22.8743,113072,15,C2_exact,10-5-52,CATENA_5,MULTIPLA,1,1,0,0,5,1.00,0.00,-1.00,-100.0000,,,,,,,,,,,,,,,,
2026-09-06 14:29:50,2026-09-06,SPY_CLOSE_H1,163,,1,,,,,,,192,126,60,2505.00,1932.00,-573.00,-22.8743,113073,63,C3plus,29-51-6,ALTRO,MULTIPLA,1,0,0,0,,1.00,0.00,-1.00,-100.0000,,,,,,,,,,,,,,,,
2026-09-06 14:29:50,2026-09-06,SPY_CLOSE_H1,163,,1,,,,,,,192,126,60,2505.00,1932.00,-573.00,-22.8743,113074,30,NC2_W3_gap,25-2-10,CATENA_5,MULTIPLA,1,0,0,0,,1.00,0.00,-1.00,-100.0000,,,,,,,,,,,,,,,,
2026-09-06 14:29:50,2026-09-06,SPY_CLOSE_H1,163,,1,,,,,,,192,126,60,2505.00,1932.00,-573.00,-22.8743,113075,20,NC3_W5_gap,10-5-15,CATENA_5,MULTIPLA,1,1,1,0,5-15,1.00,0.00,-1.00,-100.0000,,,,,,,,,,,,,,,,
2026-09-06 14:29:50,2026-09-06,SPY_CLOSE_H1,163,,1,,,,,,,192,126,60,2505.00,1932.00,-573.00,-22.8743,113076,65,NC3_W5_gap,21-9-47,ALTRO,MULTIPLA,1,0,0,0,,1.00,0.00,-1.00,-100.0000,,,,,,,,,,,,,,,,
2026-09-06 14:29:50,2026-09-06,SPY_CLOSE_H1,163,,1,,,,,,,192,126,60,2505.00,1932.00,-573.00,-22.8743,113077,65,NC2_W3_gap,79-66-80,ALTRO,MULTIPLA,1,1,1,0,66-80,1.00,0.00,-1.00,-100.0000,,,,,,,,,,,,,,,,
2026-09-06 14:29:50,2026-09-06,SPY_CLOSE_H1,163,,1,,,,,,,192,126,60,2505.00,1932.00,-573.00,-22.8743,113078,84,NC3_W5_gap,50-90-81,DECINA,MULTIPLA,1,0,0,0,,1.00,0.00,-1.00,-100.0000,,,,,,,,,,,,,,,,
2026-09-06 14:29:50,2026-09-06,SPY_CLOSE_H1,163,,1,,,,,,,192,126,60,2505.00,1932.00,-573.00,-22.8743,113079,25,NC2_W3_gap,20-90-24,MOD5,MULTIPLA,1,1,0,0,20,1.00,0.00,-1.00,-100.0000,,,,,,,,,,,,,,,,
2026-09-06 14:29:50,2026-09-06,SPY_CLOSE_H1,163,,1,,,,,,,192,126,60,2505.00,1932.00,-573.00,-22.8743,113080,25,NC2_W5,20-46-6,ALTRO,MULTIPLA,1,1,0,0,20,1.00,0.00,-1.00,-100.0000,,,,,,,,,,,,,,,,
2026-09-06 14:29:50,2026-09-06,SPY_CLOSE_H1,163,,1,,,,,,,192,126,60,2505.00,1932.00,-573.00,-22.8743,113081,51,NC2_W5,63-45-66,ALTRO,MULTIPLA,1,1,1,1,45-63-66,1.00,45.00,44.00,4400.0000,,,,,,,,,,,,,,,,
2026-09-06 14:29:50,2026-09-06,SPY_CLOSE_H1,163,,1,,,,,,,192,126,60,2505.00,1932.00,-573.00,-22.8743,113082,30,NC3_W5_gap,10-25-15,CATENA_5,MULTIPLA,1,1,0,0,15,1.00,0.00,-1.00,-100.0000,,,,,,,,,,,,,,,,
2026-09-06 14:29:50,2026-09-06,SPY_CLOSE_H1,163,,1,,,,,,,192,126,60,2505.00,1932.00,-573.00,-22.8743,113083,25,C1_exact,20-90-36,MOD5,MULTIPLA,1,1,0,0,20,1.00,0.00,-1.00,-100.0000,,,,,,,,,,,,,,,,
2026-09-06 14:29:50,2026-09-06,SPY_CLOSE_H1,163,,1,,,,,,,192,126,60,2505.00,1932.00,-573.00,-22.8743,113084,80,C1_exact,3-55-44,ALTRO,MULTIPLA,1,0,0,0,,1.00,0.00,-1.00,-100.0000,,,,,,,,,,,,,,,,
2026-09-06 14:29:50,2026-09-06,SPY_CLOSE_H1,163,,1,,,,,,,192,126,60,2505.00,1932.00,-573.00,-22.8743,113085,61,C1_exact,19-59-83,ALTRO,MULTIPLA,1,0,0,0,,1.00,0.00,-1.00,-100.0000,,,,,,,,,,,,,,,,
2026-09-06 14:29:50,2026-09-06,SPY_CLOSE_H1,163,,1,,,,,,,192,126,60,2505.00,1932.00,-573.00,-22.8743,113086,19,C1_exact,89-85-90,DECINA,MULTIPLA,1,0,0,0,,1.00,0.00,-1.00,-100.0000,,,,,,,,,,,,,,,,
2026-09-06 14:29:50,2026-09-06,SPY_CLOSE_H1,163,,1,,,,,,,192,126,60,2505.00,1932.00,-573.00,-22.8743,113087,17,C1_exact,90-86-88,DECINA,MULTIPLA,1,0,0,0,,1.00,0.00,-1.00,-100.0000,,,,,,,,,,,,,,,,
2026-09-06 14:29:50,2026-09-06,SPY_CLOSE_H1,163,,1,,,,,,,192,126,60,2505.00,1932.00,-573.00,-22.8743,113088,50,NC3_W5_gap,45-40-20,ZONA_40,FORTE,1,1,1,0,20-45,1.00,0.00,-1.00,-100.0000,,,,,,,,,,,,,,,,
2026-09-06 14:29:50,2026-09-06,SUM9091_LAB_CLOSE,163,1899,10,80,,80-10-11,RAW_SUM_890_REPEAT_FROM_E132_GAP_21_BEST_1_3_H6,,,192,126,60,2505.00,1932.00,-573.00,-22.8743,,,,,,,,,,,,,,,,,,,,,,,,,,,,,,,
2026-09-06 14:29:50,2026-09-06,SPY_OPEN,163,,,,,,,,,192,126,60,2505.00,1932.00,-573.00,-22.8743,113089,87,NC2_W3_gap,25-33-6,ALTRO,MULTIPLA,,,,,,,,,,,,,,,,,,,,,,,,,
2026-09-06 14:29:50,2026-09-06,SPY_OPEN,163,,,,,,,,,192,126,60,2505.00,1932.00,-573.00,-22.8743,113090,87,C1_exact,55-6-3,ALTRO,MULTIPLA,,,,,,,,,,,,,,,,,,,,,,,,,
2026-09-06 14:29:50,2026-09-06,SPY_OPEN,163,,,,,,,,,192,126,60,2505.00,1932.00,-573.00,-22.8743,113091,63,C3plus,29-51-6,ALTRO,MULTIPLA,,,,,,,,,,,,,,,,,,,,,,,,,
2026-09-06 14:29:50,2026-09-06,SPY_OPEN,163,,,,,,,,,192,126,60,2505.00,1932.00,-573.00,-22.8743,113092,20,NC3_W5_gap,10-5-15,CATENA_5,MULTIPLA,,,,,,,,,,,,,,,,,,,,,,,,,
2026-09-06 14:29:50,2026-09-06,SPY_OPEN,163,,,,,,,,,192,126,60,2505.00,1932.00,-573.00,-22.8743,113093,65,NC3_W5_gap,21-9-47,ALTRO,MULTIPLA,,,,,,,,,,,,,,,,,,,,,,,,,
2026-09-06 14:29:50,2026-09-06,SPY_OPEN,163,,,,,,,,,192,126,60,2505.00,1932.00,-573.00,-22.8743,113094,25,NC2_W5,20-46-6,ALTRO,MULTIPLA,,,,,,,,,,,,,,,,,,,,,,,,,
2026-09-06 14:29:50,2026-09-06,SPY_OPEN,163,,,,,,,,,192,126,60,2505.00,1932.00,-573.00,-22.8743,113095,51,NC2_W5,63-45-66,ALTRO,MULTIPLA,,,,,,,,,,,,,,,,,,,,,,,,,
2026-09-06 14:29:50,2026-09-06,SPY_OPEN,163,,,,,,,,,192,126,60,2505.00,1932.00,-573.00,-22.8743,113096,30,NC3_W5_gap,10-25-15,CATENA_5,MULTIPLA,,,,,,,,,,,,,,,,,,,,,,,,,
2026-09-06 14:29:50,2026-09-06,SPY_OPEN,163,,,,,,,,,192,126,60,2505.00,1932.00,-573.00,-22.8743,113097,45,C1_exact,40-35-90,MOD5,MULTIPLA,,,,,,,,,,,,,,,,,,,,,,,,,
2026-09-06 14:29:50,2026-09-06,SPY_OPEN,163,,,,,,,,,192,126,60,2505.00,1932.00,-573.00,-22.8743,113098,18,NC2_W5,16-11-44,DECINA,MULTIPLA,,,,,,,,,,,,,,,,,,,,,,,,,
2026-09-06 14:29:50,2026-09-06,SPY_OPEN,163,,,,,,,,,192,126,60,2505.00,1932.00,-573.00,-22.8743,113099,18,NC2_W3_gap,90-88-89,DECINA,MULTIPLA,,,,,,,,,,,,,,,,,,,,,,,,,
2026-09-06 14:29:50,2026-09-06,SPY_OPEN,163,,,,,,,,,192,126,60,2505.00,1932.00,-573.00,-22.8743,113100,87,NC2_W5,90-89-88,DECINA,MULTIPLA,,,,,,,,,,,,,,,,,,,,,,,,,
2026-09-06 14:29:50,2026-09-06,SPY_OPEN,163,,,,,,,,,192,126,60,2505.00,1932.00,-573.00,-22.8743,113101,20,NC2_W3_gap,90-87-88,DECINA,MULTIPLA,,,,,,,,,,,,,,,,,,,,,,,,,
2026-09-06 14:29:50,2026-09-06,SPY_OPEN,163,,,,,,,,,192,126,60,2505.00,1932.00,-573.00,-22.8743,113102,20,C1_exact,15-90-87,MOD5,MULTIPLA,,,,,,,,,,,,,,,,,,,,,,,,,
2026-09-06 14:29:50,2026-09-06,SPY_OPEN,163,,,,,,,,,192,126,60,2505.00,1932.00,-573.00,-22.8743,113103,5,C1_exact,88-87-89,DECINA,MULTIPLA,,,,,,,,,,,,,,,,,,,,,,,,,
2026-09-06 14:29:50,2026-09-06,SPY_OPEN,163,,,,,,,,,192,126,60,2505.00,1932.00,-573.00,-22.8743,113104,18,C1_exact,90-86-87,DECINA,MULTIPLA,,,,,,,,,,,,,,,,,,,,,,,,,
2026-09-06 14:29:50,2026-09-06,SPY_OPEN,163,,,,,,,,,192,126,60,2505.00,1932.00,-573.00,-22.8743,113105,16,C1_exact,88-90-59,ALTRO,MULTIPLA,,,,,,,,,,,,,,,,,,,,,,,,,
2026-09-06 14:29:50,2026-09-06,SPY_OPEN,163,,,,,,,,,192,126,60,2505.00,1932.00,-573.00,-22.8743,113106,15,C3plus,14-28-55,PONTE_55,FORTE,,,,,,,,,,,,,,,,,,,,,,,,,
2026-09-06 14:29:50,2026-09-06,SPY_CLOSE_H3,164,,3,,,,,,,192,126,60,2505.00,1932.00,-573.00,-22.8743,113050,50,C2_exact,45-40-18,ZONA_40,MULTIPLA,3,1,1,0,18-45,3.00,0.00,-3.00,-100.0000,,,,,,,,,,,,,,,,
2026-09-06 14:29:50,2026-09-06,SPY_CLOSE_H3,164,,3,,,,,,,192,126,60,2505.00,1932.00,-573.00,-22.8743,113051,87,C1_exact,55-6-3,ALTRO,MULTIPLA,3,1,1,0,6-55,3.00,0.00,-3.00,-100.0000,,,,,,,,,,,,,,,,
2026-09-06 14:29:50,2026-09-06,SPY_CLOSE_H3,164,,3,,,,,,,192,126,60,2505.00,1932.00,-573.00,-22.8743,113052,50,NC3_W5_gap,45-40-20,ZONA_40,MULTIPLA,3,1,1,0,20-45,3.00,0.00,-3.00,-100.0000,,,,,,,,,,,,,,,,
2026-09-06 14:29:50,2026-09-06,SPY_CLOSE_H3,164,,3,,,,,,,192,126,60,2505.00,1932.00,-573.00,-22.8743,113053,63,C2_exact,5-61-67,DECINA,MULTIPLA,3,1,0,0,61,3.00,0.00,-3.00,-100.0000,,,,,,,,,,,,,,,,
2026-09-06 14:29:50,2026-09-06,SPY_CLOSE_H3,164,,3,,,,,,,192,126,60,2505.00,1932.00,-573.00,-22.8743,113054,84,C2_exact,87-89-86,DECINA,MULTIPLA,3,1,0,0,87,3.00,0.00,-3.00,-100.0000,,,,,,,,,,,,,,,,
2026-09-06 14:29:50,2026-09-06,SPY_CLOSE_H3,164,,3,,,,,,,192,126,60,2505.00,1932.00,-573.00,-22.8743,113055,65,NC3_W5_gap,21-9-47,ALTRO,MULTIPLA,3,1,0,0,9,3.00,0.00,-3.00,-100.0000,,,,,,,,,,,,,,,,
2026-09-06 14:29:50,2026-09-06,SPY_CLOSE_H3,164,,3,,,,,,,192,126,60,2505.00,1932.00,-573.00,-22.8743,113056,57,C2_exact,55-87-15,ALTRO,MULTIPLA,3,1,1,0,15-87,3.00,0.00,-3.00,-100.0000,,,,,,,,,,,,,,,,
2026-09-06 14:29:50,2026-09-06,SPY_CLOSE_H3,164,,3,,,,,,,192,126,60,2505.00,1932.00,-573.00,-22.8743,113057,76,NC3_W5_gap,23-49-87,ALTRO,MULTIPLA,3,1,0,0,87,3.00,0.00,-3.00,-100.0000,,,,,,,,,,,,,,,,
2026-09-06 14:29:50,2026-09-06,SPY_CLOSE_H3,164,,3,,,,,,,192,126,60,2505.00,1932.00,-573.00,-22.8743,113058,81,NC3_W5_gap,90-83-76,DECINA,MULTIPLA,3,0,0,0,,3.00,0.00,-3.00,-100.0000,,,,,,,,,,,,,,,,
2026-09-06 14:29:50,2026-09-06,SPY_CLOSE_H3,164,,3,,,,,,,192,126,60,2505.00,1932.00,-573.00,-22.8743,113059,51,NC2_W5,63-45-66,ALTRO,MULTIPLA,3,1,1,1,45-63-66,2.00,45.00,43.00,2150.0000,,,,,,,,,,,,,,,,
2026-09-06 14:29:50,2026-09-06,SPY_CLOSE_H3,164,,3,,,,,,,192,126,60,2505.00,1932.00,-573.00,-22.8743,113060,57,NC3_W5_gap,73-28-63,MOD5,MULTIPLA,3,1,1,1,28-63-73,1.00,45.00,44.00,4400.0000,,,,,,,,,,,,,,,,
2026-09-06 14:29:50,2026-09-06,SPY_CLOSE_H3,164,,3,,,,,,,192,126,60,2505.00,1932.00,-573.00,-22.8743,113061,1,NC2_W3_gap,90-85-73,ALTRO,MULTIPLA,3,1,0,0,73,3.00,0.00,-3.00,-100.0000,,,,,,,,,,,,,,,,
2026-09-06 14:29:50,2026-09-06,SPY_CLOSE_H3,164,,3,,,,,,,192,126,60,2505.00,1932.00,-573.00,-22.8743,113062,89,NC2_W5,88-90-84,DECINA,MULTIPLA,3,0,0,0,,3.00,0.00,-3.00,-100.0000,,,,,,,,,,,,,,,,
2026-09-06 14:29:50,2026-09-06,SPY_CLOSE_H3,164,,3,,,,,,,192,126,60,2505.00,1932.00,-573.00,-22.8743,113063,14,NC2_W3_gap,89-90-88,DECINA,MULTIPLA,3,1,0,0,89,3.00,0.00,-3.00,-100.0000,,,,,,,,,,,,,,,,
2026-09-06 14:29:50,2026-09-06,SPY_CLOSE_H3,164,,3,,,,,,,192,126,60,2505.00,1932.00,-573.00,-22.8743,113064,20,NC2_W3_gap,90-87-88,DECINA,MULTIPLA,3,1,0,0,87,3.00,0.00,-3.00,-100.0000,,,,,,,,,,,,,,,,
2026-09-06 14:29:50,2026-09-06,SPY_CLOSE_H3,164,,3,,,,,,,192,126,60,2505.00,1932.00,-573.00,-22.8743,113065,4,NC2_W3_gap,90-88-89,DECINA,MULTIPLA,3,1,0,0,89,3.00,0.00,-3.00,-100.0000,,,,,,,,,,,,,,,,
2026-09-06 14:29:50,2026-09-06,SPY_CLOSE_H3,164,,3,,,,,,,192,126,60,2505.00,1932.00,-573.00,-22.8743,113066,20,C1_exact,15-90-87,MOD5,MULTIPLA,3,1,1,0,15-87,3.00,0.00,-3.00,-100.0000,,,,,,,,,,,,,,,,
2026-09-06 14:29:50,2026-09-06,SPY_CLOSE_H3,164,,3,,,,,,,192,126,60,2505.00,1932.00,-573.00,-22.8743,113067,15,C1_exact,10-89-88,ALTRO,MULTIPLA,3,1,0,0,89,3.00,0.00,-3.00,-100.0000,,,,,,,,,,,,,,,,
2026-09-06 14:29:50,2026-09-06,SPY_CLOSE_H3,164,,3,,,,,,,192,126,60,2505.00,1932.00,-573.00,-22.8743,113068,18,C1_exact,90-86-87,DECINA,MULTIPLA,3,1,0,0,87,3.00,0.00,-3.00,-100.0000,,,,,,,,,,,,,,,,
2026-09-06 14:29:50,2026-09-06,SPY_CLOSE_H3,164,,3,,,,,,,192,126,60,2505.00,1932.00,-573.00,-22.8743,113069,4,C1_exact,88-89-90,DECINA,MULTIPLA,3,1,0,0,89,3.00,0.00,-3.00,-100.0000,,,,,,,,,,,,,,,,
2026-09-06 14:29:50,2026-09-06,SPY_CLOSE_H3,164,,3,,,,,,,192,126,60,2505.00,1932.00,-573.00,-22.8743,113070,14,C1_exact,90-89-88,DECINA,MULTIPLA,3,1,0,0,89,3.00,0.00,-3.00,-100.0000,,,,,,,,,,,,,,,,
2026-09-06 14:29:50,2026-09-06,SPY_CLOSE_H3,164,,3,,,,,,,192,126,60,2505.00,1932.00,-573.00,-22.8743,113071,1,C1_exact,86-90-85,DECINA,MULTIPLA,3,0,0,0,,3.00,0.00,-3.00,-100.0000,,,,,,,,,,,,,,,,
2026-09-06 14:29:50,2026-09-06,SPY_CLOSE_H2,164,,2,,,,,,,192,126,60,2505.00,1932.00,-573.00,-22.8743,113072,15,C2_exact,10-5-52,CATENA_5,MULTIPLA,2,1,0,0,5,2.00,0.00,-2.00,-100.0000,,,,,,,,,,,,,,,,
2026-09-06 14:29:50,2026-09-06,SPY_CLOSE_H2,164,,2,,,,,,,192,126,60,2505.00,1932.00,-573.00,-22.8743,113073,63,C3plus,29-51-6,ALTRO,MULTIPLA,2,1,0,0,6,2.00,0.00,-2.00,-100.0000,,,,,,,,,,,,,,,,
2026-09-06 14:29:50,2026-09-06,SPY_CLOSE_H2,164,,2,,,,,,,192,126,60,2505.00,1932.00,-573.00,-22.8743,113074,30,NC2_W3_gap,25-2-10,CATENA_5,MULTIPLA,2,0,0,0,,2.00,0.00,-2.00,-100.0000,,,,,,,,,,,,,,,,
2026-09-06 14:29:50,2026-09-06,SPY_CLOSE_H2,164,,2,,,,,,,192,126,60,2505.00,1932.00,-573.00,-22.8743,113075,20,NC3_W5_gap,10-5-15,CATENA_5,MULTIPLA,2,1,1,0,5-15,2.00,0.00,-2.00,-100.0000,,,,,,,,,,,,,,,,
2026-09-06 14:29:50,2026-09-06,SPY_CLOSE_H2,164,,2,,,,,,,192,126,60,2505.00,1932.00,-573.00,-22.8743,113076,65,NC3_W5_gap,21-9-47,ALTRO,MULTIPLA,2,1,0,0,9,2.00,0.00,-2.00,-100.0000,,,,,,,,,,,,,,,,
2026-09-06 14:29:50,2026-09-06,SPY_CLOSE_H2,164,,2,,,,,,,192,126,60,2505.00,1932.00,-573.00,-22.8743,113077,65,NC2_W3_gap,79-66-80,ALTRO,MULTIPLA,2,1,1,0,66-80,2.00,0.00,-2.00,-100.0000,,,,,,,,,,,,,,,,
2026-09-06 14:29:50,2026-09-06,SPY_CLOSE_H2,164,,2,,,,,,,192,126,60,2505.00,1932.00,-573.00,-22.8743,113078,84,NC3_W5_gap,50-90-81,DECINA,MULTIPLA,2,1,1,0,50-81,2.00,0.00,-2.00,-100.0000,,,,,,,,,,,,,,,,
2026-09-06 14:29:50,2026-09-06,SPY_CLOSE_H2,164,,2,,,,,,,192,126,60,2505.00,1932.00,-573.00,-22.8743,113079,25,NC2_W3_gap,20-90-24,MOD5,MULTIPLA,2,1,0,0,20,2.00,0.00,-2.00,-100.0000,,,,,,,,,,,,,,,,
2026-09-06 14:29:50,2026-09-06,SPY_CLOSE_H2,164,,2,,,,,,,192,126,60,2505.00,1932.00,-573.00,-22.8743,113080,25,NC2_W5,20-46-6,ALTRO,MULTIPLA,2,1,0,0,20,2.00,0.00,-2.00,-100.0000,,,,,,,,,,,,,,,,
2026-09-06 14:29:50,2026-09-06,SPY_CLOSE_H2,164,,2,,,,,,,192,126,60,2505.00,1932.00,-573.00,-22.8743,113081,51,NC2_W5,63-45-66,ALTRO,MULTIPLA,2,1,1,1,45-63-66,1.00,45.00,44.00,4400.0000,,,,,,,,,,,,,,,,
2026-09-06 14:29:50,2026-09-06,SPY_CLOSE_H2,164,,2,,,,,,,192,126,60,2505.00,1932.00,-573.00,-22.8743,113082,30,NC3_W5_gap,10-25-15,CATENA_5,MULTIPLA,2,1,0,0,15,2.00,0.00,-2.00,-100.0000,,,,,,,,,,,,,,,,
2026-09-06 14:29:50,2026-09-06,SPY_CLOSE_H2,164,,2,,,,,,,192,126,60,2505.00,1932.00,-573.00,-22.8743,113083,25,C1_exact,20-90-36,MOD5,MULTIPLA,2,1,0,0,20,2.00,0.00,-2.00,-100.0000,,,,,,,,,,,,,,,,
2026-09-06 14:29:50,2026-09-06,SPY_CLOSE_H2,164,,2,,,,,,,192,126,60,2505.00,1932.00,-573.00,-22.8743,113084,80,C1_exact,3-55-44,ALTRO,MULTIPLA,2,1,0,0,55,2.00,0.00,-2.00,-100.0000,,,,,,,,,,,,,,,,
2026-09-06 14:29:50,2026-09-06,SPY_CLOSE_H2,164,,2,,,,,,,192,126,60,2505.00,1932.00,-573.00,-22.8743,113085,61,C1_exact,19-59-83,ALTRO,MULTIPLA,2,0,0,0,,2.00,0.00,-2.00,-100.0000,,,,,,,,,,,,,,,,
2026-09-06 14:29:50,2026-09-06,SPY_CLOSE_H2,164,,2,,,,,,,192,126,60,2505.00,1932.00,-573.00,-22.8743,113086,19,C1_exact,89-85-90,DECINA,MULTIPLA,2,1,0,0,89,2.00,0.00,-2.00,-100.0000,,,,,,,,,,,,,,,,
2026-09-06 14:29:50,2026-09-06,SPY_CLOSE_H2,164,,2,,,,,,,192,126,60,2505.00,1932.00,-573.00,-22.8743,113087,17,C1_exact,90-86-88,DECINA,MULTIPLA,2,0,0,0,,2.00,0.00,-2.00,-100.0000,,,,,,,,,,,,,,,,
2026-09-06 14:29:50,2026-09-06,SPY_CLOSE_H2,164,,2,,,,,,,192,126,60,2505.00,1932.00,-573.00,-22.8743,113088,50,NC3_W5_gap,45-40-20,ZONA_40,FORTE,2,1,1,0,20-45,2.00,0.00,-2.00,-100.0000,,,,,,,,,,,,,,,,
2026-09-06 14:29:50,2026-09-06,SPY_CLOSE_H1,164,,1,,,,,,,192,126,60,2505.00,1932.00,-573.00,-22.8743,113089,87,NC2_W3_gap,25-33-6,ALTRO,MULTIPLA,1,1,0,0,6,1.00,0.00,-1.00,-100.0000,,,,,,,,,,,,,,,,
2026-09-06 14:29:50,2026-09-06,SPY_CLOSE_H1,164,,1,,,,,,,192,126,60,2505.00,1932.00,-573.00,-22.8743,113090,87,C1_exact,55-6-3,ALTRO,MULTIPLA,1,1,1,0,6-55,1.00,0.00,-1.00,-100.0000,,,,,,,,,,,,,,,,
2026-09-06 14:29:50,2026-09-06,SPY_CLOSE_H1,164,,1,,,,,,,192,126,60,2505.00,1932.00,-573.00,-22.8743,113091,63,C3plus,29-51-6,ALTRO,MULTIPLA,1,1,0,0,6,1.00,0.00,-1.00,-100.0000,,,,,,,,,,,,,,,,
2026-09-06 14:29:50,2026-09-06,SPY_CLOSE_H1,164,,1,,,,,,,192,126,60,2505.00,1932.00,-573.00,-22.8743,113092,20,NC3_W5_gap,10-5-15,CATENA_5,MULTIPLA,1,0,0,0,,1.00,0.00,-1.00,-100.0000,,,,,,,,,,,,,,,,
2026-09-06 14:29:50,2026-09-06,SPY_CLOSE_H1,164,,1,,,,,,,192,126,60,2505.00,1932.00,-573.00,-22.8743,113093,65,NC3_W5_gap,21-9-47,ALTRO,MULTIPLA,1,1,0,0,9,1.00,0.00,-1.00,-100.0000,,,,,,,,,,,,,,,,
2026-09-06 14:29:50,2026-09-06,SPY_CLOSE_H1,164,,1,,,,,,,192,126,60,2505.00,1932.00,-573.00,-22.8743,113094,25,NC2_W5,20-46-6,ALTRO,MULTIPLA,1,1,0,0,6,1.00,0.00,-1.00,-100.0000,,,,,,,,,,,,,,,,
2026-09-06 14:29:50,2026-09-06,SPY_CLOSE_H1,164,,1,,,,,,,192,126,60,2505.00,1932.00,-573.00,-22.8743,113095,51,NC2_W5,63-45-66,ALTRO,MULTIPLA,1,1,0,0,63,1.00,0.00,-1.00,-100.0000,,,,,,,,,,,,,,,,
2026-09-06 14:29:50,2026-09-06,SPY_CLOSE_H1,164,,1,,,,,,,192,126,60,2505.00,1932.00,-573.00,-22.8743,113096,30,NC3_W5_gap,10-25-15,CATENA_5,MULTIPLA,1,0,0,0,,1.00,0.00,-1.00,-100.0000,,,,,,,,,,,,,,,,
2026-09-06 14:29:50,2026-09-06,SPY_CLOSE_H1,164,,1,,,,,,,192,126,60,2505.00,1932.00,-573.00,-22.8743,113097,45,C1_exact,40-35-90,MOD5,MULTIPLA,1,0,0,0,,1.00,0.00,-1.00,-100.0000,,,,,,,,,,,,,,,,
2026-09-06 14:29:50,2026-09-06,SPY_CLOSE_H1,164,,1,,,,,,,192,126,60,2505.00,1932.00,-573.00,-22.8743,113098,18,NC2_W5,16-11-44,DECINA,MULTIPLA,1,0,0,0,,1.00,0.00,-1.00,-100.0000,,,,,,,,,,,,,,,,
2026-09-06 14:29:50,2026-09-06,SPY_CLOSE_H1,164,,1,,,,,,,192,126,60,2505.00,1932.00,-573.00,-22.8743,113099,18,NC2_W3_gap,90-88-89,DECINA,MULTIPLA,1,1,0,0,89,1.00,0.00,-1.00,-100.0000,,,,,,,,,,,,,,,,
2026-09-06 14:29:50,2026-09-06,SPY_CLOSE_H1,164,,1,,,,,,,192,126,60,2505.00,1932.00,-573.00,-22.8743,113100,87,NC2_W5,90-89-88,DECINA,MULTIPLA,1,1,0,0,89,1.00,0.00,-1.00,-100.0000,,,,,,,,,,,,,,,,
2026-09-06 14:29:50,2026-09-06,SPY_CLOSE_H1,164,,1,,,,,,,192,126,60,2505.00,1932.00,-573.00,-22.8743,113101,20,NC2_W3_gap,90-87-88,DECINA,MULTIPLA,1,0,0,0,,1.00,0.00,-1.00,-100.0000,,,,,,,,,,,,,,,,
2026-09-06 14:29:50,2026-09-06,SPY_CLOSE_H1,164,,1,,,,,,,192,126,60,2505.00,1932.00,-573.00,-22.8743,113102,20,C1_exact,15-90-87,MOD5,MULTIPLA,1,0,0,0,,1.00,0.00,-1.00,-100.0000,,,,,,,,,,,,,,,,
2026-09-06 14:29:50,2026-09-06,SPY_CLOSE_H1,164,,1,,,,,,,192,126,60,2505.00,1932.00,-573.00,-22.8743,113103,5,C1_exact,88-87-89,DECINA,MULTIPLA,1,1,0,0,89,1.00,0.00,-1.00,-100.0000,,,,,,,,,,,,,,,,
2026-09-06 14:29:50,2026-09-06,SPY_CLOSE_H1,164,,1,,,,,,,192,126,60,2505.00,1932.00,-573.00,-22.8743,113104,18,C1_exact,90-86-87,DECINA,MULTIPLA,1,0,0,0,,1.00,0.00,-1.00,-100.0000,,,,,,,,,,,,,,,,
2026-09-06 14:29:50,2026-09-06,SPY_CLOSE_H1,164,,1,,,,,,,192,126,60,2505.00,1932.00,-573.00,-22.8743,113105,16,C1_exact,88-90-59,ALTRO,MULTIPLA,1,0,0,0,,1.00,0.00,-1.00,-100.0000,,,,,,,,,,,,,,,,
2026-09-06 14:29:50,2026-09-06,SPY_CLOSE_H1,164,,1,,,,,,,192,126,60,2505.00,1932.00,-573.00,-22.8743,113106,15,C3plus,14-28-55,PONTE_55,FORTE,1,1,1,0,14-55,1.00,0.00,-1.00,-100.0000,,,,,,,,,,,,,,,,
2026-09-06 14:29:50,2026-09-06,SUM9091_LAB_CLOSE,164,1900,10,11,,11-79-80,RAW_SUM_1001_REPEAT_FROM_E68_GAP_86_BEST_1_3_H2,,,192,126,60,2505.00,1932.00,-573.00,-22.8743,,,,,,,,,,,,,,,,,,,,,,,,,,,,,,,
2026-09-06 14:29:50,2026-09-06,PAIRLAB_STOP,164,,,,,,,,,192,126,60,2505.00,1932.00,-573.00,-22.8743,,,,,,,,,,,,,,,,,3,,88-90,STOP_H3,,,,,,,,,,,
2026-09-06 14:29:50,2026-09-06,PAIRLAB_STOP,164,,,,,,,,,192,126,60,2505.00,1932.00,-573.00,-22.8743,,,,,,,,,,,,,,,,,3,,89-90,STOP_H3,,,,,,,,,,,
2026-09-06 14:29:50,2026-09-06,STRICTLAB_STOP,164,,,,,,,,,192,126,60,2505.00,1932.00,-573.00,-22.8743,,,,,,,,,,,,,,,,,3,,88-90,STRICTLAB_STOP_H3,,,,,,,,,,,
2026-09-06 14:29:50,2026-09-06,SPY_OPEN,164,,,,,,,,,192,126,60,2505.00,1932.00,-573.00,-22.8743,113107,89,C1_exact,55-70-33,ALTRO,MULTIPLA,,,,,,,,,,,,,,,,,,,,,,,,,
2026-09-06 14:29:50,2026-09-06,SPY_OPEN,164,,,,,,,,,192,126,60,2505.00,1932.00,-573.00,-22.8743,113108,52,NC2_W3_gap,5-8-1,DECINA,MULTIPLA,,,,,,,,,,,,,,,,,,,,,,,,,
2026-09-06 14:29:50,2026-09-06,SPY_OPEN,164,,,,,,,,,192,126,60,2505.00,1932.00,-573.00,-22.8743,113109,63,C3plus,29-51-6,ALTRO,MULTIPLA,,,,,,,,,,,,,,,,,,,,,,,,,
2026-09-06 14:29:50,2026-09-06,SPY_OPEN,164,,,,,,,,,192,126,60,2505.00,1932.00,-573.00,-22.8743,113110,50,C1_exact,45-39-81,ALTRO,MULTIPLA,,,,,,,,,,,,,,,,,,,,,,,,,
2026-09-06 14:29:50,2026-09-06,SPY_OPEN,164,,,,,,,,,192,126,60,2505.00,1932.00,-573.00,-22.8743,113111,65,NC3_W5_gap,21-9-47,ALTRO,MULTIPLA,,,,,,,,,,,,,,,,,,,,,,,,,
2026-09-06 14:29:50,2026-09-06,SPY_OPEN,164,,,,,,,,,192,126,60,2505.00,1932.00,-573.00,-22.8743,113112,25,NC2_W5,20-46-6,ALTRO,MULTIPLA,,,,,,,,,,,,,,,,,,,,,,,,,
2026-09-06 14:29:50,2026-09-06,SPY_OPEN,164,,,,,,,,,192,126,60,2505.00,1932.00,-573.00,-22.8743,113113,81,C1_exact,55-68-21,ALTRO,MULTIPLA,,,,,,,,,,,,,,,,,,,,,,,,,
2026-09-06 14:29:50,2026-09-06,SPY_OPEN,164,,,,,,,,,192,126,60,2505.00,1932.00,-573.00,-22.8743,113114,18,NC2_W5,16-11-44,DECINA,MULTIPLA,,,,,,,,,,,,,,,,,,,,,,,,,
2026-09-06 14:29:50,2026-09-06,SPY_OPEN,164,,,,,,,,,192,126,60,2505.00,1932.00,-573.00,-22.8743,113115,61,C1_exact,19-59-83,ALTRO,MULTIPLA,,,,,,,,,,,,,,,,,,,,,,,,,
2026-09-06 14:29:50,2026-09-06,SPY_OPEN,164,,,,,,,,,192,126,60,2505.00,1932.00,-573.00,-22.8743,113116,17,NC2_W3_gap,90-87-89,DECINA,MULTIPLA,,,,,,,,,,,,,,,,,,,,,,,,,
2026-09-06 14:29:50,2026-09-06,SPY_OPEN,164,,,,,,,,,192,126,60,2505.00,1932.00,-573.00,-22.8743,113117,87,NC2_W5,90-89-88,DECINA,MULTIPLA,,,,,,,,,,,,,,,,,,,,,,,,,
2026-09-06 14:29:50,2026-09-06,SPY_OPEN,164,,,,,,,,,192,126,60,2505.00,1932.00,-573.00,-22.8743,113118,34,C1_exact,58-77-62,ALTRO,MULTIPLA,,,,,,,,,,,,,,,,,,,,,,,,,
2026-09-06 14:29:50,2026-09-06,SPY_OPEN,164,,,,,,,,,192,126,60,2505.00,1932.00,-573.00,-22.8743,113119,17,C1_exact,90-86-88,DECINA,MULTIPLA,,,,,,,,,,,,,,,,,,,,,,,,,
2026-09-06 14:29:50,2026-09-06,SPY_OPEN,164,,,,,,,,,192,126,60,2505.00,1932.00,-573.00,-22.8743,113120,8,C1_exact,87-90-89,DECINA,MULTIPLA,,,,,,,,,,,,,,,,,,,,,,,,,
2026-09-06 14:29:50,2026-09-06,SPY_OPEN,164,,,,,,,,,192,126,60,2505.00,1932.00,-573.00,-22.8743,113121,13,C1_exact,89-90-50,ALTRO,MULTIPLA,,,,,,,,,,,,,,,,,,,,,,,,,
2026-09-06 14:29:50,2026-09-06,SPY_OPEN,164,,,,,,,,,192,126,60,2505.00,1932.00,-573.00,-22.8743,113122,24,C1_exact,88-69-87,ALTRO,MULTIPLA,,,,,,,,,,,,,,,,,,,,,,,,,
2026-09-06 14:29:50,2026-09-06,SPY_OPEN,164,,,,,,,,,192,126,60,2505.00,1932.00,-573.00,-22.8743,113123,9,C1_exact,90-62-89,ALTRO,MULTIPLA,,,,,,,,,,,,,,,,,,,,,,,,,
2026-09-06 14:29:50,2026-09-06,SPY_OPEN,164,,,,,,,,,192,126,60,2505.00,1932.00,-573.00,-22.8743,113124,14,C1_exact,90-89-88,DECINA,MULTIPLA,,,,,,,,,,,,,,,,,,,,,,,,,
2026-09-06 14:29:50,2026-09-06,SPY_OPEN,164,,,,,,,,,192,126,60,2505.00,1932.00,-573.00,-22.8743,113125,1,C1_exact,86-90-85,DECINA,MULTIPLA,,,,,,,,,,,,,,,,,,,,,,,,,
2026-09-06 14:29:50,2026-09-06,SPY_OPEN,164,,,,,,,,,192,126,60,2505.00,1932.00,-573.00,-22.8743,113126,50,NC3_W5_gap,45-40-20,ZONA_40,FORTE,,,,,,,,,,,,,,,,,,,,,,,,,
2026-09-06 14:29:50,2026-09-06,SPY_CLOSE_H3,165,,3,,,,,,,192,126,60,2505.00,1932.00,-573.00,-22.8743,113072,15,C2_exact,10-5-52,CATENA_5,MULTIPLA,3,1,0,0,5,3.00,0.00,-3.00,-100.0000,,,,,,,,,,,,,,,,
2026-09-06 14:29:50,2026-09-06,SPY_CLOSE_H3,165,,3,,,,,,,192,126,60,2505.00,1932.00,-573.00,-22.8743,113073,63,C3plus,29-51-6,ALTRO,MULTIPLA,3,1,0,0,6,3.00,0.00,-3.00,-100.0000,,,,,,,,,,,,,,,,
2026-09-06 14:29:50,2026-09-06,SPY_CLOSE_H3,165,,3,,,,,,,192,126,60,2505.00,1932.00,-573.00,-22.8743,113074,30,NC2_W3_gap,25-2-10,CATENA_5,MULTIPLA,3,1,1,0,10-25,3.00,0.00,-3.00,-100.0000,,,,,,,,,,,,,,,,
2026-09-06 14:29:50,2026-09-06,SPY_CLOSE_H3,165,,3,,,,,,,192,126,60,2505.00,1932.00,-573.00,-22.8743,113075,20,NC3_W5_gap,10-5-15,CATENA_5,MULTIPLA,3,1,1,0,5-15,3.00,0.00,-3.00,-100.0000,,,,,,,,,,,,,,,,
2026-09-06 14:29:50,2026-09-06,SPY_CLOSE_H3,165,,3,,,,,,,192,126,60,2505.00,1932.00,-573.00,-22.8743,113076,65,NC3_W5_gap,21-9-47,ALTRO,MULTIPLA,3,1,0,0,9,3.00,0.00,-3.00,-100.0000,,,,,,,,,,,,,,,,
2026-09-06 14:29:50,2026-09-06,SPY_CLOSE_H3,165,,3,,,,,,,192,126,60,2505.00,1932.00,-573.00,-22.8743,113077,65,NC2_W3_gap,79-66-80,ALTRO,MULTIPLA,3,1,1,0,66-80,3.00,0.00,-3.00,-100.0000,,,,,,,,,,,,,,,,
2026-09-06 14:29:50,2026-09-06,SPY_CLOSE_H3,165,,3,,,,,,,192,126,60,2505.00,1932.00,-573.00,-22.8743,113078,84,NC3_W5_gap,50-90-81,DECINA,MULTIPLA,3,1,1,0,50-81,3.00,0.00,-3.00,-100.0000,,,,,,,,,,,,,,,,
2026-09-06 14:29:50,2026-09-06,SPY_CLOSE_H3,165,,3,,,,,,,192,126,60,2505.00,1932.00,-573.00,-22.8743,113079,25,NC2_W3_gap,20-90-24,MOD5,MULTIPLA,3,1,0,0,20,3.00,0.00,-3.00,-100.0000,,,,,,,,,,,,,,,,
2026-09-06 14:29:50,2026-09-06,SPY_CLOSE_H3,165,,3,,,,,,,192,126,60,2505.00,1932.00,-573.00,-22.8743,113080,25,NC2_W5,20-46-6,ALTRO,MULTIPLA,3,1,0,0,20,3.00,0.00,-3.00,-100.0000,,,,,,,,,,,,,,,,
2026-09-06 14:29:50,2026-09-06,SPY_CLOSE_H3,165,,3,,,,,,,192,126,60,2505.00,1932.00,-573.00,-22.8743,113081,51,NC2_W5,63-45-66,ALTRO,MULTIPLA,3,1,1,1,45-63-66,1.00,45.00,44.00,4400.0000,,,,,,,,,,,,,,,,
2026-09-06 14:29:50,2026-09-06,SPY_CLOSE_H3,165,,3,,,,,,,192,126,60,2505.00,1932.00,-573.00,-22.8743,113082,30,NC3_W5_gap,10-25-15,CATENA_5,MULTIPLA,3,1,1,0,10-25,3.00,0.00,-3.00,-100.0000,,,,,,,,,,,,,,,,
2026-09-06 14:29:50,2026-09-06,SPY_CLOSE_H3,165,,3,,,,,,,192,126,60,2505.00,1932.00,-573.00,-22.8743,113083,25,C1_exact,20-90-36,MOD5,MULTIPLA,3,1,0,0,20,3.00,0.00,-3.00,-100.0000,,,,,,,,,,,,,,,,
2026-09-06 14:29:50,2026-09-06,SPY_CLOSE_H3,165,,3,,,,,,,192,126,60,2505.00,1932.00,-573.00,-22.8743,113084,80,C1_exact,3-55-44,ALTRO,MULTIPLA,3,1,0,0,55,3.00,0.00,-3.00,-100.0000,,,,,,,,,,,,,,,,
2026-09-06 14:29:50,2026-09-06,SPY_CLOSE_H3,165,,3,,,,,,,192,126,60,2505.00,1932.00,-573.00,-22.8743,113085,61,C1_exact,19-59-83,ALTRO,MULTIPLA,3,1,0,0,83,3.00,0.00,-3.00,-100.0000,,,,,,,,,,,,,,,,
2026-09-06 14:29:50,2026-09-06,SPY_CLOSE_H3,165,,3,,,,,,,192,126,60,2505.00,1932.00,-573.00,-22.8743,113086,19,C1_exact,89-85-90,DECINA,MULTIPLA,3,1,0,0,89,3.00,0.00,-3.00,-100.0000,,,,,,,,,,,,,,,,
2026-09-06 14:29:50,2026-09-06,SPY_CLOSE_H3,165,,3,,,,,,,192,126,60,2505.00,1932.00,-573.00,-22.8743,113087,17,C1_exact,90-86-88,DECINA,MULTIPLA,3,1,0,0,88,3.00,0.00,-3.00,-100.0000,,,,,,,,,,,,,,,,
2026-09-06 14:29:50,2026-09-06,SPY_CLOSE_H3,165,,3,,,,,,,192,126,60,2505.00,1932.00,-573.00,-22.8743,113088,50,NC3_W5_gap,45-40-20,ZONA_40,FORTE,3,1,1,0,20-45,3.00,0.00,-3.00,-100.0000,,,,,,,,,,,,,,,,
2026-09-06 14:29:50,2026-09-06,SPY_CLOSE_H2,165,,2,,,,,,,192,126,60,2505.00,1932.00,-573.00,-22.8743,113089,87,NC2_W3_gap,25-33-6,ALTRO,MULTIPLA,2,1,0,0,6,2.00,0.00,-2.00,-100.0000,,,,,,,,,,,,,,,,
2026-09-06 14:29:50,2026-09-06,SPY_CLOSE_H2,165,,2,,,,,,,192,126,60,2505.00,1932.00,-573.00,-22.8743,113090,87,C1_exact,55-6-3,ALTRO,MULTIPLA,2,1,1,0,6-55,2.00,0.00,-2.00,-100.0000,,,,,,,,,,,,,,,,
2026-09-06 14:29:50,2026-09-06,SPY_CLOSE_H2,165,,2,,,,,,,192,126,60,2505.00,1932.00,-573.00,-22.8743,113091,63,C3plus,29-51-6,ALTRO,MULTIPLA,2,1,0,0,6,2.00,0.00,-2.00,-100.0000,,,,,,,,,,,,,,,,
2026-09-06 14:29:50,2026-09-06,SPY_CLOSE_H2,165,,2,,,,,,,192,126,60,2505.00,1932.00,-573.00,-22.8743,113092,20,NC3_W5_gap,10-5-15,CATENA_5,MULTIPLA,2,1,0,0,10,2.00,0.00,-2.00,-100.0000,,,,,,,,,,,,,,,,
2026-09-06 14:29:50,2026-09-06,SPY_CLOSE_H2,165,,2,,,,,,,192,126,60,2505.00,1932.00,-573.00,-22.8743,113093,65,NC3_W5_gap,21-9-47,ALTRO,MULTIPLA,2,1,0,0,9,2.00,0.00,-2.00,-100.0000,,,,,,,,,,,,,,,,
2026-09-06 14:29:50,2026-09-06,SPY_CLOSE_H2,165,,2,,,,,,,192,126,60,2505.00,1932.00,-573.00,-22.8743,113094,25,NC2_W5,20-46-6,ALTRO,MULTIPLA,2,1,0,0,6,2.00,0.00,-2.00,-100.0000,,,,,,,,,,,,,,,,
2026-09-06 14:29:50,2026-09-06,SPY_CLOSE_H2,165,,2,,,,,,,192,126,60,2505.00,1932.00,-573.00,-22.8743,113095,51,NC2_W5,63-45-66,ALTRO,MULTIPLA,2,1,0,0,63,2.00,0.00,-2.00,-100.0000,,,,,,,,,,,,,,,,
2026-09-06 14:29:50,2026-09-06,SPY_CLOSE_H2,165,,2,,,,,,,192,126,60,2505.00,1932.00,-573.00,-22.8743,113096,30,NC3_W5_gap,10-25-15,CATENA_5,MULTIPLA,2,1,1,0,10-25,2.00,0.00,-2.00,-100.0000,,,,,,,,,,,,,,,,
2026-09-06 14:29:50,2026-09-06,SPY_CLOSE_H2,165,,2,,,,,,,192,126,60,2505.00,1932.00,-573.00,-22.8743,113097,45,C1_exact,40-35-90,MOD5,MULTIPLA,2,0,0,0,,2.00,0.00,-2.00,-100.0000,,,,,,,,,,,,,,,,
2026-09-06 14:29:50,2026-09-06,SPY_CLOSE_H2,165,,2,,,,,,,192,126,60,2505.00,1932.00,-573.00,-22.8743,113098,18,NC2_W5,16-11-44,DECINA,MULTIPLA,2,0,0,0,,2.00,0.00,-2.00,-100.0000,,,,,,,,,,,,,,,,
2026-09-06 14:29:50,2026-09-06,SPY_CLOSE_H2,165,,2,,,,,,,192,126,60,2505.00,1932.00,-573.00,-22.8743,113099,18,NC2_W3_gap,90-88-89,DECINA,MULTIPLA,2,1,0,0,89,2.00,0.00,-2.00,-100.0000,,,,,,,,,,,,,,,,
2026-09-06 14:29:50,2026-09-06,SPY_CLOSE_H2,165,,2,,,,,,,192,126,60,2505.00,1932.00,-573.00,-22.8743,113100,87,NC2_W5,90-89-88,DECINA,MULTIPLA,2,1,0,0,89,2.00,0.00,-2.00,-100.0000,,,,,,,,,,,,,,,,
2026-09-06 14:29:50,2026-09-06,SPY_CLOSE_H2,165,,2,,,,,,,192,126,60,2505.00,1932.00,-573.00,-22.8743,113101,20,NC2_W3_gap,90-87-88,DECINA,MULTIPLA,2,1,0,0,88,2.00,0.00,-2.00,-100.0000,,,,,,,,,,,,,,,,
2026-09-06 14:29:50,2026-09-06,SPY_CLOSE_H2,165,,2,,,,,,,192,126,60,2505.00,1932.00,-573.00,-22.8743,113102,20,C1_exact,15-90-87,MOD5,MULTIPLA,2,0,0,0,,2.00,0.00,-2.00,-100.0000,,,,,,,,,,,,,,,,
2026-09-06 14:29:50,2026-09-06,SPY_CLOSE_H2,165,,2,,,,,,,192,126,60,2505.00,1932.00,-573.00,-22.8743,113103,5,C1_exact,88-87-89,DECINA,MULTIPLA,2,1,0,0,89,2.00,0.00,-2.00,-100.0000,,,,,,,,,,,,,,,,
2026-09-06 14:29:50,2026-09-06,SPY_CLOSE_H2,165,,2,,,,,,,192,126,60,2505.00,1932.00,-573.00,-22.8743,113104,18,C1_exact,90-86-87,DECINA,MULTIPLA,2,0,0,0,,2.00,0.00,-2.00,-100.0000,,,,,,,,,,,,,,,,
2026-09-06 14:29:50,2026-09-06,SPY_CLOSE_H2,165,,2,,,,,,,192,126,60,2505.00,1932.00,-573.00,-22.8743,113105,16,C1_exact,88-90-59,ALTRO,MULTIPLA,2,1,0,0,88,2.00,0.00,-2.00,-100.0000,,,,,,,,,,,,,,,,
2026-09-06 14:29:50,2026-09-06,SPY_CLOSE_H2,165,,2,,,,,,,192,126,60,2505.00,1932.00,-573.00,-22.8743,113106,15,C3plus,14-28-55,PONTE_55,FORTE,2,1,1,0,14-55,2.00,0.00,-2.00,-100.0000,,,,,,,,,,,,,,,,
2026-09-06 14:29:50,2026-09-06,SPY_CLOSE_H1,165,,1,,,,,,,192,126,60,2505.00,1932.00,-573.00,-22.8743,113107,89,C1_exact,55-70-33,ALTRO,MULTIPLA,1,0,0,0,,1.00,0.00,-1.00,-100.0000,,,,,,,,,,,,,,,,
2026-09-06 14:29:50,2026-09-06,SPY_CLOSE_H1,165,,1,,,,,,,192,126,60,2505.00,1932.00,-573.00,-22.8743,113108,52,NC2_W3_gap,5-8-1,DECINA,MULTIPLA,1,0,0,0,,1.00,0.00,-1.00,-100.0000,,,,,,,,,,,,,,,,
2026-09-06 14:29:50,2026-09-06,SPY_CLOSE_H1,165,,1,,,,,,,192,126,60,2505.00,1932.00,-573.00,-22.8743,113109,63,C3plus,29-51-6,ALTRO,MULTIPLA,1,1,0,0,51,1.00,0.00,-1.00,-100.0000,,,,,,,,,,,,,,,,
2026-09-06 14:29:50,2026-09-06,SPY_CLOSE_H1,165,,1,,,,,,,192,126,60,2505.00,1932.00,-573.00,-22.8743,113110,50,C1_exact,45-39-81,ALTRO,MULTIPLA,1,1,0,0,39,1.00,0.00,-1.00,-100.0000,,,,,,,,,,,,,,,,
2026-09-06 14:29:50,2026-09-06,SPY_CLOSE_H1,165,,1,,,,,,,192,126,60,2505.00,1932.00,-573.00,-22.8743,113111,65,NC3_W5_gap,21-9-47,ALTRO,MULTIPLA,1,0,0,0,,1.00,0.00,-1.00,-100.0000,,,,,,,,,,,,,,,,
2026-09-06 14:29:50,2026-09-06,SPY_CLOSE_H1,165,,1,,,,,,,192,126,60,2505.00,1932.00,-573.00,-22.8743,113112,25,NC2_W5,20-46-6,ALTRO,MULTIPLA,1,0,0,0,,1.00,0.00,-1.00,-100.0000,,,,,,,,,,,,,,,,
2026-09-06 14:29:50,2026-09-06,SPY_CLOSE_H1,165,,1,,,,,,,192,126,60,2505.00,1932.00,-573.00,-22.8743,113113,81,C1_exact,55-68-21,ALTRO,MULTIPLA,1,0,0,0,,1.00,0.00,-1.00,-100.0000,,,,,,,,,,,,,,,,
2026-09-06 14:29:50,2026-09-06,SPY_CLOSE_H1,165,,1,,,,,,,192,126,60,2505.00,1932.00,-573.00,-22.8743,113114,18,NC2_W5,16-11-44,DECINA,MULTIPLA,1,0,0,0,,1.00,0.00,-1.00,-100.0000,,,,,,,,,,,,,,,,
2026-09-06 14:29:50,2026-09-06,SPY_CLOSE_H1,165,,1,,,,,,,192,126,60,2505.00,1932.00,-573.00,-22.8743,113115,61,C1_exact,19-59-83,ALTRO,MULTIPLA,1,1,0,0,83,1.00,0.00,-1.00,-100.0000,,,,,,,,,,,,,,,,
2026-09-06 14:29:50,2026-09-06,SPY_CLOSE_H1,165,,1,,,,,,,192,126,60,2505.00,1932.00,-573.00,-22.8743,113116,17,NC2_W3_gap,90-87-89,DECINA,MULTIPLA,1,0,0,0,,1.00,0.00,-1.00,-100.0000,,,,,,,,,,,,,,,,
2026-09-06 14:29:50,2026-09-06,SPY_CLOSE_H1,165,,1,,,,,,,192,126,60,2505.00,1932.00,-573.00,-22.8743,113117,87,NC2_W5,90-89-88,DECINA,MULTIPLA,1,1,0,0,88,1.00,0.00,-1.00,-100.0000,,,,,,,,,,,,,,,,
2026-09-06 14:29:50,2026-09-06,SPY_CLOSE_H1,165,,1,,,,,,,192,126,60,2505.00,1932.00,-573.00,-22.8743,113118,34,C1_exact,58-77-62,ALTRO,MULTIPLA,1,1,0,0,62,1.00,0.00,-1.00,-100.0000,,,,,,,,,,,,,,,,
2026-09-06 14:29:50,2026-09-06,SPY_CLOSE_H1,165,,1,,,,,,,192,126,60,2505.00,1932.00,-573.00,-22.8743,113119,17,C1_exact,90-86-88,DECINA,MULTIPLA,1,1,0,0,88,1.00,0.00,-1.00,-100.0000,,,,,,,,,,,,,,,,
2026-09-06 14:29:50,2026-09-06,SPY_CLOSE_H1,165,,1,,,,,,,192,126,60,2505.00,1932.00,-573.00,-22.8743,113120,8,C1_exact,87-90-89,DECINA,MULTIPLA,1,0,0,0,,1.00,0.00,-1.00,-100.0000,,,,,,,,,,,,,,,,
2026-09-06 14:29:50,2026-09-06,SPY_CLOSE_H1,165,,1,,,,,,,192,126,60,2505.00,1932.00,-573.00,-22.8743,113121,13,C1_exact,89-90-50,ALTRO,MULTIPLA,1,0,0,0,,1.00,0.00,-1.00,-100.0000,,,,,,,,,,,,,,,,
2026-09-06 14:29:50,2026-09-06,SPY_CLOSE_H1,165,,1,,,,,,,192,126,60,2505.00,1932.00,-573.00,-22.8743,113122,24,C1_exact,88-69-87,ALTRO,MULTIPLA,1,1,0,0,88,1.00,0.00,-1.00,-100.0000,,,,,,,,,,,,,,,,
2026-09-06 14:29:50,2026-09-06,SPY_CLOSE_H1,165,,1,,,,,,,192,126,60,2505.00,1932.00,-573.00,-22.8743,113123,9,C1_exact,90-62-89,ALTRO,MULTIPLA,1,1,0,0,62,1.00,0.00,-1.00,-100.0000,,,,,,,,,,,,,,,,
2026-09-06 14:29:50,2026-09-06,SPY_CLOSE_H1,165,,1,,,,,,,192,126,60,2505.00,1932.00,-573.00,-22.8743,113124,14,C1_exact,90-89-88,DECINA,MULTIPLA,1,1,0,0,88,1.00,0.00,-1.00,-100.0000,,,,,,,,,,,,,,,,
2026-09-06 14:29:50,2026-09-06,SPY_CLOSE_H1,165,,1,,,,,,,192,126,60,2505.00,1932.00,-573.00,-22.8743,113125,1,C1_exact,86-90-85,DECINA,MULTIPLA,1,0,0,0,,1.00,0.00,-1.00,-100.0000,,,,,,,,,,,,,,,,
2026-09-06 14:29:50,2026-09-06,SPY_CLOSE_H1,165,,1,,,,,,,192,126,60,2505.00,1932.00,-573.00,-22.8743,113126,50,NC3_W5_gap,45-40-20,ZONA_40,FORTE,1,0,0,0,,1.00,0.00,-1.00,-100.0000,,,,,,,,,,,,,,,,
2026-09-06 14:29:50,2026-09-06,SUM9091_LAB_CLOSE,165,1901,10,25,,25-65-66,RAW_SUM_925_REPEAT_FROM_E116_GAP_39_BEST_2_3_H5,,,192,126,60,2505.00,1932.00,-573.00,-22.8743,,,,,,,,,,,,,,,,,,,,,,,,,,,,,,,
2026-09-06 14:29:50,2026-09-06,SPY_OPEN,165,,,,,,,,,192,126,60,2505.00,1932.00,-573.00,-22.8743,113127,26,NC2_W3_gap,19-27-14,ALTRO,MULTIPLA,,,,,,,,,,,,,,,,,,,,,,,,,
2026-09-06 14:29:50,2026-09-06,SPY_OPEN,165,,,,,,,,,192,126,60,2505.00,1932.00,-573.00,-22.8743,113128,13,C2_exact,43-61-70,ALTRO,MULTIPLA,,,,,,,,,,,,,,,,,,,,,,,,,
2026-09-06 14:29:50,2026-09-06,SPY_OPEN,165,,,,,,,,,192,126,60,2505.00,1932.00,-573.00,-22.8743,113129,65,NC3_W5_gap,21-9-47,ALTRO,MULTIPLA,,,,,,,,,,,,,,,,,,,,,,,,,
2026-09-06 14:29:50,2026-09-06,SPY_OPEN,165,,,,,,,,,192,126,60,2505.00,1932.00,-573.00,-22.8743,113130,65,NC2_W3_gap,79-66-80,ALTRO,MULTIPLA,,,,,,,,,,,,,,,,,,,,,,,,,
2026-09-06 14:29:50,2026-09-06,SPY_OPEN,165,,,,,,,,,192,126,60,2505.00,1932.00,-573.00,-22.8743,113131,25,NC2_W5,20-46-6,ALTRO,MULTIPLA,,,,,,,,,,,,,,,,,,,,,,,,,
2026-09-06 14:29:50,2026-09-06,SPY_OPEN,165,,,,,,,,,192,126,60,2505.00,1932.00,-573.00,-22.8743,113132,62,NC2_W3_gap,83-9-90,ALTRO,MULTIPLA,,,,,,,,,,,,,,,,,,,,,,,,,
2026-09-06 14:29:50,2026-09-06,SPY_OPEN,165,,,,,,,,,192,126,60,2505.00,1932.00,-573.00,-22.8743,113133,51,NC2_W5,63-45-66,ALTRO,MULTIPLA,,,,,,,,,,,,,,,,,,,,,,,,,
2026-09-06 14:29:50,2026-09-06,SPY_OPEN,165,,,,,,,,,192,126,60,2505.00,1932.00,-573.00,-22.8743,113134,25,C1_exact,20-90-36,MOD5,MULTIPLA,,,,,,,,,,,,,,,,,,,,,,,,,
2026-09-06 14:29:50,2026-09-06,SPY_OPEN,165,,,,,,,,,192,126,60,2505.00,1932.00,-573.00,-22.8743,113135,18,NC2_W5,16-11-44,DECINA,MULTIPLA,,,,,,,,,,,,,,,,,,,,,,,,,
2026-09-06 14:29:50,2026-09-06,SPY_OPEN,165,,,,,,,,,192,126,60,2505.00,1932.00,-573.00,-22.8743,113136,87,NC2_W5,90-89-88,DECINA,MULTIPLA,,,,,,,,,,,,,,,,,,,,,,,,,
2026-09-06 14:29:50,2026-09-06,SPY_OPEN,165,,,,,,,,,192,126,60,2505.00,1932.00,-573.00,-22.8743,113137,23,C1_exact,88-57-14,ALTRO,MULTIPLA,,,,,,,,,,,,,,,,,,,,,,,,,
2026-09-06 14:29:50,2026-09-06,SPY_OPEN,165,,,,,,,,,192,126,60,2505.00,1932.00,-573.00,-22.8743,113138,10,C1_exact,5-90-89,MOD5,MULTIPLA,,,,,,,,,,,,,,,,,,,,,,,,,
2026-09-06 14:29:50,2026-09-06,SPY_OPEN,165,,,,,,,,,192,126,60,2505.00,1932.00,-573.00,-22.8743,113139,50,NC2_W5,45-40-35,ZONA_40,FORTE,,,,,,,,,,,,,,,,,,,,,,,,,
2026-09-06 14:29:50,2026-09-06,SPY_CLOSE_H3,166,,3,,,,,,,192,126,60,2505.00,1932.00,-573.00,-22.8743,113089,87,NC2_W3_gap,25-33-6,ALTRO,MULTIPLA,3,1,0,0,6,3.00,0.00,-3.00,-100.0000,,,,,,,,,,,,,,,,
2026-09-06 14:29:50,2026-09-06,SPY_CLOSE_H3,166,,3,,,,,,,192,126,60,2505.00,1932.00,-573.00,-22.8743,113090,87,C1_exact,55-6-3,ALTRO,MULTIPLA,3,1,1,0,6-55,3.00,0.00,-3.00,-100.0000,,,,,,,,,,,,,,,,
2026-09-06 14:29:50,2026-09-06,SPY_CLOSE_H3,166,,3,,,,,,,192,126,60,2505.00,1932.00,-573.00,-22.8743,113091,63,C3plus,29-51-6,ALTRO,MULTIPLA,3,1,0,0,6,3.00,0.00,-3.00,-100.0000,,,,,,,,,,,,,,,,
2026-09-06 14:29:50,2026-09-06,SPY_CLOSE_H3,166,,3,,,,,,,192,126,60,2505.00,1932.00,-573.00,-22.8743,113092,20,NC3_W5_gap,10-5-15,CATENA_5,MULTIPLA,3,1,1,0,5-15,3.00,0.00,-3.00,-100.0000,,,,,,,,,,,,,,,,
2026-09-06 14:29:50,2026-09-06,SPY_CLOSE_H3,166,,3,,,,,,,192,126,60,2505.00,1932.00,-573.00,-22.8743,113093,65,NC3_W5_gap,21-9-47,ALTRO,MULTIPLA,3,1,1,0,9-21,3.00,0.00,-3.00,-100.0000,,,,,,,,,,,,,,,,
2026-09-06 14:29:50,2026-09-06,SPY_CLOSE_H3,166,,3,,,,,,,192,126,60,2505.00,1932.00,-573.00,-22.8743,113094,25,NC2_W5,20-46-6,ALTRO,MULTIPLA,3,1,0,0,6,3.00,0.00,-3.00,-100.0000,,,,,,,,,,,,,,,,
2026-09-06 14:29:50,2026-09-06,SPY_CLOSE_H3,166,,3,,,,,,,192,126,60,2505.00,1932.00,-573.00,-22.8743,113095,51,NC2_W5,63-45-66,ALTRO,MULTIPLA,3,1,0,0,63,3.00,0.00,-3.00,-100.0000,,,,,,,,,,,,,,,,
2026-09-06 14:29:50,2026-09-06,SPY_CLOSE_H3,166,,3,,,,,,,192,126,60,2505.00,1932.00,-573.00,-22.8743,113096,30,NC3_W5_gap,10-25-15,CATENA_5,MULTIPLA,3,1,1,0,10-25,3.00,0.00,-3.00,-100.0000,,,,,,,,,,,,,,,,
2026-09-06 14:29:50,2026-09-06,SPY_CLOSE_H3,166,,3,,,,,,,192,126,60,2505.00,1932.00,-573.00,-22.8743,113097,45,C1_exact,40-35-90,MOD5,MULTIPLA,3,0,0,0,,3.00,0.00,-3.00,-100.0000,,,,,,,,,,,,,,,,
2026-09-06 14:29:50,2026-09-06,SPY_CLOSE_H3,166,,3,,,,,,,192,126,60,2505.00,1932.00,-573.00,-22.8743,113098,18,NC2_W5,16-11-44,DECINA,MULTIPLA,3,1,0,0,16,3.00,0.00,-3.00,-100.0000,,,,,,,,,,,,,,,,
2026-09-06 14:29:50,2026-09-06,SPY_CLOSE_H3,166,,3,,,,,,,192,126,60,2505.00,1932.00,-573.00,-22.8743,113099,18,NC2_W3_gap,90-88-89,DECINA,MULTIPLA,3,1,0,0,89,3.00,0.00,-3.00,-100.0000,,,,,,,,,,,,,,,,
2026-09-06 14:29:50,2026-09-06,SPY_CLOSE_H3,166,,3,,,,,,,192,126,60,2505.00,1932.00,-573.00,-22.8743,113100,87,NC2_W5,90-89-88,DECINA,MULTIPLA,3,1,0,0,89,3.00,0.00,-3.00,-100.0000,,,,,,,,,,,,,,,,
2026-09-06 14:29:50,2026-09-06,SPY_CLOSE_H3,166,,3,,,,,,,192,126,60,2505.00,1932.00,-573.00,-22.8743,113101,20,NC2_W3_gap,90-87-88,DECINA,MULTIPLA,3,1,0,0,88,3.00,0.00,-3.00,-100.0000,,,,,,,,,,,,,,,,
2026-09-06 14:29:50,2026-09-06,SPY_CLOSE_H3,166,,3,,,,,,,192,126,60,2505.00,1932.00,-573.00,-22.8743,113102,20,C1_exact,15-90-87,MOD5,MULTIPLA,3,1,0,0,15,3.00,0.00,-3.00,-100.0000,,,,,,,,,,,,,,,,
2026-09-06 14:29:50,2026-09-06,SPY_CLOSE_H3,166,,3,,,,,,,192,126,60,2505.00,1932.00,-573.00,-22.8743,113103,5,C1_exact,88-87-89,DECINA,MULTIPLA,3,1,0,0,89,3.00,0.00,-3.00,-100.0000,,,,,,,,,,,,,,,,
2026-09-06 14:29:50,2026-09-06,SPY_CLOSE_H3,166,,3,,,,,,,192,126,60,2505.00,1932.00,-573.00,-22.8743,113104,18,C1_exact,90-86-87,DECINA,MULTIPLA,3,0,0,0,,3.00,0.00,-3.00,-100.0000,,,,,,,,,,,,,,,,
2026-09-06 14:29:50,2026-09-06,SPY_CLOSE_H3,166,,3,,,,,,,192,126,60,2505.00,1932.00,-573.00,-22.8743,113105,16,C1_exact,88-90-59,ALTRO,MULTIPLA,3,1,0,0,88,3.00,0.00,-3.00,-100.0000,,,,,,,,,,,,,,,,
2026-09-06 14:29:50,2026-09-06,SPY_CLOSE_H3,166,,3,,,,,,,192,126,60,2505.00,1932.00,-573.00,-22.8743,113106,15,C3plus,14-28-55,PONTE_55,FORTE,3,1,1,0,14-55,3.00,0.00,-3.00,-100.0000,,,,,,,,,,,,,,,,
2026-09-06 14:29:50,2026-09-06,SPY_CLOSE_H2,166,,2,,,,,,,192,126,60,2505.00,1932.00,-573.00,-22.8743,113107,89,C1_exact,55-70-33,ALTRO,MULTIPLA,2,1,0,0,70,2.00,0.00,-2.00,-100.0000,,,,,,,,,,,,,,,,
2026-09-06 14:29:50,2026-09-06,SPY_CLOSE_H2,166,,2,,,,,,,192,126,60,2505.00,1932.00,-573.00,-22.8743,113108,52,NC2_W3_gap,5-8-1,DECINA,MULTIPLA,2,1,0,0,5,2.00,0.00,-2.00,-100.0000,,,,,,,,,,,,,,,,
2026-09-06 14:29:50,2026-09-06,SPY_CLOSE_H2,166,,2,,,,,,,192,126,60,2505.00,1932.00,-573.00,-22.8743,113109,63,C3plus,29-51-6,ALTRO,MULTIPLA,2,1,0,0,51,2.00,0.00,-2.00,-100.0000,,,,,,,,,,,,,,,,
2026-09-06 14:29:50,2026-09-06,SPY_CLOSE_H2,166,,2,,,,,,,192,126,60,2505.00,1932.00,-573.00,-22.8743,113110,50,C1_exact,45-39-81,ALTRO,MULTIPLA,2,1,0,0,39,2.00,0.00,-2.00,-100.0000,,,,,,,,,,,,,,,,
2026-09-06 14:29:50,2026-09-06,SPY_CLOSE_H2,166,,2,,,,,,,192,126,60,2505.00,1932.00,-573.00,-22.8743,113111,65,NC3_W5_gap,21-9-47,ALTRO,MULTIPLA,2,1,1,0,9-21,2.00,0.00,-2.00,-100.0000,,,,,,,,,,,,,,,,
2026-09-06 14:29:50,2026-09-06,SPY_CLOSE_H2,166,,2,,,,,,,192,126,60,2505.00,1932.00,-573.00,-22.8743,113112,25,NC2_W5,20-46-6,ALTRO,MULTIPLA,2,0,0,0,,2.00,0.00,-2.00,-100.0000,,,,,,,,,,,,,,,,
2026-09-06 14:29:50,2026-09-06,SPY_CLOSE_H2,166,,2,,,,,,,192,126,60,2505.00,1932.00,-573.00,-22.8743,113113,81,C1_exact,55-68-21,ALTRO,MULTIPLA,2,1,0,0,21,2.00,0.00,-2.00,-100.0000,,,,,,,,,,,,,,,,
2026-09-06 14:29:50,2026-09-06,SPY_CLOSE_H2,166,,2,,,,,,,192,126,60,2505.00,1932.00,-573.00,-22.8743,113114,18,NC2_W5,16-11-44,DECINA,MULTIPLA,2,1,0,0,16,2.00,0.00,-2.00,-100.0000,,,,,,,,,,,,,,,,
2026-09-06 14:29:50,2026-09-06,SPY_CLOSE_H2,166,,2,,,,,,,192,126,60,2505.00,1932.00,-573.00,-22.8743,113115,61,C1_exact,19-59-83,ALTRO,MULTIPLA,2,1,1,0,59-83,2.00,0.00,-2.00,-100.0000,,,,,,,,,,,,,,,,
2026-09-06 14:29:50,2026-09-06,SPY_CLOSE_H2,166,,2,,,,,,,192,126,60,2505.00,1932.00,-573.00,-22.8743,113116,17,NC2_W3_gap,90-87-89,DECINA,MULTIPLA,2,0,0,0,,2.00,0.00,-2.00,-100.0000,,,,,,,,,,,,,,,,
2026-09-06 14:29:50,2026-09-06,SPY_CLOSE_H2,166,,2,,,,,,,192,126,60,2505.00,1932.00,-573.00,-22.8743,113117,87,NC2_W5,90-89-88,DECINA,MULTIPLA,2,1,0,0,88,2.00,0.00,-2.00,-100.0000,,,,,,,,,,,,,,,,
2026-09-06 14:29:50,2026-09-06,SPY_CLOSE_H2,166,,2,,,,,,,192,126,60,2505.00,1932.00,-573.00,-22.8743,113118,34,C1_exact,58-77-62,ALTRO,MULTIPLA,2,1,0,0,62,2.00,0.00,-2.00,-100.0000,,,,,,,,,,,,,,,,
2026-09-06 14:29:50,2026-09-06,SPY_CLOSE_H2,166,,2,,,,,,,192,126,60,2505.00,1932.00,-573.00,-22.8743,113119,17,C1_exact,90-86-88,DECINA,MULTIPLA,2,1,0,0,88,2.00,0.00,-2.00,-100.0000,,,,,,,,,,,,,,,,
2026-09-06 14:29:50,2026-09-06,SPY_CLOSE_H2,166,,2,,,,,,,192,126,60,2505.00,1932.00,-573.00,-22.8743,113120,8,C1_exact,87-90-89,DECINA,MULTIPLA,2,0,0,0,,2.00,0.00,-2.00,-100.0000,,,,,,,,,,,,,,,,
2026-09-06 14:29:50,2026-09-06,SPY_CLOSE_H2,166,,2,,,,,,,192,126,60,2505.00,1932.00,-573.00,-22.8743,113121,13,C1_exact,89-90-50,ALTRO,MULTIPLA,2,0,0,0,,2.00,0.00,-2.00,-100.0000,,,,,,,,,,,,,,,,
2026-09-06 14:29:50,2026-09-06,SPY_CLOSE_H2,166,,2,,,,,,,192,126,60,2505.00,1932.00,-573.00,-22.8743,113122,24,C1_exact,88-69-87,ALTRO,MULTIPLA,2,1,0,0,88,2.00,0.00,-2.00,-100.0000,,,,,,,,,,,,,,,,
2026-09-06 14:29:50,2026-09-06,SPY_CLOSE_H2,166,,2,,,,,,,192,126,60,2505.00,1932.00,-573.00,-22.8743,113123,9,C1_exact,90-62-89,ALTRO,MULTIPLA,2,1,0,0,62,2.00,0.00,-2.00,-100.0000,,,,,,,,,,,,,,,,
2026-09-06 14:29:50,2026-09-06,SPY_CLOSE_H2,166,,2,,,,,,,192,126,60,2505.00,1932.00,-573.00,-22.8743,113124,14,C1_exact,90-89-88,DECINA,MULTIPLA,2,1,0,0,88,2.00,0.00,-2.00,-100.0000,,,,,,,,,,,,,,,,
2026-09-06 14:29:50,2026-09-06,SPY_CLOSE_H2,166,,2,,,,,,,192,126,60,2505.00,1932.00,-573.00,-22.8743,113125,1,C1_exact,86-90-85,DECINA,MULTIPLA,2,0,0,0,,2.00,0.00,-2.00,-100.0000,,,,,,,,,,,,,,,,
2026-09-06 14:29:50,2026-09-06,SPY_CLOSE_H2,166,,2,,,,,,,192,126,60,2505.00,1932.00,-573.00,-22.8743,113126,50,NC3_W5_gap,45-40-20,ZONA_40,FORTE,2,0,0,0,,2.00,0.00,-2.00,-100.0000,,,,,,,,,,,,,,,,
2026-09-06 14:29:50,2026-09-06,SPY_CLOSE_H1,166,,1,,,,,,,192,126,60,2505.00,1932.00,-573.00,-22.8743,113127,26,NC2_W3_gap,19-27-14,ALTRO,MULTIPLA,1,1,0,0,27,1.00,0.00,-1.00,-100.0000,,,,,,,,,,,,,,,,
2026-09-06 14:29:50,2026-09-06,SPY_CLOSE_H1,166,,1,,,,,,,192,126,60,2505.00,1932.00,-573.00,-22.8743,113128,13,C2_exact,43-61-70,ALTRO,MULTIPLA,1,1,1,0,43-70,1.00,0.00,-1.00,-100.0000,,,,,,,,,,,,,,,,
2026-09-06 14:29:50,2026-09-06,SPY_CLOSE_H1,166,,1,,,,,,,192,126,60,2505.00,1932.00,-573.00,-22.8743,113129,65,NC3_W5_gap,21-9-47,ALTRO,MULTIPLA,1,1,1,0,9-21,1.00,0.00,-1.00,-100.0000,,,,,,,,,,,,,,,,
2026-09-06 14:29:50,2026-09-06,SPY_CLOSE_H1,166,,1,,,,,,,192,126,60,2505.00,1932.00,-573.00,-22.8743,113130,65,NC2_W3_gap,79-66-80,ALTRO,MULTIPLA,1,0,0,0,,1.00,0.00,-1.00,-100.0000,,,,,,,,,,,,,,,,
2026-09-06 14:29:50,2026-09-06,SPY_CLOSE_H1,166,,1,,,,,,,192,126,60,2505.00,1932.00,-573.00,-22.8743,113131,25,NC2_W5,20-46-6,ALTRO,MULTIPLA,1,0,0,0,,1.00,0.00,-1.00,-100.0000,,,,,,,,,,,,,,,,
2026-09-06 14:29:50,2026-09-06,SPY_CLOSE_H1,166,,1,,,,,,,192,126,60,2505.00,1932.00,-573.00,-22.8743,113132,62,NC2_W3_gap,83-9-90,ALTRO,MULTIPLA,1,1,1,0,9-83,1.00,0.00,-1.00,-100.0000,,,,,,,,,,,,,,,,
2026-09-06 14:29:50,2026-09-06,SPY_CLOSE_H1,166,,1,,,,,,,192,126,60,2505.00,1932.00,-573.00,-22.8743,113133,51,NC2_W5,63-45-66,ALTRO,MULTIPLA,1,0,0,0,,1.00,0.00,-1.00,-100.0000,,,,,,,,,,,,,,,,
2026-09-06 14:29:50,2026-09-06,SPY_CLOSE_H1,166,,1,,,,,,,192,126,60,2505.00,1932.00,-573.00,-22.8743,113134,25,C1_exact,20-90-36,MOD5,MULTIPLA,1,0,0,0,,1.00,0.00,-1.00,-100.0000,,,,,,,,,,,,,,,,
2026-09-06 14:29:50,2026-09-06,SPY_CLOSE_H1,166,,1,,,,,,,192,126,60,2505.00,1932.00,-573.00,-22.8743,113135,18,NC2_W5,16-11-44,DECINA,MULTIPLA,1,1,0,0,16,1.00,0.00,-1.00,-100.0000,,,,,,,,,,,,,,,,
2026-09-06 14:29:50,2026-09-06,SPY_CLOSE_H1,166,,1,,,,,,,192,126,60,2505.00,1932.00,-573.00,-22.8743,113136,87,NC2_W5,90-89-88,DECINA,MULTIPLA,1,0,0,0,,1.00,0.00,-1.00,-100.0000,,,,,,,,,,,,,,,,
2026-09-06 14:29:50,2026-09-06,SPY_CLOSE_H1,166,,1,,,,,,,192,126,60,2505.00,1932.00,-573.00,-22.8743,113137,23,C1_exact,88-57-14,ALTRO,MULTIPLA,1,1,0,0,57,1.00,0.00,-1.00,-100.0000,,,,,,,,,,,,,,,,
2026-09-06 14:29:50,2026-09-06,SPY_CLOSE_H1,166,,1,,,,,,,192,126,60,2505.00,1932.00,-573.00,-22.8743,113138,10,C1_exact,5-90-89,MOD5,MULTIPLA,1,1,0,0,5,1.00,0.00,-1.00,-100.0000,,,,,,,,,,,,,,,,
2026-09-06 14:29:50,2026-09-06,SPY_CLOSE_H1,166,,1,,,,,,,192,126,60,2505.00,1932.00,-573.00,-22.8743,113139,50,NC2_W5,45-40-35,ZONA_40,FORTE,1,0,0,0,,1.00,0.00,-1.00,-100.0000,,,,,,,,,,,,,,,,
2026-09-06 14:29:50,2026-09-06,SPY_OPEN,166,,,,,,,,,192,126,60,2505.00,1932.00,-573.00,-22.8743,113140,65,NC3_W5_gap,21-9-47,ALTRO,MULTIPLA,,,,,,,,,,,,,,,,,,,,,,,,,
2026-09-06 14:29:50,2026-09-06,SPY_OPEN,166,,,,,,,,,192,126,60,2505.00,1932.00,-573.00,-22.8743,113141,37,NC3_W5_gap,58-3-67,ALTRO,MULTIPLA,,,,,,,,,,,,,,,,,,,,,,,,,
2026-09-06 14:29:50,2026-09-06,SPY_OPEN,166,,,,,,,,,192,126,60,2505.00,1932.00,-573.00,-22.8743,113142,25,NC2_W5,20-46-6,ALTRO,MULTIPLA,,,,,,,,,,,,,,,,,,,,,,,,,
2026-09-06 14:29:50,2026-09-06,SPY_OPEN,166,,,,,,,,,192,126,60,2505.00,1932.00,-573.00,-22.8743,113143,15,NC3_W5_gap,10-58-68,ALTRO,MULTIPLA,,,,,,,,,,,,,,,,,,,,,,,,,
2026-09-06 14:29:50,2026-09-06,SPY_OPEN,166,,,,,,,,,192,126,60,2505.00,1932.00,-573.00,-22.8743,113144,54,C2_exact,85-66-52,ALTRO,MULTIPLA,,,,,,,,,,,,,,,,,,,,,,,,,
2026-09-06 14:29:50,2026-09-06,SPY_OPEN,166,,,,,,,,,192,126,60,2505.00,1932.00,-573.00,-22.8743,113145,9,NC2_W3_gap,88-90-89,DECINA,MULTIPLA,,,,,,,,,,,,,,,,,,,,,,,,,
2026-09-06 14:29:50,2026-09-06,SPY_OPEN,166,,,,,,,,,192,126,60,2505.00,1932.00,-573.00,-22.8743,113146,83,C2_exact,87-89-88,DECINA,MULTIPLA,,,,,,,,,,,,,,,,,,,,,,,,,
2026-09-06 14:29:50,2026-09-06,SPY_OPEN,166,,,,,,,,,192,126,60,2505.00,1932.00,-573.00,-22.8743,113147,27,C1_exact,7-40-88,ALTRO,MULTIPLA,,,,,,,,,,,,,,,,,,,,,,,,,
2026-09-06 14:29:50,2026-09-06,SPY_OPEN,166,,,,,,,,,192,126,60,2505.00,1932.00,-573.00,-22.8743,113148,21,C1_exact,51-88-84,ALTRO,MULTIPLA,,,,,,,,,,,,,,,,,,,,,,,,,
2026-09-06 14:29:50,2026-09-06,SPY_OPEN,166,,,,,,,,,192,126,60,2505.00,1932.00,-573.00,-22.8743,113149,15,C1_exact,10-89-88,ALTRO,MULTIPLA,,,,,,,,,,,,,,,,,,,,,,,,,
2026-09-06 14:29:50,2026-09-06,SPY_OPEN,166,,,,,,,,,192,126,60,2505.00,1932.00,-573.00,-22.8743,113150,5,C1_exact,88-87-89,DECINA,MULTIPLA,,,,,,,,,,,,,,,,,,,,,,,,,
2026-09-06 14:29:50,2026-09-06,SPY_OPEN,166,,,,,,,,,192,126,60,2505.00,1932.00,-573.00,-22.8743,113151,16,C1_exact,88-90-59,ALTRO,MULTIPLA,,,,,,,,,,,,,,,,,,,,,,,,,
2026-09-06 14:29:50,2026-09-06,SPY_OPEN,166,,,,,,,,,192,126,60,2505.00,1932.00,-573.00,-22.8743,113152,9,C1_exact,90-62-89,ALTRO,MULTIPLA,,,,,,,,,,,,,,,,,,,,,,,,,
2026-09-06 14:29:50,2026-09-06,SUM9091_LAB_OPEN,166,1905,0,19,,19-71-72,REPEAT_RAW_SUM_829_FROM_E122_GAP_44_OCC_2,,,192,126,60,2505.00,1932.00,-573.00,-22.8743,,,,,,,,,,,,,,,,,,,,,,,,,,,,,,,
2026-09-06 14:29:50,2026-09-06,SPY_CLOSE_H3,167,,3,,,,,,,192,126,60,2505.00,1932.00,-573.00,-22.8743,113107,89,C1_exact,55-70-33,ALTRO,MULTIPLA,3,1,0,0,70,3.00,0.00,-3.00,-100.0000,,,,,,,,,,,,,,,,
2026-09-06 14:29:50,2026-09-06,SPY_CLOSE_H3,167,,3,,,,,,,192,126,60,2505.00,1932.00,-573.00,-22.8743,113108,52,NC2_W3_gap,5-8-1,DECINA,MULTIPLA,3,1,0,0,5,3.00,0.00,-3.00,-100.0000,,,,,,,,,,,,,,,,
2026-09-06 14:29:50,2026-09-06,SPY_CLOSE_H3,167,,3,,,,,,,192,126,60,2505.00,1932.00,-573.00,-22.8743,113109,63,C3plus,29-51-6,ALTRO,MULTIPLA,3,1,1,0,6-29,3.00,0.00,-3.00,-100.0000,,,,,,,,,,,,,,,,
2026-09-06 14:29:50,2026-09-06,SPY_CLOSE_H3,167,,3,,,,,,,192,126,60,2505.00,1932.00,-573.00,-22.8743,113110,50,C1_exact,45-39-81,ALTRO,MULTIPLA,3,1,0,0,39,3.00,0.00,-3.00,-100.0000,,,,,,,,,,,,,,,,
2026-09-06 14:29:50,2026-09-06,SPY_CLOSE_H3,167,,3,,,,,,,192,126,60,2505.00,1932.00,-573.00,-22.8743,113111,65,NC3_W5_gap,21-9-47,ALTRO,MULTIPLA,3,1,1,0,9-21,3.00,0.00,-3.00,-100.0000,,,,,,,,,,,,,,,,
2026-09-06 14:29:50,2026-09-06,SPY_CLOSE_H3,167,,3,,,,,,,192,126,60,2505.00,1932.00,-573.00,-22.8743,113112,25,NC2_W5,20-46-6,ALTRO,MULTIPLA,3,1,0,0,6,3.00,0.00,-3.00,-100.0000,,,,,,,,,,,,,,,,
2026-09-06 14:29:50,2026-09-06,SPY_CLOSE_H3,167,,3,,,,,,,192,126,60,2505.00,1932.00,-573.00,-22.8743,113113,81,C1_exact,55-68-21,ALTRO,MULTIPLA,3,1,0,0,21,3.00,0.00,-3.00,-100.0000,,,,,,,,,,,,,,,,
2026-09-06 14:29:50,2026-09-06,SPY_CLOSE_H3,167,,3,,,,,,,192,126,60,2505.00,1932.00,-573.00,-22.8743,113114,18,NC2_W5,16-11-44,DECINA,MULTIPLA,3,1,0,0,16,3.00,0.00,-3.00,-100.0000,,,,,,,,,,,,,,,,
2026-09-06 14:29:50,2026-09-06,SPY_CLOSE_H3,167,,3,,,,,,,192,126,60,2505.00,1932.00,-573.00,-22.8743,113115,61,C1_exact,19-59-83,ALTRO,MULTIPLA,3,1,1,1,19-59-83,3.00,45.00,42.00,1400.0000,,,,,,,,,,,,,,,,
2026-09-06 14:29:50,2026-09-06,SPY_CLOSE_H3,167,,3,,,,,,,192,126,60,2505.00,1932.00,-573.00,-22.8743,113116,17,NC2_W3_gap,90-87-89,DECINA,MULTIPLA,3,0,0,0,,3.00,0.00,-3.00,-100.0000,,,,,,,,,,,,,,,,
2026-09-06 14:29:50,2026-09-06,SPY_CLOSE_H3,167,,3,,,,,,,192,126,60,2505.00,1932.00,-573.00,-22.8743,113117,87,NC2_W5,90-89-88,DECINA,MULTIPLA,3,1,0,0,88,3.00,0.00,-3.00,-100.0000,,,,,,,,,,,,,,,,
2026-09-06 14:29:50,2026-09-06,SPY_CLOSE_H3,167,,3,,,,,,,192,126,60,2505.00,1932.00,-573.00,-22.8743,113118,34,C1_exact,58-77-62,ALTRO,MULTIPLA,3,1,0,0,62,3.00,0.00,-3.00,-100.0000,,,,,,,,,,,,,,,,
2026-09-06 14:29:50,2026-09-06,SPY_CLOSE_H3,167,,3,,,,,,,192,126,60,2505.00,1932.00,-573.00,-22.8743,113119,17,C1_exact,90-86-88,DECINA,MULTIPLA,3,1,0,0,88,3.00,0.00,-3.00,-100.0000,,,,,,,,,,,,,,,,
2026-09-06 14:29:50,2026-09-06,SPY_CLOSE_H3,167,,3,,,,,,,192,126,60,2505.00,1932.00,-573.00,-22.8743,113120,8,C1_exact,87-90-89,DECINA,MULTIPLA,3,0,0,0,,3.00,0.00,-3.00,-100.0000,,,,,,,,,,,,,,,,
2026-09-06 14:29:50,2026-09-06,SPY_CLOSE_H3,167,,3,,,,,,,192,126,60,2505.00,1932.00,-573.00,-22.8743,113121,13,C1_exact,89-90-50,ALTRO,MULTIPLA,3,0,0,0,,3.00,0.00,-3.00,-100.0000,,,,,,,,,,,,,,,,
2026-09-06 14:29:50,2026-09-06,SPY_CLOSE_H3,167,,3,,,,,,,192,126,60,2505.00,1932.00,-573.00,-22.8743,113122,24,C1_exact,88-69-87,ALTRO,MULTIPLA,3,1,0,0,88,3.00,0.00,-3.00,-100.0000,,,,,,,,,,,,,,,,
2026-09-06 14:29:50,2026-09-06,SPY_CLOSE_H3,167,,3,,,,,,,192,126,60,2505.00,1932.00,-573.00,-22.8743,113123,9,C1_exact,90-62-89,ALTRO,MULTIPLA,3,1,0,0,62,3.00,0.00,-3.00,-100.0000,,,,,,,,,,,,,,,,
2026-09-06 14:29:50,2026-09-06,SPY_CLOSE_H3,167,,3,,,,,,,192,126,60,2505.00,1932.00,-573.00,-22.8743,113124,14,C1_exact,90-89-88,DECINA,MULTIPLA,3,1,0,0,88,3.00,0.00,-3.00,-100.0000,,,,,,,,,,,,,,,,
2026-09-06 14:29:50,2026-09-06,SPY_CLOSE_H3,167,,3,,,,,,,192,126,60,2505.00,1932.00,-573.00,-22.8743,113125,1,C1_exact,86-90-85,DECINA,MULTIPLA,3,0,0,0,,3.00,0.00,-3.00,-100.0000,,,,,,,,,,,,,,,,
2026-09-06 14:29:50,2026-09-06,SPY_CLOSE_H3,167,,3,,,,,,,192,126,60,2505.00,1932.00,-573.00,-22.8743,113126,50,NC3_W5_gap,45-40-20,ZONA_40,FORTE,3,0,0,0,,3.00,0.00,-3.00,-100.0000,,,,,,,,,,,,,,,,
2026-09-06 14:29:50,2026-09-06,SPY_CLOSE_H2,167,,2,,,,,,,192,126,60,2505.00,1932.00,-573.00,-22.8743,113127,26,NC2_W3_gap,19-27-14,ALTRO,MULTIPLA,2,1,0,0,27,2.00,0.00,-2.00,-100.0000,,,,,,,,,,,,,,,,
2026-09-06 14:29:50,2026-09-06,SPY_CLOSE_H2,167,,2,,,,,,,192,126,60,2505.00,1932.00,-573.00,-22.8743,113128,13,C2_exact,43-61-70,ALTRO,MULTIPLA,2,1,1,0,43-70,2.00,0.00,-2.00,-100.0000,,,,,,,,,,,,,,,,
2026-09-06 14:29:50,2026-09-06,SPY_CLOSE_H2,167,,2,,,,,,,192,126,60,2505.00,1932.00,-573.00,-22.8743,113129,65,NC3_W5_gap,21-9-47,ALTRO,MULTIPLA,2,1,1,0,9-21,2.00,0.00,-2.00,-100.0000,,,,,,,,,,,,,,,,
2026-09-06 14:29:50,2026-09-06,SPY_CLOSE_H2,167,,2,,,,,,,192,126,60,2505.00,1932.00,-573.00,-22.8743,113130,65,NC2_W3_gap,79-66-80,ALTRO,MULTIPLA,2,1,0,0,66,2.00,0.00,-2.00,-100.0000,,,,,,,,,,,,,,,,
2026-09-06 14:29:50,2026-09-06,SPY_CLOSE_H2,167,,2,,,,,,,192,126,60,2505.00,1932.00,-573.00,-22.8743,113131,25,NC2_W5,20-46-6,ALTRO,MULTIPLA,2,1,0,0,6,2.00,0.00,-2.00,-100.0000,,,,,,,,,,,,,,,,
2026-09-06 14:29:50,2026-09-06,SPY_CLOSE_H2,167,,2,,,,,,,192,126,60,2505.00,1932.00,-573.00,-22.8743,113132,62,NC2_W3_gap,83-9-90,ALTRO,MULTIPLA,2,1,1,0,9-83,2.00,0.00,-2.00,-100.0000,,,,,,,,,,,,,,,,
2026-09-06 14:29:50,2026-09-06,SPY_CLOSE_H2,167,,2,,,,,,,192,126,60,2505.00,1932.00,-573.00,-22.8743,113133,51,NC2_W5,63-45-66,ALTRO,MULTIPLA,2,1,0,0,66,2.00,0.00,-2.00,-100.0000,,,,,,,,,,,,,,,,
2026-09-06 14:29:50,2026-09-06,SPY_CLOSE_H2,167,,2,,,,,,,192,126,60,2505.00,1932.00,-573.00,-22.8743,113134,25,C1_exact,20-90-36,MOD5,MULTIPLA,2,0,0,0,,2.00,0.00,-2.00,-100.0000,,,,,,,,,,,,,,,,
2026-09-06 14:29:50,2026-09-06,SPY_CLOSE_H2,167,,2,,,,,,,192,126,60,2505.00,1932.00,-573.00,-22.8743,113135,18,NC2_W5,16-11-44,DECINA,MULTIPLA,2,1,0,0,16,2.00,0.00,-2.00,-100.0000,,,,,,,,,,,,,,,,
2026-09-06 14:29:50,2026-09-06,SPY_CLOSE_H2,167,,2,,,,,,,192,126,60,2505.00,1932.00,-573.00,-22.8743,113136,87,NC2_W5,90-89-88,DECINA,MULTIPLA,2,0,0,0,,2.00,0.00,-2.00,-100.0000,,,,,,,,,,,,,,,,
2026-09-06 14:29:50,2026-09-06,SPY_CLOSE_H2,167,,2,,,,,,,192,126,60,2505.00,1932.00,-573.00,-22.8743,113137,23,C1_exact,88-57-14,ALTRO,MULTIPLA,2,1,0,0,57,2.00,0.00,-2.00,-100.0000,,,,,,,,,,,,,,,,
2026-09-06 14:29:50,2026-09-06,SPY_CLOSE_H2,167,,2,,,,,,,192,126,60,2505.00,1932.00,-573.00,-22.8743,113138,10,C1_exact,5-90-89,MOD5,MULTIPLA,2,1,0,0,5,2.00,0.00,-2.00,-100.0000,,,,,,,,,,,,,,,,
2026-09-06 14:29:50,2026-09-06,SPY_CLOSE_H2,167,,2,,,,,,,192,126,60,2505.00,1932.00,-573.00,-22.8743,113139,50,NC2_W5,45-40-35,ZONA_40,FORTE,2,0,0,0,,2.00,0.00,-2.00,-100.0000,,,,,,,,,,,,,,,,
2026-09-06 14:29:50,2026-09-06,SPY_CLOSE_H1,167,,1,,,,,,,192,126,60,2505.00,1932.00,-573.00,-22.8743,113140,65,NC3_W5_gap,21-9-47,ALTRO,MULTIPLA,1,0,0,0,,1.00,0.00,-1.00,-100.0000,,,,,,,,,,,,,,,,
2026-09-06 14:29:50,2026-09-06,SPY_CLOSE_H1,167,,1,,,,,,,192,126,60,2505.00,1932.00,-573.00,-22.8743,113141,37,NC3_W5_gap,58-3-67,ALTRO,MULTIPLA,1,1,0,0,3,1.00,0.00,-1.00,-100.0000,,,,,,,,,,,,,,,,
2026-09-06 14:29:50,2026-09-06,SPY_CLOSE_H1,167,,1,,,,,,,192,126,60,2505.00,1932.00,-573.00,-22.8743,113142,25,NC2_W5,20-46-6,ALTRO,MULTIPLA,1,1,0,0,6,1.00,0.00,-1.00,-100.0000,,,,,,,,,,,,,,,,
2026-09-06 14:29:50,2026-09-06,SPY_CLOSE_H1,167,,1,,,,,,,192,126,60,2505.00,1932.00,-573.00,-22.8743,113143,15,NC3_W5_gap,10-58-68,ALTRO,MULTIPLA,1,0,0,0,,1.00,0.00,-1.00,-100.0000,,,,,,,,,,,,,,,,
2026-09-06 14:29:50,2026-09-06,SPY_CLOSE_H1,167,,1,,,,,,,192,126,60,2505.00,1932.00,-573.00,-22.8743,113144,54,C2_exact,85-66-52,ALTRO,MULTIPLA,1,1,0,0,66,1.00,0.00,-1.00,-100.0000,,,,,,,,,,,,,,,,
2026-09-06 14:29:50,2026-09-06,SPY_CLOSE_H1,167,,1,,,,,,,192,126,60,2505.00,1932.00,-573.00,-22.8743,113145,9,NC2_W3_gap,88-90-89,DECINA,MULTIPLA,1,0,0,0,,1.00,0.00,-1.00,-100.0000,,,,,,,,,,,,,,,,
2026-09-06 14:29:50,2026-09-06,SPY_CLOSE_H1,167,,1,,,,,,,192,126,60,2505.00,1932.00,-573.00,-22.8743,113146,83,C2_exact,87-89-88,DECINA,MULTIPLA,1,0,0,0,,1.00,0.00,-1.00,-100.0000,,,,,,,,,,,,,,,,
2026-09-06 14:29:50,2026-09-06,SPY_CLOSE_H1,167,,1,,,,,,,192,126,60,2505.00,1932.00,-573.00,-22.8743,113147,27,C1_exact,7-40-88,ALTRO,MULTIPLA,1,0,0,0,,1.00,0.00,-1.00,-100.0000,,,,,,,,,,,,,,,,
2026-09-06 14:29:50,2026-09-06,SPY_CLOSE_H1,167,,1,,,,,,,192,126,60,2505.00,1932.00,-573.00,-22.8743,113148,21,C1_exact,51-88-84,ALTRO,MULTIPLA,1,0,0,0,,1.00,0.00,-1.00,-100.0000,,,,,,,,,,,,,,,,
2026-09-06 14:29:50,2026-09-06,SPY_CLOSE_H1,167,,1,,,,,,,192,126,60,2505.00,1932.00,-573.00,-22.8743,113149,15,C1_exact,10-89-88,ALTRO,MULTIPLA,1,0,0,0,,1.00,0.00,-1.00,-100.0000,,,,,,,,,,,,,,,,
2026-09-06 14:29:50,2026-09-06,SPY_CLOSE_H1,167,,1,,,,,,,192,126,60,2505.00,1932.00,-573.00,-22.8743,113150,5,C1_exact,88-87-89,DECINA,MULTIPLA,1,0,0,0,,1.00,0.00,-1.00,-100.0000,,,,,,,,,,,,,,,,
2026-09-06 14:29:50,2026-09-06,SPY_CLOSE_H1,167,,1,,,,,,,192,126,60,2505.00,1932.00,-573.00,-22.8743,113151,16,C1_exact,88-90-59,ALTRO,MULTIPLA,1,1,0,0,59,1.00,0.00,-1.00,-100.0000,,,,,,,,,,,,,,,,
2026-09-06 14:29:50,2026-09-06,SPY_CLOSE_H1,167,,1,,,,,,,192,126,60,2505.00,1932.00,-573.00,-22.8743,113152,9,C1_exact,90-62-89,ALTRO,MULTIPLA,1,0,0,0,,1.00,0.00,-1.00,-100.0000,,,,,,,,,,,,,,,,
2026-09-06 14:29:50,2026-09-06,SPY_OPEN,167,,,,,,,,,192,126,60,2505.00,1932.00,-573.00,-22.8743,113153,26,NC2_W3_gap,19-27-14,ALTRO,MULTIPLA,,,,,,,,,,,,,,,,,,,,,,,,,
2026-09-06 14:29:50,2026-09-06,SPY_OPEN,167,,,,,,,,,192,126,60,2505.00,1932.00,-573.00,-22.8743,113154,25,NC2_W3_gap,20-90-24,MOD5,MULTIPLA,,,,,,,,,,,,,,,,,,,,,,,,,
2026-09-06 14:29:50,2026-09-06,SPY_OPEN,167,,,,,,,,,192,126,60,2505.00,1932.00,-573.00,-22.8743,113155,37,NC3_W5_gap,58-3-67,ALTRO,MULTIPLA,,,,,,,,,,,,,,,,,,,,,,,,,
2026-09-06 14:29:50,2026-09-06,SPY_OPEN,167,,,,,,,,,192,126,60,2505.00,1932.00,-573.00,-22.8743,113156,25,NC2_W5,20-46-6,ALTRO,MULTIPLA,,,,,,,,,,,,,,,,,,,,,,,,,
2026-09-06 14:29:50,2026-09-06,SPY_OPEN,167,,,,,,,,,192,126,60,2505.00,1932.00,-573.00,-22.8743,113157,25,C1_exact,20-90-36,MOD5,MULTIPLA,,,,,,,,,,,,,,,,,,,,,,,,,
2026-09-06 14:29:50,2026-09-06,SPY_OPEN,167,,,,,,,,,192,126,60,2505.00,1932.00,-573.00,-22.8743,113158,13,NC2_W3_gap,89-90-86,DECINA,MULTIPLA,,,,,,,,,,,,,,,,,,,,,,,,,
2026-09-06 14:29:50,2026-09-06,SPY_OPEN,167,,,,,,,,,192,126,60,2505.00,1932.00,-573.00,-22.8743,113159,15,NC2_W5,10-16-82,ALTRO,MULTIPLA,,,,,,,,,,,,,,,,,,,,,,,,,
2026-09-06 14:29:50,2026-09-06,SPY_OPEN,167,,,,,,,,,192,126,60,2505.00,1932.00,-573.00,-22.8743,113160,13,NC3_W5_gap,89-86-82,DECINA,MULTIPLA,,,,,,,,,,,,,,,,,,,,,,,,,
2026-09-06 14:29:50,2026-09-06,SPY_OPEN,167,,,,,,,,,192,126,60,2505.00,1932.00,-573.00,-22.8743,113161,29,C1_exact,81-8-77,ALTRO,MULTIPLA,,,,,,,,,,,,,,,,,,,,,,,,,
2026-09-06 14:29:50,2026-09-06,SPY_OPEN,167,,,,,,,,,192,126,60,2505.00,1932.00,-573.00,-22.8743,113162,19,C1_exact,89-85-90,DECINA,MULTIPLA,,,,,,,,,,,,,,,,,,,,,,,,,
2026-09-06 14:29:50,2026-09-06,SPY_OPEN,167,,,,,,,,,192,126,60,2505.00,1932.00,-573.00,-22.8743,113163,13,C1_exact,89-90-50,ALTRO,MULTIPLA,,,,,,,,,,,,,,,,,,,,,,,,,
2026-09-06 14:29:50,2026-09-06,SPY_OPEN,167,,,,,,,,,192,126,60,2505.00,1932.00,-573.00,-22.8743,113164,3,C1_exact,90-89-9,ALTRO,MULTIPLA,,,,,,,,,,,,,,,,,,,,,,,,,
2026-09-06 14:29:50,2026-09-06,SPY_CLOSE_H3,168,,3,,,,,,,192,126,60,2505.00,1932.00,-573.00,-22.8743,113127,26,NC2_W3_gap,19-27-14,ALTRO,MULTIPLA,3,1,1,0,14-19,3.00,0.00,-3.00,-100.0000,,,,,,,,,,,,,,,,
2026-09-06 14:29:50,2026-09-06,SPY_CLOSE_H3,168,,3,,,,,,,192,126,60,2505.00,1932.00,-573.00,-22.8743,113128,13,C2_exact,43-61-70,ALTRO,MULTIPLA,3,1,1,0,43-70,3.00,0.00,-3.00,-100.0000,,,,,,,,,,,,,,,,
2026-09-06 14:29:50,2026-09-06,SPY_CLOSE_H3,168,,3,,,,,,,192,126,60,2505.00,1932.00,-573.00,-22.8743,113129,65,NC3_W5_gap,21-9-47,ALTRO,MULTIPLA,3,1,1,0,9-21,3.00,0.00,-3.00,-100.0000,,,,,,,,,,,,,,,,
2026-09-06 14:29:50,2026-09-06,SPY_CLOSE_H3,168,,3,,,,,,,192,126,60,2505.00,1932.00,-573.00,-22.8743,113130,65,NC2_W3_gap,79-66-80,ALTRO,MULTIPLA,3,1,0,0,66,3.00,0.00,-3.00,-100.0000,,,,,,,,,,,,,,,,
2026-09-06 14:29:50,2026-09-06,SPY_CLOSE_H3,168,,3,,,,,,,192,126,60,2505.00,1932.00,-573.00,-22.8743,113131,25,NC2_W5,20-46-6,ALTRO,MULTIPLA,3,1,1,0,20-46,3.00,0.00,-3.00,-100.0000,,,,,,,,,,,,,,,,
2026-09-06 14:29:50,2026-09-06,SPY_CLOSE_H3,168,,3,,,,,,,192,126,60,2505.00,1932.00,-573.00,-22.8743,113132,62,NC2_W3_gap,83-9-90,ALTRO,MULTIPLA,3,1,1,0,9-83,3.00,0.00,-3.00,-100.0000,,,,,,,,,,,,,,,,
2026-09-06 14:29:50,2026-09-06,SPY_CLOSE_H3,168,,3,,,,,,,192,126,60,2505.00,1932.00,-573.00,-22.8743,113133,51,NC2_W5,63-45-66,ALTRO,MULTIPLA,3,1,0,0,66,3.00,0.00,-3.00,-100.0000,,,,,,,,,,,,,,,,
2026-09-06 14:29:50,2026-09-06,SPY_CLOSE_H3,168,,3,,,,,,,192,126,60,2505.00,1932.00,-573.00,-22.8743,113134,25,C1_exact,20-90-36,MOD5,MULTIPLA,3,1,0,0,20,3.00,0.00,-3.00,-100.0000,,,,,,,,,,,,,,,,
2026-09-06 14:29:50,2026-09-06,SPY_CLOSE_H3,168,,3,,,,,,,192,126,60,2505.00,1932.00,-573.00,-22.8743,113135,18,NC2_W5,16-11-44,DECINA,MULTIPLA,3,1,0,0,16,3.00,0.00,-3.00,-100.0000,,,,,,,,,,,,,,,,
2026-09-06 14:29:50,2026-09-06,SPY_CLOSE_H3,168,,3,,,,,,,192,126,60,2505.00,1932.00,-573.00,-22.8743,113136,87,NC2_W5,90-89-88,DECINA,MULTIPLA,3,1,0,0,89,3.00,0.00,-3.00,-100.0000,,,,,,,,,,,,,,,,
2026-09-06 14:29:50,2026-09-06,SPY_CLOSE_H3,168,,3,,,,,,,192,126,60,2505.00,1932.00,-573.00,-22.8743,113137,23,C1_exact,88-57-14,ALTRO,MULTIPLA,3,1,0,0,57,3.00,0.00,-3.00,-100.0000,,,,,,,,,,,,,,,,
2026-09-06 14:29:50,2026-09-06,SPY_CLOSE_H3,168,,3,,,,,,,192,126,60,2505.00,1932.00,-573.00,-22.8743,113138,10,C1_exact,5-90-89,MOD5,MULTIPLA,3,1,0,0,5,3.00,0.00,-3.00,-100.0000,,,,,,,,,,,,,,,,
2026-09-06 14:29:50,2026-09-06,SPY_CLOSE_H3,168,,3,,,,,,,192,126,60,2505.00,1932.00,-573.00,-22.8743,113139,50,NC2_W5,45-40-35,ZONA_40,FORTE,3,0,0,0,,3.00,0.00,-3.00,-100.0000,,,,,,,,,,,,,,,,
2026-09-06 14:29:50,2026-09-06,SPY_CLOSE_H2,168,,2,,,,,,,192,126,60,2505.00,1932.00,-573.00,-22.8743,113140,65,NC3_W5_gap,21-9-47,ALTRO,MULTIPLA,2,1,1,0,9-47,2.00,0.00,-2.00,-100.0000,,,,,,,,,,,,,,,,
2026-09-06 14:29:50,2026-09-06,SPY_CLOSE_H2,168,,2,,,,,,,192,126,60,2505.00,1932.00,-573.00,-22.8743,113141,37,NC3_W5_gap,58-3-67,ALTRO,MULTIPLA,2,1,0,0,3,2.00,0.00,-2.00,-100.0000,,,,,,,,,,,,,,,,
2026-09-06 14:29:50,2026-09-06,SPY_CLOSE_H2,168,,2,,,,,,,192,126,60,2505.00,1932.00,-573.00,-22.8743,113142,25,NC2_W5,20-46-6,ALTRO,MULTIPLA,2,1,1,0,20-46,2.00,0.00,-2.00,-100.0000,,,,,,,,,,,,,,,,
2026-09-06 14:29:50,2026-09-06,SPY_CLOSE_H2,168,,2,,,,,,,192,126,60,2505.00,1932.00,-573.00,-22.8743,113143,15,NC3_W5_gap,10-58-68,ALTRO,MULTIPLA,2,1,1,0,10-68,2.00,0.00,-2.00,-100.0000,,,,,,,,,,,,,,,,
2026-09-06 14:29:50,2026-09-06,SPY_CLOSE_H2,168,,2,,,,,,,192,126,60,2505.00,1932.00,-573.00,-22.8743,113144,54,C2_exact,85-66-52,ALTRO,MULTIPLA,2,1,0,0,66,2.00,0.00,-2.00,-100.0000,,,,,,,,,,,,,,,,
2026-09-06 14:29:50,2026-09-06,SPY_CLOSE_H2,168,,2,,,,,,,192,126,60,2505.00,1932.00,-573.00,-22.8743,113145,9,NC2_W3_gap,88-90-89,DECINA,MULTIPLA,2,1,0,0,89,2.00,0.00,-2.00,-100.0000,,,,,,,,,,,,,,,,
2026-09-06 14:29:50,2026-09-06,SPY_CLOSE_H2,168,,2,,,,,,,192,126,60,2505.00,1932.00,-573.00,-22.8743,113146,83,C2_exact,87-89-88,DECINA,MULTIPLA,2,1,0,0,89,2.00,0.00,-2.00,-100.0000,,,,,,,,,,,,,,,,
2026-09-06 14:29:50,2026-09-06,SPY_CLOSE_H2,168,,2,,,,,,,192,126,60,2505.00,1932.00,-573.00,-22.8743,113147,27,C1_exact,7-40-88,ALTRO,MULTIPLA,2,1,0,0,7,2.00,0.00,-2.00,-100.0000,,,,,,,,,,,,,,,,
2026-09-06 14:29:50,2026-09-06,SPY_CLOSE_H2,168,,2,,,,,,,192,126,60,2505.00,1932.00,-573.00,-22.8743,113148,21,C1_exact,51-88-84,ALTRO,MULTIPLA,2,0,0,0,,2.00,0.00,-2.00,-100.0000,,,,,,,,,,,,,,,,
2026-09-06 14:29:50,2026-09-06,SPY_CLOSE_H2,168,,2,,,,,,,192,126,60,2505.00,1932.00,-573.00,-22.8743,113149,15,C1_exact,10-89-88,ALTRO,MULTIPLA,2,1,1,0,10-89,2.00,0.00,-2.00,-100.0000,,,,,,,,,,,,,,,,
2026-09-06 14:29:50,2026-09-06,SPY_CLOSE_H2,168,,2,,,,,,,192,126,60,2505.00,1932.00,-573.00,-22.8743,113150,5,C1_exact,88-87-89,DECINA,MULTIPLA,2,1,0,0,89,2.00,0.00,-2.00,-100.0000,,,,,,,,,,,,,,,,
2026-09-06 14:29:50,2026-09-06,SPY_CLOSE_H2,168,,2,,,,,,,192,126,60,2505.00,1932.00,-573.00,-22.8743,113151,16,C1_exact,88-90-59,ALTRO,MULTIPLA,2,1,0,0,59,2.00,0.00,-2.00,-100.0000,,,,,,,,,,,,,,,,
2026-09-06 14:29:50,2026-09-06,SPY_CLOSE_H2,168,,2,,,,,,,192,126,60,2505.00,1932.00,-573.00,-22.8743,113152,9,C1_exact,90-62-89,ALTRO,MULTIPLA,2,1,0,0,89,2.00,0.00,-2.00,-100.0000,,,,,,,,,,,,,,,,
2026-09-06 14:29:50,2026-09-06,SPY_CLOSE_H1,168,,1,,,,,,,192,126,60,2505.00,1932.00,-573.00,-22.8743,113153,26,NC2_W3_gap,19-27-14,ALTRO,MULTIPLA,1,1,1,0,14-19,1.00,0.00,-1.00,-100.0000,,,,,,,,,,,,,,,,
2026-09-06 14:29:50,2026-09-06,SPY_CLOSE_H1,168,,1,,,,,,,192,126,60,2505.00,1932.00,-573.00,-22.8743,113154,25,NC2_W3_gap,20-90-24,MOD5,MULTIPLA,1,1,0,0,20,1.00,0.00,-1.00,-100.0000,,,,,,,,,,,,,,,,
2026-09-06 14:29:50,2026-09-06,SPY_CLOSE_H1,168,,1,,,,,,,192,126,60,2505.00,1932.00,-573.00,-22.8743,113155,37,NC3_W5_gap,58-3-67,ALTRO,MULTIPLA,1,1,0,0,67,1.00,0.00,-1.00,-100.0000,,,,,,,,,,,,,,,,
2026-09-06 14:29:50,2026-09-06,SPY_CLOSE_H1,168,,1,,,,,,,192,126,60,2505.00,1932.00,-573.00,-22.8743,113156,25,NC2_W5,20-46-6,ALTRO,MULTIPLA,1,1,1,0,20-46,1.00,0.00,-1.00,-100.0000,,,,,,,,,,,,,,,,
2026-09-06 14:29:50,2026-09-06,SPY_CLOSE_H1,168,,1,,,,,,,192,126,60,2505.00,1932.00,-573.00,-22.8743,113157,25,C1_exact,20-90-36,MOD5,MULTIPLA,1,1,0,0,20,1.00,0.00,-1.00,-100.0000,,,,,,,,,,,,,,,,
2026-09-06 14:29:50,2026-09-06,SPY_CLOSE_H1,168,,1,,,,,,,192,126,60,2505.00,1932.00,-573.00,-22.8743,113158,13,NC2_W3_gap,89-90-86,DECINA,MULTIPLA,1,1,0,0,89,1.00,0.00,-1.00,-100.0000,,,,,,,,,,,,,,,,
2026-09-06 14:29:50,2026-09-06,SPY_CLOSE_H1,168,,1,,,,,,,192,126,60,2505.00,1932.00,-573.00,-22.8743,113159,15,NC2_W5,10-16-82,ALTRO,MULTIPLA,1,1,0,0,10,1.00,0.00,-1.00,-100.0000,,,,,,,,,,,,,,,,
2026-09-06 14:29:50,2026-09-06,SPY_CLOSE_H1,168,,1,,,,,,,192,126,60,2505.00,1932.00,-573.00,-22.8743,113160,13,NC3_W5_gap,89-86-82,DECINA,MULTIPLA,1,1,0,0,89,1.00,0.00,-1.00,-100.0000,,,,,,,,,,,,,,,,
2026-09-06 14:29:50,2026-09-06,SPY_CLOSE_H1,168,,1,,,,,,,192,126,60,2505.00,1932.00,-573.00,-22.8743,113161,29,C1_exact,81-8-77,ALTRO,MULTIPLA,1,0,0,0,,1.00,0.00,-1.00,-100.0000,,,,,,,,,,,,,,,,
2026-09-06 14:29:50,2026-09-06,SPY_CLOSE_H1,168,,1,,,,,,,192,126,60,2505.00,1932.00,-573.00,-22.8743,113162,19,C1_exact,89-85-90,DECINA,MULTIPLA,1,1,0,0,89,1.00,0.00,-1.00,-100.0000,,,,,,,,,,,,,,,,
2026-09-06 14:29:50,2026-09-06,SPY_CLOSE_H1,168,,1,,,,,,,192,126,60,2505.00,1932.00,-573.00,-22.8743,113163,13,C1_exact,89-90-50,ALTRO,MULTIPLA,1,1,0,0,89,1.00,0.00,-1.00,-100.0000,,,,,,,,,,,,,,,,
2026-09-06 14:29:50,2026-09-06,SPY_CLOSE_H1,168,,1,,,,,,,192,126,60,2505.00,1932.00,-573.00,-22.8743,113164,3,C1_exact,90-89-9,ALTRO,MULTIPLA,1,1,1,0,9-89,1.00,0.00,-1.00,-100.0000,,,,,,,,,,,,,,,,
2026-09-06 14:29:50,2026-09-06,SPY_OPEN,168,,,,,,,,,192,126,60,2505.00,1932.00,-573.00,-22.8743,113165,89,C1_exact,55-70-33,ALTRO,MULTIPLA,,,,,,,,,,,,,,,,,,,,,,,,,
2026-09-06 14:29:50,2026-09-06,SPY_OPEN,168,,,,,,,,,192,126,60,2505.00,1932.00,-573.00,-22.8743,113166,19,C2_exact,40-35-47,ALTRO,MULTIPLA,,,,,,,,,,,,,,,,,,,,,,,,,
2026-09-06 14:29:50,2026-09-06,SPY_OPEN,168,,,,,,,,,192,126,60,2505.00,1932.00,-573.00,-22.8743,113167,9,NC3_W5_gap,28-35-8,ALTRO,MULTIPLA,,,,,,,,,,,,,,,,,,,,,,,,,
2026-09-06 14:29:50,2026-09-06,SPY_OPEN,168,,,,,,,,,192,126,60,2505.00,1932.00,-573.00,-22.8743,113168,25,NC2_W5,20-46-6,ALTRO,MULTIPLA,,,,,,,,,,,,,,,,,,,,,,,,,
2026-09-06 14:29:50,2026-09-06,SPY_OPEN,168,,,,,,,,,192,126,60,2505.00,1932.00,-573.00,-22.8743,113169,10,NC2_W5,5-1-23,DECINA,MULTIPLA,,,,,,,,,,,,,,,,,,,,,,,,,
2026-09-06 14:29:50,2026-09-06,SPY_OPEN,168,,,,,,,,,192,126,60,2505.00,1932.00,-573.00,-22.8743,113170,89,NC2_W5,88-90-84,DECINA,MULTIPLA,,,,,,,,,,,,,,,,,,,,,,,,,
2026-09-06 14:29:50,2026-09-06,SPY_OPEN,168,,,,,,,,,192,126,60,2505.00,1932.00,-573.00,-22.8743,113171,9,NC2_W3_gap,88-90-89,DECINA,MULTIPLA,,,,,,,,,,,,,,,,,,,,,,,,,
2026-09-06 14:29:50,2026-09-06,SPY_OPEN,168,,,,,,,,,192,126,60,2505.00,1932.00,-573.00,-22.8743,113172,13,NC3_W5_gap,89-86-82,DECINA,MULTIPLA,,,,,,,,,,,,,,,,,,,,,,,,,
2026-09-06 14:29:50,2026-09-06,SPY_OPEN,168,,,,,,,,,192,126,60,2505.00,1932.00,-573.00,-22.8743,113173,7,C1_exact,69-89-4,MOD5,MULTIPLA,,,,,,,,,,,,,,,,,,,,,,,,,
2026-09-06 14:29:50,2026-09-06,SPY_OPEN,168,,,,,,,,,192,126,60,2505.00,1932.00,-573.00,-22.8743,113174,20,C1_exact,15-90-87,MOD5,MULTIPLA,,,,,,,,,,,,,,,,,,,,,,,,,
2026-09-06 14:29:50,2026-09-06,SPY_OPEN,168,,,,,,,,,192,126,60,2505.00,1932.00,-573.00,-22.8743,113175,10,C1_exact,5-90-89,MOD5,MULTIPLA,,,,,,,,,,,,,,,,,,,,,,,,,
2026-09-06 14:29:50,2026-09-06,SPY_OPEN,168,,,,,,,,,192,126,60,2505.00,1932.00,-573.00,-22.8743,113176,17,C1_exact,90-86-88,DECINA,MULTIPLA,,,,,,,,,,,,,,,,,,,,,,,,,
2026-09-06 14:29:50,2026-09-06,SPY_OPEN,168,,,,,,,,,192,126,60,2505.00,1932.00,-573.00,-22.8743,113177,9,C1_exact,90-62-89,ALTRO,MULTIPLA,,,,,,,,,,,,,,,,,,,,,,,,,
2026-09-06 14:29:50,2026-09-06,SPY_OPEN,168,,,,,,,,,192,126,60,2505.00,1932.00,-573.00,-22.8743,113178,14,C1_exact,90-89-88,DECINA,MULTIPLA,,,,,,,,,,,,,,,,,,,,,,,,,
2026-09-06 14:29:50,2026-09-06,SPY_OPEN,168,,,,,,,,,192,126,60,2505.00,1932.00,-573.00,-22.8743,113179,1,C1_exact,86-90-85,DECINA,MULTIPLA,,,,,,,,,,,,,,,,,,,,,,,,,
2026-09-06 14:29:50,2026-09-06,SUM9091_LAB_OPEN,168,1906,0,86,,86-4-5,REPEAT_RAW_SUM_716_FROM_E103_GAP_65_OCC_2,,,192,126,60,2505.00,1932.00,-573.00,-22.8743,,,,,,,,,,,,,,,,,,,,,,,,,,,,,,,
2026-09-06 14:29:50,2026-09-06,SPY_CLOSE_H3,169,,3,,,,,,,192,126,60,2505.00,1932.00,-573.00,-22.8743,113140,65,NC3_W5_gap,21-9-47,ALTRO,MULTIPLA,3,1,1,0,9-47,3.00,0.00,-3.00,-100.0000,,,,,,,,,,,,,,,,
2026-09-06 14:29:50,2026-09-06,SPY_CLOSE_H3,169,,3,,,,,,,192,126,60,2505.00,1932.00,-573.00,-22.8743,113141,37,NC3_W5_gap,58-3-67,ALTRO,MULTIPLA,3,1,0,0,3,3.00,0.00,-3.00,-100.0000,,,,,,,,,,,,,,,,
2026-09-06 14:29:50,2026-09-06,SPY_CLOSE_H3,169,,3,,,,,,,192,126,60,2505.00,1932.00,-573.00,-22.8743,113142,25,NC2_W5,20-46-6,ALTRO,MULTIPLA,3,1,1,0,20-46,3.00,0.00,-3.00,-100.0000,,,,,,,,,,,,,,,,
2026-09-06 14:29:50,2026-09-06,SPY_CLOSE_H3,169,,3,,,,,,,192,126,60,2505.00,1932.00,-573.00,-22.8743,113143,15,NC3_W5_gap,10-58-68,ALTRO,MULTIPLA,3,1,1,0,10-68,3.00,0.00,-3.00,-100.0000,,,,,,,,,,,,,,,,
2026-09-06 14:29:50,2026-09-06,SPY_CLOSE_H3,169,,3,,,,,,,192,126,60,2505.00,1932.00,-573.00,-22.8743,113144,54,C2_exact,85-66-52,ALTRO,MULTIPLA,3,1,0,0,66,3.00,0.00,-3.00,-100.0000,,,,,,,,,,,,,,,,
2026-09-06 14:29:50,2026-09-06,SPY_CLOSE_H3,169,,3,,,,,,,192,126,60,2505.00,1932.00,-573.00,-22.8743,113145,9,NC2_W3_gap,88-90-89,DECINA,MULTIPLA,3,1,0,0,89,3.00,0.00,-3.00,-100.0000,,,,,,,,,,,,,,,,
2026-09-06 14:29:50,2026-09-06,SPY_CLOSE_H3,169,,3,,,,,,,192,126,60,2505.00,1932.00,-573.00,-22.8743,113146,83,C2_exact,87-89-88,DECINA,MULTIPLA,3,1,0,0,89,3.00,0.00,-3.00,-100.0000,,,,,,,,,,,,,,,,
2026-09-06 14:29:50,2026-09-06,SPY_CLOSE_H3,169,,3,,,,,,,192,126,60,2505.00,1932.00,-573.00,-22.8743,113147,27,C1_exact,7-40-88,ALTRO,MULTIPLA,3,1,0,0,7,3.00,0.00,-3.00,-100.0000,,,,,,,,,,,,,,,,
2026-09-06 14:29:50,2026-09-06,SPY_CLOSE_H3,169,,3,,,,,,,192,126,60,2505.00,1932.00,-573.00,-22.8743,113148,21,C1_exact,51-88-84,ALTRO,MULTIPLA,3,0,0,0,,3.00,0.00,-3.00,-100.0000,,,,,,,,,,,,,,,,
2026-09-06 14:29:50,2026-09-06,SPY_CLOSE_H3,169,,3,,,,,,,192,126,60,2505.00,1932.00,-573.00,-22.8743,113149,15,C1_exact,10-89-88,ALTRO,MULTIPLA,3,1,1,0,10-89,3.00,0.00,-3.00,-100.0000,,,,,,,,,,,,,,,,
2026-09-06 14:29:50,2026-09-06,SPY_CLOSE_H3,169,,3,,,,,,,192,126,60,2505.00,1932.00,-573.00,-22.8743,113150,5,C1_exact,88-87-89,DECINA,MULTIPLA,3,1,0,0,89,3.00,0.00,-3.00,-100.0000,,,,,,,,,,,,,,,,
2026-09-06 14:29:50,2026-09-06,SPY_CLOSE_H3,169,,3,,,,,,,192,126,60,2505.00,1932.00,-573.00,-22.8743,113151,16,C1_exact,88-90-59,ALTRO,MULTIPLA,3,1,0,0,59,3.00,0.00,-3.00,-100.0000,,,,,,,,,,,,,,,,
2026-09-06 14:29:50,2026-09-06,SPY_CLOSE_H3,169,,3,,,,,,,192,126,60,2505.00,1932.00,-573.00,-22.8743,113152,9,C1_exact,90-62-89,ALTRO,MULTIPLA,3,1,0,0,89,3.00,0.00,-3.00,-100.0000,,,,,,,,,,,,,,,,
2026-09-06 14:29:50,2026-09-06,SPY_CLOSE_H2,169,,2,,,,,,,192,126,60,2505.00,1932.00,-573.00,-22.8743,113153,26,NC2_W3_gap,19-27-14,ALTRO,MULTIPLA,2,1,1,0,14-19,2.00,0.00,-2.00,-100.0000,,,,,,,,,,,,,,,,
2026-09-06 14:29:50,2026-09-06,SPY_CLOSE_H2,169,,2,,,,,,,192,126,60,2505.00,1932.00,-573.00,-22.8743,113154,25,NC2_W3_gap,20-90-24,MOD5,MULTIPLA,2,1,0,0,20,2.00,0.00,-2.00,-100.0000,,,,,,,,,,,,,,,,
2026-09-06 14:29:50,2026-09-06,SPY_CLOSE_H2,169,,2,,,,,,,192,126,60,2505.00,1932.00,-573.00,-22.8743,113155,37,NC3_W5_gap,58-3-67,ALTRO,MULTIPLA,2,1,0,0,67,2.00,0.00,-2.00,-100.0000,,,,,,,,,,,,,,,,
2026-09-06 14:29:50,2026-09-06,SPY_CLOSE_H2,169,,2,,,,,,,192,126,60,2505.00,1932.00,-573.00,-22.8743,113156,25,NC2_W5,20-46-6,ALTRO,MULTIPLA,2,1,1,0,20-46,2.00,0.00,-2.00,-100.0000,,,,,,,,,,,,,,,,
2026-09-06 14:29:50,2026-09-06,SPY_CLOSE_H2,169,,2,,,,,,,192,126,60,2505.00,1932.00,-573.00,-22.8743,113157,25,C1_exact,20-90-36,MOD5,MULTIPLA,2,1,0,0,20,2.00,0.00,-2.00,-100.0000,,,,,,,,,,,,,,,,
2026-09-06 14:29:50,2026-09-06,SPY_CLOSE_H2,169,,2,,,,,,,192,126,60,2505.00,1932.00,-573.00,-22.8743,113158,13,NC2_W3_gap,89-90-86,DECINA,MULTIPLA,2,1,0,0,89,2.00,0.00,-2.00,-100.0000,,,,,,,,,,,,,,,,
2026-09-06 14:29:50,2026-09-06,SPY_CLOSE_H2,169,,2,,,,,,,192,126,60,2505.00,1932.00,-573.00,-22.8743,113159,15,NC2_W5,10-16-82,ALTRO,MULTIPLA,2,1,0,0,10,2.00,0.00,-2.00,-100.0000,,,,,,,,,,,,,,,,
2026-09-06 14:29:50,2026-09-06,SPY_CLOSE_H2,169,,2,,,,,,,192,126,60,2505.00,1932.00,-573.00,-22.8743,113160,13,NC3_W5_gap,89-86-82,DECINA,MULTIPLA,2,1,0,0,89,2.00,0.00,-2.00,-100.0000,,,,,,,,,,,,,,,,
2026-09-06 14:29:50,2026-09-06,SPY_CLOSE_H2,169,,2,,,,,,,192,126,60,2505.00,1932.00,-573.00,-22.8743,113161,29,C1_exact,81-8-77,ALTRO,MULTIPLA,2,0,0,0,,2.00,0.00,-2.00,-100.0000,,,,,,,,,,,,,,,,
2026-09-06 14:29:50,2026-09-06,SPY_CLOSE_H2,169,,2,,,,,,,192,126,60,2505.00,1932.00,-573.00,-22.8743,113162,19,C1_exact,89-85-90,DECINA,MULTIPLA,2,1,0,0,89,2.00,0.00,-2.00,-100.0000,,,,,,,,,,,,,,,,
2026-09-06 14:29:50,2026-09-06,SPY_CLOSE_H2,169,,2,,,,,,,192,126,60,2505.00,1932.00,-573.00,-22.8743,113163,13,C1_exact,89-90-50,ALTRO,MULTIPLA,2,1,0,0,89,2.00,0.00,-2.00,-100.0000,,,,,,,,,,,,,,,,
2026-09-06 14:29:50,2026-09-06,SPY_CLOSE_H2,169,,2,,,,,,,192,126,60,2505.00,1932.00,-573.00,-22.8743,113164,3,C1_exact,90-89-9,ALTRO,MULTIPLA,2,1,1,0,9-89,2.00,0.00,-2.00,-100.0000,,,,,,,,,,,,,,,,
2026-09-06 14:29:50,2026-09-06,SPY_CLOSE_H1,169,,1,,,,,,,192,126,60,2505.00,1932.00,-573.00,-22.8743,113165,89,C1_exact,55-70-33,ALTRO,MULTIPLA,1,0,0,0,,1.00,0.00,-1.00,-100.0000,,,,,,,,,,,,,,,,
2026-09-06 14:29:50,2026-09-06,SPY_CLOSE_H1,169,,1,,,,,,,192,126,60,2505.00,1932.00,-573.00,-22.8743,113166,19,C2_exact,40-35-47,ALTRO,MULTIPLA,1,0,0,0,,1.00,0.00,-1.00,-100.0000,,,,,,,,,,,,,,,,
2026-09-06 14:29:50,2026-09-06,SPY_CLOSE_H1,169,,1,,,,,,,192,126,60,2505.00,1932.00,-573.00,-22.8743,113167,9,NC3_W5_gap,28-35-8,ALTRO,MULTIPLA,1,1,0,0,28,1.00,0.00,-1.00,-100.0000,,,,,,,,,,,,,,,,
2026-09-06 14:29:50,2026-09-06,SPY_CLOSE_H1,169,,1,,,,,,,192,126,60,2505.00,1932.00,-573.00,-22.8743,113168,25,NC2_W5,20-46-6,ALTRO,MULTIPLA,1,1,0,0,6,1.00,0.00,-1.00,-100.0000,,,,,,,,,,,,,,,,
2026-09-06 14:29:50,2026-09-06,SPY_CLOSE_H1,169,,1,,,,,,,192,126,60,2505.00,1932.00,-573.00,-22.8743,113169,10,NC2_W5,5-1-23,DECINA,MULTIPLA,1,0,0,0,,1.00,0.00,-1.00,-100.0000,,,,,,,,,,,,,,,,
2026-09-06 14:29:50,2026-09-06,SPY_CLOSE_H1,169,,1,,,,,,,192,126,60,2505.00,1932.00,-573.00,-22.8743,113170,89,NC2_W5,88-90-84,DECINA,MULTIPLA,1,0,0,0,,1.00,0.00,-1.00,-100.0000,,,,,,,,,,,,,,,,
2026-09-06 14:29:50,2026-09-06,SPY_CLOSE_H1,169,,1,,,,,,,192,126,60,2505.00,1932.00,-573.00,-22.8743,113171,9,NC2_W3_gap,88-90-89,DECINA,MULTIPLA,1,0,0,0,,1.00,0.00,-1.00,-100.0000,,,,,,,,,,,,,,,,
2026-09-06 14:29:50,2026-09-06,SPY_CLOSE_H1,169,,1,,,,,,,192,126,60,2505.00,1932.00,-573.00,-22.8743,113172,13,NC3_W5_gap,89-86-82,DECINA,MULTIPLA,1,0,0,0,,1.00,0.00,-1.00,-100.0000,,,,,,,,,,,,,,,,
2026-09-06 14:29:50,2026-09-06,SPY_CLOSE_H1,169,,1,,,,,,,192,126,60,2505.00,1932.00,-573.00,-22.8743,113173,7,C1_exact,69-89-4,MOD5,MULTIPLA,1,0,0,0,,1.00,0.00,-1.00,-100.0000,,,,,,,,,,,,,,,,
2026-09-06 14:29:50,2026-09-06,SPY_CLOSE_H1,169,,1,,,,,,,192,126,60,2505.00,1932.00,-573.00,-22.8743,113174,20,C1_exact,15-90-87,MOD5,MULTIPLA,1,0,0,0,,1.00,0.00,-1.00,-100.0000,,,,,,,,,,,,,,,,
2026-09-06 14:29:50,2026-09-06,SPY_CLOSE_H1,169,,1,,,,,,,192,126,60,2505.00,1932.00,-573.00,-22.8743,113175,10,C1_exact,5-90-89,MOD5,MULTIPLA,1,0,0,0,,1.00,0.00,-1.00,-100.0000,,,,,,,,,,,,,,,,
2026-09-06 14:29:50,2026-09-06,SPY_CLOSE_H1,169,,1,,,,,,,192,126,60,2505.00,1932.00,-573.00,-22.8743,113176,17,C1_exact,90-86-88,DECINA,MULTIPLA,1,0,0,0,,1.00,0.00,-1.00,-100.0000,,,,,,,,,,,,,,,,
2026-09-06 14:29:50,2026-09-06,SPY_CLOSE_H1,169,,1,,,,,,,192,126,60,2505.00,1932.00,-573.00,-22.8743,113177,9,C1_exact,90-62-89,ALTRO,MULTIPLA,1,1,0,0,62,1.00,0.00,-1.00,-100.0000,,,,,,,,,,,,,,,,
2026-09-06 14:29:50,2026-09-06,SPY_CLOSE_H1,169,,1,,,,,,,192,126,60,2505.00,1932.00,-573.00,-22.8743,113178,14,C1_exact,90-89-88,DECINA,MULTIPLA,1,0,0,0,,1.00,0.00,-1.00,-100.0000,,,,,,,,,,,,,,,,
2026-09-06 14:29:50,2026-09-06,SPY_CLOSE_H1,169,,1,,,,,,,192,126,60,2505.00,1932.00,-573.00,-22.8743,113179,1,C1_exact,86-90-85,DECINA,MULTIPLA,1,0,0,0,,1.00,0.00,-1.00,-100.0000,,,,,,,,,,,,,,,,
2026-09-06 14:29:50,2026-09-06,SUM9091_LAB_CLOSE,169,1902,10,26,,26-64-65,RAW_SUM_746_REPEAT_FROM_E41_GAP_118_BEST_3_3_H3,,,192,126,60,2505.00,1932.00,-573.00,-22.8743,,,,,,,,,,,,,,,,,,,,,,,,,,,,,,,
2026-09-06 14:29:50,2026-09-06,SPY_OPEN,169,,,,,,,,,192,126,60,2505.00,1932.00,-573.00,-22.8743,113180,63,C2_exact,5-61-67,DECINA,MULTIPLA,,,,,,,,,,,,,,,,,,,,,,,,,
2026-09-06 14:29:50,2026-09-06,SPY_OPEN,169,,,,,,,,,192,126,60,2505.00,1932.00,-573.00,-22.8743,113181,9,NC3_W5_gap,28-35-8,ALTRO,MULTIPLA,,,,,,,,,,,,,,,,,,,,,,,,,
2026-09-06 14:29:50,2026-09-06,SPY_OPEN,169,,,,,,,,,192,126,60,2505.00,1932.00,-573.00,-22.8743,113182,10,C2_exact,5-87-77,ALTRO,MULTIPLA,,,,,,,,,,,,,,,,,,,,,,,,,
2026-09-06 14:29:50,2026-09-06,SPY_OPEN,169,,,,,,,,,192,126,60,2505.00,1932.00,-573.00,-22.8743,113183,54,NC2_W3_gap,84-70-71,ALTRO,MULTIPLA,,,,,,,,,,,,,,,,,,,,,,,,,
2026-09-06 14:29:50,2026-09-06,SPY_OPEN,169,,,,,,,,,192,126,60,2505.00,1932.00,-573.00,-22.8743,113184,25,NC2_W3_gap,20-90-24,MOD5,MULTIPLA,,,,,,,,,,,,,,,,,,,,,,,,,
2026-09-06 14:29:50,2026-09-06,SPY_OPEN,169,,,,,,,,,192,126,60,2505.00,1932.00,-573.00,-22.8743,113185,37,NC3_W5_gap,58-3-67,ALTRO,MULTIPLA,,,,,,,,,,,,,,,,,,,,,,,,,
2026-09-06 14:29:50,2026-09-06,SPY_OPEN,169,,,,,,,,,192,126,60,2505.00,1932.00,-573.00,-22.8743,113186,10,NC3_W5_gap,11-78-77,ALTRO,MULTIPLA,,,,,,,,,,,,,,,,,,,,,,,,,
2026-09-06 14:29:50,2026-09-06,SPY_OPEN,169,,,,,,,,,192,126,60,2505.00,1932.00,-573.00,-22.8743,113187,25,C1_exact,20-90-36,MOD5,MULTIPLA,,,,,,,,,,,,,,,,,,,,,,,,,
2026-09-06 14:29:50,2026-09-06,SPY_OPEN,169,,,,,,,,,192,126,60,2505.00,1932.00,-573.00,-22.8743,113188,6,NC2_W3_gap,90-87-88,DECINA,MULTIPLA,,,,,,,,,,,,,,,,,,,,,,,,,
2026-09-06 14:29:50,2026-09-06,SPY_OPEN,169,,,,,,,,,192,126,60,2505.00,1932.00,-573.00,-22.8743,113189,80,C1_exact,3-55-44,ALTRO,MULTIPLA,,,,,,,,,,,,,,,,,,,,,,,,,
2026-09-06 14:29:50,2026-09-06,SPY_OPEN,169,,,,,,,,,192,126,60,2505.00,1932.00,-573.00,-22.8743,113190,2,NC2_W3_gap,90-89-87,DECINA,MULTIPLA,,,,,,,,,,,,,,,,,,,,,,,,,
2026-09-06 14:29:50,2026-09-06,SPY_OPEN,169,,,,,,,,,192,126,60,2505.00,1932.00,-573.00,-22.8743,113191,34,C1_exact,58-77-62,ALTRO,MULTIPLA,,,,,,,,,,,,,,,,,,,,,,,,,
2026-09-06 14:29:50,2026-09-06,SPY_OPEN,169,,,,,,,,,192,126,60,2505.00,1932.00,-573.00,-22.8743,113192,18,C1_exact,90-86-87,DECINA,MULTIPLA,,,,,,,,,,,,,,,,,,,,,,,,,
2026-09-06 14:29:50,2026-09-06,SPY_OPEN,169,,,,,,,,,192,126,60,2505.00,1932.00,-573.00,-22.8743,113193,25,NC3_W5_gap,20-15-57,CATENA_5,FORTE,,,,,,,,,,,,,,,,,,,,,,,,,
2026-09-06 14:29:50,2026-09-06,SPY_CLOSE_H3,170,,3,,,,,,,192,126,60,2505.00,1932.00,-573.00,-22.8743,113153,26,NC2_W3_gap,19-27-14,ALTRO,MULTIPLA,3,1,1,0,14-19,3.00,0.00,-3.00,-100.0000,,,,,,,,,,,,,,,,
2026-09-06 14:29:50,2026-09-06,SPY_CLOSE_H3,170,,3,,,,,,,192,126,60,2505.00,1932.00,-573.00,-22.8743,113154,25,NC2_W3_gap,20-90-24,MOD5,MULTIPLA,3,1,0,0,20,3.00,0.00,-3.00,-100.0000,,,,,,,,,,,,,,,,
2026-09-06 14:29:50,2026-09-06,SPY_CLOSE_H3,170,,3,,,,,,,192,126,60,2505.00,1932.00,-573.00,-22.8743,113155,37,NC3_W5_gap,58-3-67,ALTRO,MULTIPLA,3,1,0,0,67,3.00,0.00,-3.00,-100.0000,,,,,,,,,,,,,,,,
2026-09-06 14:29:50,2026-09-06,SPY_CLOSE_H3,170,,3,,,,,,,192,126,60,2505.00,1932.00,-573.00,-22.8743,113156,25,NC2_W5,20-46-6,ALTRO,MULTIPLA,3,1,1,0,20-46,3.00,0.00,-3.00,-100.0000,,,,,,,,,,,,,,,,
2026-09-06 14:29:50,2026-09-06,SPY_CLOSE_H3,170,,3,,,,,,,192,126,60,2505.00,1932.00,-573.00,-22.8743,113157,25,C1_exact,20-90-36,MOD5,MULTIPLA,3,1,0,0,20,3.00,0.00,-3.00,-100.0000,,,,,,,,,,,,,,,,
2026-09-06 14:29:50,2026-09-06,SPY_CLOSE_H3,170,,3,,,,,,,192,126,60,2505.00,1932.00,-573.00,-22.8743,113158,13,NC2_W3_gap,89-90-86,DECINA,MULTIPLA,3,1,1,0,86-90,3.00,0.00,-3.00,-100.0000,,,,,,,,,,,,,,,,
2026-09-06 14:29:50,2026-09-06,SPY_CLOSE_H3,170,,3,,,,,,,192,126,60,2505.00,1932.00,-573.00,-22.8743,113159,15,NC2_W5,10-16-82,ALTRO,MULTIPLA,3,1,0,0,10,3.00,0.00,-3.00,-100.0000,,,,,,,,,,,,,,,,
2026-09-06 14:29:50,2026-09-06,SPY_CLOSE_H3,170,,3,,,,,,,192,126,60,2505.00,1932.00,-573.00,-22.8743,113160,13,NC3_W5_gap,89-86-82,DECINA,MULTIPLA,3,1,0,0,89,3.00,0.00,-3.00,-100.0000,,,,,,,,,,,,,,,,
2026-09-06 14:29:50,2026-09-06,SPY_CLOSE_H3,170,,3,,,,,,,192,126,60,2505.00,1932.00,-573.00,-22.8743,113161,29,C1_exact,81-8-77,ALTRO,MULTIPLA,3,0,0,0,,3.00,0.00,-3.00,-100.0000,,,,,,,,,,,,,,,,
2026-09-06 14:29:50,2026-09-06,SPY_CLOSE_H3,170,,3,,,,,,,192,126,60,2505.00,1932.00,-573.00,-22.8743,113162,19,C1_exact,89-85-90,DECINA,MULTIPLA,3,1,0,0,89,3.00,0.00,-3.00,-100.0000,,,,,,,,,,,,,,,,
2026-09-06 14:29:50,2026-09-06,SPY_CLOSE_H3,170,,3,,,,,,,192,126,60,2505.00,1932.00,-573.00,-22.8743,113163,13,C1_exact,89-90-50,ALTRO,MULTIPLA,3,1,0,0,89,3.00,0.00,-3.00,-100.0000,,,,,,,,,,,,,,,,
2026-09-06 14:29:50,2026-09-06,SPY_CLOSE_H3,170,,3,,,,,,,192,126,60,2505.00,1932.00,-573.00,-22.8743,113164,3,C1_exact,90-89-9,ALTRO,MULTIPLA,3,1,1,0,9-89,3.00,0.00,-3.00,-100.0000,,,,,,,,,,,,,,,,
2026-09-06 14:29:50,2026-09-06,SPY_CLOSE_H2,170,,2,,,,,,,192,126,60,2505.00,1932.00,-573.00,-22.8743,113165,89,C1_exact,55-70-33,ALTRO,MULTIPLA,2,1,0,0,55,2.00,0.00,-2.00,-100.0000,,,,,,,,,,,,,,,,
2026-09-06 14:29:50,2026-09-06,SPY_CLOSE_H2,170,,2,,,,,,,192,126,60,2505.00,1932.00,-573.00,-22.8743,113166,19,C2_exact,40-35-47,ALTRO,MULTIPLA,2,0,0,0,,2.00,0.00,-2.00,-100.0000,,,,,,,,,,,,,,,,
2026-09-06 14:29:50,2026-09-06,SPY_CLOSE_H2,170,,2,,,,,,,192,126,60,2505.00,1932.00,-573.00,-22.8743,113167,9,NC3_W5_gap,28-35-8,ALTRO,MULTIPLA,2,1,0,0,28,2.00,0.00,-2.00,-100.0000,,,,,,,,,,,,,,,,
2026-09-06 14:29:50,2026-09-06,SPY_CLOSE_H2,170,,2,,,,,,,192,126,60,2505.00,1932.00,-573.00,-22.8743,113168,25,NC2_W5,20-46-6,ALTRO,MULTIPLA,2,1,0,0,6,2.00,0.00,-2.00,-100.0000,,,,,,,,,,,,,,,,
2026-09-06 14:29:50,2026-09-06,SPY_CLOSE_H2,170,,2,,,,,,,192,126,60,2505.00,1932.00,-573.00,-22.8743,113169,10,NC2_W5,5-1-23,DECINA,MULTIPLA,2,0,0,0,,2.00,0.00,-2.00,-100.0000,,,,,,,,,,,,,,,,
2026-09-06 14:29:50,2026-09-06,SPY_CLOSE_H2,170,,2,,,,,,,192,126,60,2505.00,1932.00,-573.00,-22.8743,113170,89,NC2_W5,88-90-84,DECINA,MULTIPLA,2,1,0,0,90,2.00,0.00,-2.00,-100.0000,,,,,,,,,,,,,,,,
2026-09-06 14:29:50,2026-09-06,SPY_CLOSE_H2,170,,2,,,,,,,192,126,60,2505.00,1932.00,-573.00,-22.8743,113171,9,NC2_W3_gap,88-90-89,DECINA,MULTIPLA,2,1,0,0,90,2.00,0.00,-2.00,-100.0000,,,,,,,,,,,,,,,,
2026-09-06 14:29:50,2026-09-06,SPY_CLOSE_H2,170,,2,,,,,,,192,126,60,2505.00,1932.00,-573.00,-22.8743,113172,13,NC3_W5_gap,89-86-82,DECINA,MULTIPLA,2,1,0,0,86,2.00,0.00,-2.00,-100.0000,,,,,,,,,,,,,,,,
2026-09-06 14:29:50,2026-09-06,SPY_CLOSE_H2,170,,2,,,,,,,192,126,60,2505.00,1932.00,-573.00,-22.8743,113173,7,C1_exact,69-89-4,MOD5,MULTIPLA,2,0,0,0,,2.00,0.00,-2.00,-100.0000,,,,,,,,,,,,,,,,
2026-09-06 14:29:50,2026-09-06,SPY_CLOSE_H2,170,,2,,,,,,,192,126,60,2505.00,1932.00,-573.00,-22.8743,113174,20,C1_exact,15-90-87,MOD5,MULTIPLA,2,1,0,0,90,2.00,0.00,-2.00,-100.0000,,,,,,,,,,,,,,,,
2026-09-06 14:29:50,2026-09-06,SPY_CLOSE_H2,170,,2,,,,,,,192,126,60,2505.00,1932.00,-573.00,-22.8743,113175,10,C1_exact,5-90-89,MOD5,MULTIPLA,2,1,0,0,90,2.00,0.00,-2.00,-100.0000,,,,,,,,,,,,,,,,
2026-09-06 14:29:50,2026-09-06,SPY_CLOSE_H2,170,,2,,,,,,,192,126,60,2505.00,1932.00,-573.00,-22.8743,113176,17,C1_exact,90-86-88,DECINA,MULTIPLA,2,1,1,0,86-90,2.00,0.00,-2.00,-100.0000,,,,,,,,,,,,,,,,
2026-09-06 14:29:50,2026-09-06,SPY_CLOSE_H2,170,,2,,,,,,,192,126,60,2505.00,1932.00,-573.00,-22.8743,113177,9,C1_exact,90-62-89,ALTRO,MULTIPLA,2,1,1,0,62-90,2.00,0.00,-2.00,-100.0000,,,,,,,,,,,,,,,,
2026-09-06 14:29:50,2026-09-06,SPY_CLOSE_H2,170,,2,,,,,,,192,126,60,2505.00,1932.00,-573.00,-22.8743,113178,14,C1_exact,90-89-88,DECINA,MULTIPLA,2,1,0,0,90,2.00,0.00,-2.00,-100.0000,,,,,,,,,,,,,,,,
2026-09-06 14:29:50,2026-09-06,SPY_CLOSE_H2,170,,2,,,,,,,192,126,60,2505.00,1932.00,-573.00,-22.8743,113179,1,C1_exact,86-90-85,DECINA,MULTIPLA,2,1,1,0,86-90,2.00,0.00,-2.00,-100.0000,,,,,,,,,,,,,,,,
2026-09-06 14:29:50,2026-09-06,SPY_CLOSE_H1,170,,1,,,,,,,192,126,60,2505.00,1932.00,-573.00,-22.8743,113180,63,C2_exact,5-61-67,DECINA,MULTIPLA,1,0,0,0,,1.00,0.00,-1.00,-100.0000,,,,,,,,,,,,,,,,
2026-09-06 14:29:50,2026-09-06,SPY_CLOSE_H1,170,,1,,,,,,,192,126,60,2505.00,1932.00,-573.00,-22.8743,113181,9,NC3_W5_gap,28-35-8,ALTRO,MULTIPLA,1,0,0,0,,1.00,0.00,-1.00,-100.0000,,,,,,,,,,,,,,,,
2026-09-06 14:29:50,2026-09-06,SPY_CLOSE_H1,170,,1,,,,,,,192,126,60,2505.00,1932.00,-573.00,-22.8743,113182,10,C2_exact,5-87-77,ALTRO,MULTIPLA,1,0,0,0,,1.00,0.00,-1.00,-100.0000,,,,,,,,,,,,,,,,
2026-09-06 14:29:50,2026-09-06,SPY_CLOSE_H1,170,,1,,,,,,,192,126,60,2505.00,1932.00,-573.00,-22.8743,113183,54,NC2_W3_gap,84-70-71,ALTRO,MULTIPLA,1,1,0,0,71,1.00,0.00,-1.00,-100.0000,,,,,,,,,,,,,,,,
2026-09-06 14:29:50,2026-09-06,SPY_CLOSE_H1,170,,1,,,,,,,192,126,60,2505.00,1932.00,-573.00,-22.8743,113184,25,NC2_W3_gap,20-90-24,MOD5,MULTIPLA,1,1,0,0,90,1.00,0.00,-1.00,-100.0000,,,,,,,,,,,,,,,,
2026-09-06 14:29:50,2026-09-06,SPY_CLOSE_H1,170,,1,,,,,,,192,126,60,2505.00,1932.00,-573.00,-22.8743,113185,37,NC3_W5_gap,58-3-67,ALTRO,MULTIPLA,1,0,0,0,,1.00,0.00,-1.00,-100.0000,,,,,,,,,,,,,,,,
2026-09-06 14:29:50,2026-09-06,SPY_CLOSE_H1,170,,1,,,,,,,192,126,60,2505.00,1932.00,-573.00,-22.8743,113186,10,NC3_W5_gap,11-78-77,ALTRO,MULTIPLA,1,0,0,0,,1.00,0.00,-1.00,-100.0000,,,,,,,,,,,,,,,,
2026-09-06 14:29:50,2026-09-06,SPY_CLOSE_H1,170,,1,,,,,,,192,126,60,2505.00,1932.00,-573.00,-22.8743,113187,25,C1_exact,20-90-36,MOD5,MULTIPLA,1,1,0,0,90,1.00,0.00,-1.00,-100.0000,,,,,,,,,,,,,,,,
2026-09-06 14:29:50,2026-09-06,SPY_CLOSE_H1,170,,1,,,,,,,192,126,60,2505.00,1932.00,-573.00,-22.8743,113188,6,NC2_W3_gap,90-87-88,DECINA,MULTIPLA,1,1,0,0,90,1.00,0.00,-1.00,-100.0000,,,,,,,,,,,,,,,,
2026-09-06 14:29:50,2026-09-06,SPY_CLOSE_H1,170,,1,,,,,,,192,126,60,2505.00,1932.00,-573.00,-22.8743,113189,80,C1_exact,3-55-44,ALTRO,MULTIPLA,1,1,0,0,55,1.00,0.00,-1.00,-100.0000,,,,,,,,,,,,,,,,
2026-09-06 14:29:50,2026-09-06,SPY_CLOSE_H1,170,,1,,,,,,,192,126,60,2505.00,1932.00,-573.00,-22.8743,113190,2,NC2_W3_gap,90-89-87,DECINA,MULTIPLA,1,1,0,0,90,1.00,0.00,-1.00,-100.0000,,,,,,,,,,,,,,,,
2026-09-06 14:29:50,2026-09-06,SPY_CLOSE_H1,170,,1,,,,,,,192,126,60,2505.00,1932.00,-573.00,-22.8743,113191,34,C1_exact,58-77-62,ALTRO,MULTIPLA,1,1,0,0,62,1.00,0.00,-1.00,-100.0000,,,,,,,,,,,,,,,,
2026-09-06 14:29:50,2026-09-06,SPY_CLOSE_H1,170,,1,,,,,,,192,126,60,2505.00,1932.00,-573.00,-22.8743,113192,18,C1_exact,90-86-87,DECINA,MULTIPLA,1,1,1,0,86-90,1.00,0.00,-1.00,-100.0000,,,,,,,,,,,,,,,,
2026-09-06 14:29:50,2026-09-06,SPY_CLOSE_H1,170,,1,,,,,,,192,126,60,2505.00,1932.00,-573.00,-22.8743,113193,25,NC3_W5_gap,20-15-57,CATENA_5,FORTE,1,1,0,0,57,1.00,0.00,-1.00,-100.0000,,,,,,,,,,,,,,,,
2026-09-06 14:29:50,2026-09-06,SPY_OPEN,170,,,,,,,,,192,126,60,2505.00,1932.00,-573.00,-22.8743,113194,68,C3plus,55-65-13,ALTRO,MULTIPLA,,,,,,,,,,,,,,,,,,,,,,,,,
2026-09-06 14:29:50,2026-09-06,SPY_OPEN,170,,,,,,,,,192,126,60,2505.00,1932.00,-573.00,-22.8743,113195,90,C1_exact,55-45-24,MOD5,MULTIPLA,,,,,,,,,,,,,,,,,,,,,,,,,
2026-09-06 14:29:50,2026-09-06,SPY_OPEN,170,,,,,,,,,192,126,60,2505.00,1932.00,-573.00,-22.8743,113196,9,NC3_W5_gap,28-35-8,ALTRO,MULTIPLA,,,,,,,,,,,,,,,,,,,,,,,,,
2026-09-06 14:29:50,2026-09-06,SPY_OPEN,170,,,,,,,,,192,126,60,2505.00,1932.00,-573.00,-22.8743,113197,56,C2_exact,52-61-47,ALTRO,MULTIPLA,,,,,,,,,,,,,,,,,,,,,,,,,
2026-09-06 14:29:50,2026-09-06,SPY_OPEN,170,,,,,,,,,192,126,60,2505.00,1932.00,-573.00,-22.8743,113198,57,C2_exact,55-87-15,ALTRO,MULTIPLA,,,,,,,,,,,,,,,,,,,,,,,,,
2026-09-06 14:29:50,2026-09-06,SPY_OPEN,170,,,,,,,,,192,126,60,2505.00,1932.00,-573.00,-22.8743,113199,25,NC2_W5,20-46-6,ALTRO,MULTIPLA,,,,,,,,,,,,,,,,,,,,,,,,,
2026-09-06 14:29:50,2026-09-06,SPY_OPEN,170,,,,,,,,,192,126,60,2505.00,1932.00,-573.00,-22.8743,113200,54,C2_exact,85-66-52,ALTRO,MULTIPLA,,,,,,,,,,,,,,,,,,,,,,,,,
2026-09-06 14:29:50,2026-09-06,SPY_OPEN,170,,,,,,,,,192,126,60,2505.00,1932.00,-573.00,-22.8743,113201,57,NC3_W5_gap,73-28-63,MOD5,MULTIPLA,,,,,,,,,,,,,,,,,,,,,,,,,
2026-09-06 14:29:50,2026-09-06,SPY_OPEN,170,,,,,,,,,192,126,60,2505.00,1932.00,-573.00,-22.8743,113202,14,NC2_W3_gap,89-90-88,DECINA,MULTIPLA,,,,,,,,,,,,,,,,,,,,,,,,,
2026-09-06 14:29:50,2026-09-06,SPY_OPEN,170,,,,,,,,,192,126,60,2505.00,1932.00,-573.00,-22.8743,113203,27,C1_exact,7-40-88,ALTRO,MULTIPLA,,,,,,,,,,,,,,,,,,,,,,,,,
2026-09-06 14:29:50,2026-09-06,SPY_OPEN,170,,,,,,,,,192,126,60,2505.00,1932.00,-573.00,-22.8743,113204,16,C1_exact,88-90-59,ALTRO,MULTIPLA,,,,,,,,,,,,,,,,,,,,,,,,,
2026-09-06 14:29:50,2026-09-06,SPY_OPEN,170,,,,,,,,,192,126,60,2505.00,1932.00,-573.00,-22.8743,113205,14,C1_exact,90-89-88,DECINA,MULTIPLA,,,,,,,,,,,,,,,,,,,,,,,,,
2026-09-06 14:29:50,2026-09-06,SPY_CLOSE_H3,171,,3,,,,,,,192,126,60,2505.00,1932.00,-573.00,-22.8743,113165,89,C1_exact,55-70-33,ALTRO,MULTIPLA,3,1,0,0,55,3.00,0.00,-3.00,-100.0000,,,,,,,,,,,,,,,,
2026-09-06 14:29:50,2026-09-06,SPY_CLOSE_H3,171,,3,,,,,,,192,126,60,2505.00,1932.00,-573.00,-22.8743,113166,19,C2_exact,40-35-47,ALTRO,MULTIPLA,3,1,0,0,40,3.00,0.00,-3.00,-100.0000,,,,,,,,,,,,,,,,
2026-09-06 14:29:50,2026-09-06,SPY_CLOSE_H3,171,,3,,,,,,,192,126,60,2505.00,1932.00,-573.00,-22.8743,113167,9,NC3_W5_gap,28-35-8,ALTRO,MULTIPLA,3,1,0,0,28,3.00,0.00,-3.00,-100.0000,,,,,,,,,,,,,,,,
2026-09-06 14:29:50,2026-09-06,SPY_CLOSE_H3,171,,3,,,,,,,192,126,60,2505.00,1932.00,-573.00,-22.8743,113168,25,NC2_W5,20-46-6,ALTRO,MULTIPLA,3,1,0,0,6,3.00,0.00,-3.00,-100.0000,,,,,,,,,,,,,,,,
2026-09-06 14:29:50,2026-09-06,SPY_CLOSE_H3,171,,3,,,,,,,192,126,60,2505.00,1932.00,-573.00,-22.8743,113169,10,NC2_W5,5-1-23,DECINA,MULTIPLA,3,0,0,0,,3.00,0.00,-3.00,-100.0000,,,,,,,,,,,,,,,,
2026-09-06 14:29:50,2026-09-06,SPY_CLOSE_H3,171,,3,,,,,,,192,126,60,2505.00,1932.00,-573.00,-22.8743,113170,89,NC2_W5,88-90-84,DECINA,MULTIPLA,3,1,0,0,90,3.00,0.00,-3.00,-100.0000,,,,,,,,,,,,,,,,
2026-09-06 14:29:50,2026-09-06,SPY_CLOSE_H3,171,,3,,,,,,,192,126,60,2505.00,1932.00,-573.00,-22.8743,113171,9,NC2_W3_gap,88-90-89,DECINA,MULTIPLA,3,1,0,0,90,3.00,0.00,-3.00,-100.0000,,,,,,,,,,,,,,,,
2026-09-06 14:29:50,2026-09-06,SPY_CLOSE_H3,171,,3,,,,,,,192,126,60,2505.00,1932.00,-573.00,-22.8743,113172,13,NC3_W5_gap,89-86-82,DECINA,MULTIPLA,3,1,0,0,86,3.00,0.00,-3.00,-100.0000,,,,,,,,,,,,,,,,
2026-09-06 14:29:50,2026-09-06,SPY_CLOSE_H3,171,,3,,,,,,,192,126,60,2505.00,1932.00,-573.00,-22.8743,113173,7,C1_exact,69-89-4,MOD5,MULTIPLA,3,0,0,0,,3.00,0.00,-3.00,-100.0000,,,,,,,,,,,,,,,,
2026-09-06 14:29:50,2026-09-06,SPY_CLOSE_H3,171,,3,,,,,,,192,126,60,2505.00,1932.00,-573.00,-22.8743,113174,20,C1_exact,15-90-87,MOD5,MULTIPLA,3,1,0,0,90,3.00,0.00,-3.00,-100.0000,,,,,,,,,,,,,,,,
2026-09-06 14:29:50,2026-09-06,SPY_CLOSE_H3,171,,3,,,,,,,192,126,60,2505.00,1932.00,-573.00,-22.8743,113175,10,C1_exact,5-90-89,MOD5,MULTIPLA,3,1,0,0,90,3.00,0.00,-3.00,-100.0000,,,,,,,,,,,,,,,,
2026-09-06 14:29:50,2026-09-06,SPY_CLOSE_H3,171,,3,,,,,,,192,126,60,2505.00,1932.00,-573.00,-22.8743,113176,17,C1_exact,90-86-88,DECINA,MULTIPLA,3,1,1,0,86-90,3.00,0.00,-3.00,-100.0000,,,,,,,,,,,,,,,,
2026-09-06 14:29:50,2026-09-06,SPY_CLOSE_H3,171,,3,,,,,,,192,126,60,2505.00,1932.00,-573.00,-22.8743,113177,9,C1_exact,90-62-89,ALTRO,MULTIPLA,3,1,1,0,62-90,3.00,0.00,-3.00,-100.0000,,,,,,,,,,,,,,,,
2026-09-06 14:29:50,2026-09-06,SPY_CLOSE_H3,171,,3,,,,,,,192,126,60,2505.00,1932.00,-573.00,-22.8743,113178,14,C1_exact,90-89-88,DECINA,MULTIPLA,3,1,0,0,90,3.00,0.00,-3.00,-100.0000,,,,,,,,,,,,,,,,
2026-09-06 14:29:50,2026-09-06,SPY_CLOSE_H3,171,,3,,,,,,,192,126,60,2505.00,1932.00,-573.00,-22.8743,113179,1,C1_exact,86-90-85,DECINA,MULTIPLA,3,1,1,0,86-90,3.00,0.00,-3.00,-100.0000,,,,,,,,,,,,,,,,
2026-09-06 14:29:50,2026-09-06,SPY_CLOSE_H2,171,,2,,,,,,,192,126,60,2505.00,1932.00,-573.00,-22.8743,113180,63,C2_exact,5-61-67,DECINA,MULTIPLA,2,0,0,0,,2.00,0.00,-2.00,-100.0000,,,,,,,,,,,,,,,,
2026-09-06 14:29:50,2026-09-06,SPY_CLOSE_H2,171,,2,,,,,,,192,126,60,2505.00,1932.00,-573.00,-22.8743,113181,9,NC3_W5_gap,28-35-8,ALTRO,MULTIPLA,2,1,0,0,8,2.00,0.00,-2.00,-100.0000,,,,,,,,,,,,,,,,
2026-09-06 14:29:50,2026-09-06,SPY_CLOSE_H2,171,,2,,,,,,,192,126,60,2505.00,1932.00,-573.00,-22.8743,113182,10,C2_exact,5-87-77,ALTRO,MULTIPLA,2,0,0,0,,2.00,0.00,-2.00,-100.0000,,,,,,,,,,,,,,,,
2026-09-06 14:29:50,2026-09-06,SPY_CLOSE_H2,171,,2,,,,,,,192,126,60,2505.00,1932.00,-573.00,-22.8743,113183,54,NC2_W3_gap,84-70-71,ALTRO,MULTIPLA,2,1,0,0,71,2.00,0.00,-2.00,-100.0000,,,,,,,,,,,,,,,,
2026-09-06 14:29:50,2026-09-06,SPY_CLOSE_H2,171,,2,,,,,,,192,126,60,2505.00,1932.00,-573.00,-22.8743,113184,25,NC2_W3_gap,20-90-24,MOD5,MULTIPLA,2,1,0,0,90,2.00,0.00,-2.00,-100.0000,,,,,,,,,,,,,,,,
2026-09-06 14:29:50,2026-09-06,SPY_CLOSE_H2,171,,2,,,,,,,192,126,60,2505.00,1932.00,-573.00,-22.8743,113185,37,NC3_W5_gap,58-3-67,ALTRO,MULTIPLA,2,0,0,0,,2.00,0.00,-2.00,-100.0000,,,,,,,,,,,,,,,,
2026-09-06 14:29:50,2026-09-06,SPY_CLOSE_H2,171,,2,,,,,,,192,126,60,2505.00,1932.00,-573.00,-22.8743,113186,10,NC3_W5_gap,11-78-77,ALTRO,MULTIPLA,2,0,0,0,,2.00,0.00,-2.00,-100.0000,,,,,,,,,,,,,,,,
2026-09-06 14:29:50,2026-09-06,SPY_CLOSE_H2,171,,2,,,,,,,192,126,60,2505.00,1932.00,-573.00,-22.8743,113187,25,C1_exact,20-90-36,MOD5,MULTIPLA,2,1,0,0,90,2.00,0.00,-2.00,-100.0000,,,,,,,,,,,,,,,,
2026-09-06 14:29:50,2026-09-06,SPY_CLOSE_H2,171,,2,,,,,,,192,126,60,2505.00,1932.00,-573.00,-22.8743,113188,6,NC2_W3_gap,90-87-88,DECINA,MULTIPLA,2,1,0,0,90,2.00,0.00,-2.00,-100.0000,,,,,,,,,,,,,,,,
2026-09-06 14:29:50,2026-09-06,SPY_CLOSE_H2,171,,2,,,,,,,192,126,60,2505.00,1932.00,-573.00,-22.8743,113189,80,C1_exact,3-55-44,ALTRO,MULTIPLA,2,1,0,0,55,2.00,0.00,-2.00,-100.0000,,,,,,,,,,,,,,,,
2026-09-06 14:29:50,2026-09-06,SPY_CLOSE_H2,171,,2,,,,,,,192,126,60,2505.00,1932.00,-573.00,-22.8743,113190,2,NC2_W3_gap,90-89-87,DECINA,MULTIPLA,2,1,0,0,90,2.00,0.00,-2.00,-100.0000,,,,,,,,,,,,,,,,
2026-09-06 14:29:50,2026-09-06,SPY_CLOSE_H2,171,,2,,,,,,,192,126,60,2505.00,1932.00,-573.00,-22.8743,113191,34,C1_exact,58-77-62,ALTRO,MULTIPLA,2,1,0,0,62,2.00,0.00,-2.00,-100.0000,,,,,,,,,,,,,,,,
2026-09-06 14:29:50,2026-09-06,SPY_CLOSE_H2,171,,2,,,,,,,192,126,60,2505.00,1932.00,-573.00,-22.8743,113192,18,C1_exact,90-86-87,DECINA,MULTIPLA,2,1,1,0,86-90,2.00,0.00,-2.00,-100.0000,,,,,,,,,,,,,,,,
2026-09-06 14:29:50,2026-09-06,SPY_CLOSE_H2,171,,2,,,,,,,192,126,60,2505.00,1932.00,-573.00,-22.8743,113193,25,NC3_W5_gap,20-15-57,CATENA_5,FORTE,2,1,0,0,57,2.00,0.00,-2.00,-100.0000,,,,,,,,,,,,,,,,
2026-09-06 14:29:50,2026-09-06,SPY_CLOSE_H1,171,,1,,,,,,,192,126,60,2505.00,1932.00,-573.00,-22.8743,113194,68,C3plus,55-65-13,ALTRO,MULTIPLA,1,0,0,0,,1.00,0.00,-1.00,-100.0000,,,,,,,,,,,,,,,,
2026-09-06 14:29:50,2026-09-06,SPY_CLOSE_H1,171,,1,,,,,,,192,126,60,2505.00,1932.00,-573.00,-22.8743,113195,90,C1_exact,55-45-24,MOD5,MULTIPLA,1,0,0,0,,1.00,0.00,-1.00,-100.0000,,,,,,,,,,,,,,,,
2026-09-06 14:29:50,2026-09-06,SPY_CLOSE_H1,171,,1,,,,,,,192,126,60,2505.00,1932.00,-573.00,-22.8743,113196,9,NC3_W5_gap,28-35-8,ALTRO,MULTIPLA,1,1,0,0,8,1.00,0.00,-1.00,-100.0000,,,,,,,,,,,,,,,,
2026-09-06 14:29:50,2026-09-06,SPY_CLOSE_H1,171,,1,,,,,,,192,126,60,2505.00,1932.00,-573.00,-22.8743,113197,56,C2_exact,52-61-47,ALTRO,MULTIPLA,1,1,0,0,52,1.00,0.00,-1.00,-100.0000,,,,,,,,,,,,,,,,
2026-09-06 14:29:50,2026-09-06,SPY_CLOSE_H1,171,,1,,,,,,,192,126,60,2505.00,1932.00,-573.00,-22.8743,113198,57,C2_exact,55-87-15,ALTRO,MULTIPLA,1,0,0,0,,1.00,0.00,-1.00,-100.0000,,,,,,,,,,,,,,,,
2026-09-06 14:29:50,2026-09-06,SPY_CLOSE_H1,171,,1,,,,,,,192,126,60,2505.00,1932.00,-573.00,-22.8743,113199,25,NC2_W5,20-46-6,ALTRO,MULTIPLA,1,0,0,0,,1.00,0.00,-1.00,-100.0000,,,,,,,,,,,,,,,,
2026-09-06 14:29:50,2026-09-06,SPY_CLOSE_H1,171,,1,,,,,,,192,126,60,2505.00,1932.00,-573.00,-22.8743,113200,54,C2_exact,85-66-52,ALTRO,MULTIPLA,1,1,0,0,52,1.00,0.00,-1.00,-100.0000,,,,,,,,,,,,,,,,
2026-09-06 14:29:50,2026-09-06,SPY_CLOSE_H1,171,,1,,,,,,,192,126,60,2505.00,1932.00,-573.00,-22.8743,113201,57,NC3_W5_gap,73-28-63,MOD5,MULTIPLA,1,0,0,0,,1.00,0.00,-1.00,-100.0000,,,,,,,,,,,,,,,,
2026-09-06 14:29:50,2026-09-06,SPY_CLOSE_H1,171,,1,,,,,,,192,126,60,2505.00,1932.00,-573.00,-22.8743,113202,14,NC2_W3_gap,89-90-88,DECINA,MULTIPLA,1,0,0,0,,1.00,0.00,-1.00,-100.0000,,,,,,,,,,,,,,,,
2026-09-06 14:29:50,2026-09-06,SPY_CLOSE_H1,171,,1,,,,,,,192,126,60,2505.00,1932.00,-573.00,-22.8743,113203,27,C1_exact,7-40-88,ALTRO,MULTIPLA,1,1,0,0,40,1.00,0.00,-1.00,-100.0000,,,,,,,,,,,,,,,,
2026-09-06 14:29:50,2026-09-06,SPY_CLOSE_H1,171,,1,,,,,,,192,126,60,2505.00,1932.00,-573.00,-22.8743,113204,16,C1_exact,88-90-59,ALTRO,MULTIPLA,1,0,0,0,,1.00,0.00,-1.00,-100.0000,,,,,,,,,,,,,,,,
2026-09-06 14:29:50,2026-09-06,SPY_CLOSE_H1,171,,1,,,,,,,192,126,60,2505.00,1932.00,-573.00,-22.8743,113205,14,C1_exact,90-89-88,DECINA,MULTIPLA,1,0,0,0,,1.00,0.00,-1.00,-100.0000,,,,,,,,,,,,,,,,
2026-09-06 14:29:50,2026-09-06,SUM9091_LAB_CLOSE,171,1903,10,19,,19-71-72,RAW_SUM_919_REPEAT_FROM_E121_GAP_40_BEST_2_3_H6,,,192,126,60,2505.00,1932.00,-573.00,-22.8743,,,,,,,,,,,,,,,,,,,,,,,,,,,,,,,
2026-09-06 14:29:50,2026-09-06,SPY_OPEN,171,,,,,,,,,192,126,60,2505.00,1932.00,-573.00,-22.8743,113206,86,C2_exact,89-90-88,DECINA,MULTIPLA,,,,,,,,,,,,,,,,,,,,,,,,,
2026-09-06 14:29:50,2026-09-06,SPY_OPEN,171,,,,,,,,,192,126,60,2505.00,1932.00,-573.00,-22.8743,113207,25,NC2_W3_gap,20-90-24,MOD5,MULTIPLA,,,,,,,,,,,,,,,,,,,,,,,,,
2026-09-06 14:29:50,2026-09-06,SPY_OPEN,171,,,,,,,,,192,126,60,2505.00,1932.00,-573.00,-22.8743,113208,19,NC2_W3_gap,89-90-86,DECINA,MULTIPLA,,,,,,,,,,,,,,,,,,,,,,,,,
2026-09-06 14:29:50,2026-09-06,SPY_OPEN,171,,,,,,,,,192,126,60,2505.00,1932.00,-573.00,-22.8743,113209,10,NC3_W5_gap,11-78-77,ALTRO,MULTIPLA,,,,,,,,,,,,,,,,,,,,,,,,,
2026-09-06 14:29:50,2026-09-06,SPY_OPEN,171,,,,,,,,,192,126,60,2505.00,1932.00,-573.00,-22.8743,113210,25,C1_exact,20-90-36,MOD5,MULTIPLA,,,,,,,,,,,,,,,,,,,,,,,,,
2026-09-06 14:29:50,2026-09-06,SPY_OPEN,171,,,,,,,,,192,126,60,2505.00,1932.00,-573.00,-22.8743,113211,81,C1_exact,55-68-21,ALTRO,MULTIPLA,,,,,,,,,,,,,,,,,,,,,,,,,
2026-09-06 14:29:50,2026-09-06,SPY_OPEN,171,,,,,,,,,192,126,60,2505.00,1932.00,-573.00,-22.8743,113212,10,NC2_W3_gap,90-89-50,MOD5,MULTIPLA,,,,,,,,,,,,,,,,,,,,,,,,,
2026-09-06 14:29:50,2026-09-06,SPY_OPEN,171,,,,,,,,,192,126,60,2505.00,1932.00,-573.00,-22.8743,113213,19,C1_exact,89-85-90,DECINA,MULTIPLA,,,,,,,,,,,,,,,,,,,,,,,,,
2026-09-06 14:29:50,2026-09-06,SPY_OPEN,171,,,,,,,,,192,126,60,2505.00,1932.00,-573.00,-22.8743,113214,10,C1_exact,5-90-89,MOD5,MULTIPLA,,,,,,,,,,,,,,,,,,,,,,,,,
2026-09-06 14:29:50,2026-09-06,SPY_OPEN,171,,,,,,,,,192,126,60,2505.00,1932.00,-573.00,-22.8743,113215,17,C1_exact,90-86-88,DECINA,MULTIPLA,,,,,,,,,,,,,,,,,,,,,,,,,
2026-09-06 14:29:50,2026-09-06,SPY_OPEN,171,,,,,,,,,192,126,60,2505.00,1932.00,-573.00,-22.8743,113216,8,C1_exact,87-90-89,DECINA,MULTIPLA,,,,,,,,,,,,,,,,,,,,,,,,,
2026-09-06 14:29:50,2026-09-06,SPY_OPEN,171,,,,,,,,,192,126,60,2505.00,1932.00,-573.00,-22.8743,113217,25,NC3_W5_gap,20-15-57,CATENA_5,FORTE,,,,,,,,,,,,,,,,,,,,,,,,,
2026-09-06 14:29:50,2026-09-06,SPY_CLOSE_H3,172,,3,,,,,,,192,126,60,2505.00,1932.00,-573.00,-22.8743,113180,63,C2_exact,5-61-67,DECINA,MULTIPLA,3,1,0,0,5,3.00,0.00,-3.00,-100.0000,,,,,,,,,,,,,,,,
2026-09-06 14:29:50,2026-09-06,SPY_CLOSE_H3,172,,3,,,,,,,192,126,60,2505.00,1932.00,-573.00,-22.8743,113181,9,NC3_W5_gap,28-35-8,ALTRO,MULTIPLA,3,1,0,0,8,3.00,0.00,-3.00,-100.0000,,,,,,,,,,,,,,,,
2026-09-06 14:29:50,2026-09-06,SPY_CLOSE_H3,172,,3,,,,,,,192,126,60,2505.00,1932.00,-573.00,-22.8743,113182,10,C2_exact,5-87-77,ALTRO,MULTIPLA,3,1,1,0,5-77,3.00,0.00,-3.00,-100.0000,,,,,,,,,,,,,,,,
2026-09-06 14:29:50,2026-09-06,SPY_CLOSE_H3,172,,3,,,,,,,192,126,60,2505.00,1932.00,-573.00,-22.8743,113183,54,NC2_W3_gap,84-70-71,ALTRO,MULTIPLA,3,1,0,0,71,3.00,0.00,-3.00,-100.0000,,,,,,,,,,,,,,,,
2026-09-06 14:29:50,2026-09-06,SPY_CLOSE_H3,172,,3,,,,,,,192,126,60,2505.00,1932.00,-573.00,-22.8743,113184,25,NC2_W3_gap,20-90-24,MOD5,MULTIPLA,3,1,0,0,90,3.00,0.00,-3.00,-100.0000,,,,,,,,,,,,,,,,
2026-09-06 14:29:50,2026-09-06,SPY_CLOSE_H3,172,,3,,,,,,,192,126,60,2505.00,1932.00,-573.00,-22.8743,113185,37,NC3_W5_gap,58-3-67,ALTRO,MULTIPLA,3,0,0,0,,3.00,0.00,-3.00,-100.0000,,,,,,,,,,,,,,,,
2026-09-06 14:29:50,2026-09-06,SPY_CLOSE_H3,172,,3,,,,,,,192,126,60,2505.00,1932.00,-573.00,-22.8743,113186,10,NC3_W5_gap,11-78-77,ALTRO,MULTIPLA,3,1,1,0,11-77,3.00,0.00,-3.00,-100.0000,,,,,,,,,,,,,,,,
2026-09-06 14:29:50,2026-09-06,SPY_CLOSE_H3,172,,3,,,,,,,192,126,60,2505.00,1932.00,-573.00,-22.8743,113187,25,C1_exact,20-90-36,MOD5,MULTIPLA,3,1,0,0,90,3.00,0.00,-3.00,-100.0000,,,,,,,,,,,,,,,,
2026-09-06 14:29:50,2026-09-06,SPY_CLOSE_H3,172,,3,,,,,,,192,126,60,2505.00,1932.00,-573.00,-22.8743,113188,6,NC2_W3_gap,90-87-88,DECINA,MULTIPLA,3,1,0,0,90,3.00,0.00,-3.00,-100.0000,,,,,,,,,,,,,,,,
2026-09-06 14:29:50,2026-09-06,SPY_CLOSE_H3,172,,3,,,,,,,192,126,60,2505.00,1932.00,-573.00,-22.8743,113189,80,C1_exact,3-55-44,ALTRO,MULTIPLA,3,1,0,0,55,3.00,0.00,-3.00,-100.0000,,,,,,,,,,,,,,,,
2026-09-06 14:29:50,2026-09-06,SPY_CLOSE_H3,172,,3,,,,,,,192,126,60,2505.00,1932.00,-573.00,-22.8743,113190,2,NC2_W3_gap,90-89-87,DECINA,MULTIPLA,3,1,0,0,90,3.00,0.00,-3.00,-100.0000,,,,,,,,,,,,,,,,
2026-09-06 14:29:50,2026-09-06,SPY_CLOSE_H3,172,,3,,,,,,,192,126,60,2505.00,1932.00,-573.00,-22.8743,113191,34,C1_exact,58-77-62,ALTRO,MULTIPLA,3,1,0,0,62,3.00,0.00,-3.00,-100.0000,,,,,,,,,,,,,,,,
2026-09-06 14:29:50,2026-09-06,SPY_CLOSE_H3,172,,3,,,,,,,192,126,60,2505.00,1932.00,-573.00,-22.8743,113192,18,C1_exact,90-86-87,DECINA,MULTIPLA,3,1,1,0,86-90,3.00,0.00,-3.00,-100.0000,,,,,,,,,,,,,,,,
2026-09-06 14:29:50,2026-09-06,SPY_CLOSE_H3,172,,3,,,,,,,192,126,60,2505.00,1932.00,-573.00,-22.8743,113193,25,NC3_W5_gap,20-15-57,CATENA_5,FORTE,3,1,0,0,57,3.00,0.00,-3.00,-100.0000,,,,,,,,,,,,,,,,
2026-09-06 14:29:50,2026-09-06,SPY_CLOSE_H2,172,,2,,,,,,,192,126,60,2505.00,1932.00,-573.00,-22.8743,113194,68,C3plus,55-65-13,ALTRO,MULTIPLA,2,0,0,0,,2.00,0.00,-2.00,-100.0000,,,,,,,,,,,,,,,,
2026-09-06 14:29:50,2026-09-06,SPY_CLOSE_H2,172,,2,,,,,,,192,126,60,2505.00,1932.00,-573.00,-22.8743,113195,90,C1_exact,55-45-24,MOD5,MULTIPLA,2,0,0,0,,2.00,0.00,-2.00,-100.0000,,,,,,,,,,,,,,,,
2026-09-06 14:29:50,2026-09-06,SPY_CLOSE_H2,172,,2,,,,,,,192,126,60,2505.00,1932.00,-573.00,-22.8743,113196,9,NC3_W5_gap,28-35-8,ALTRO,MULTIPLA,2,1,0,0,8,2.00,0.00,-2.00,-100.0000,,,,,,,,,,,,,,,,
2026-09-06 14:29:50,2026-09-06,SPY_CLOSE_H2,172,,2,,,,,,,192,126,60,2505.00,1932.00,-573.00,-22.8743,113197,56,C2_exact,52-61-47,ALTRO,MULTIPLA,2,1,0,0,52,2.00,0.00,-2.00,-100.0000,,,,,,,,,,,,,,,,
2026-09-06 14:29:50,2026-09-06,SPY_CLOSE_H2,172,,2,,,,,,,192,126,60,2505.00,1932.00,-573.00,-22.8743,113198,57,C2_exact,55-87-15,ALTRO,MULTIPLA,2,0,0,0,,2.00,0.00,-2.00,-100.0000,,,,,,,,,,,,,,,,
2026-09-06 14:29:50,2026-09-06,SPY_CLOSE_H2,172,,2,,,,,,,192,126,60,2505.00,1932.00,-573.00,-22.8743,113199,25,NC2_W5,20-46-6,ALTRO,MULTIPLA,2,0,0,0,,2.00,0.00,-2.00,-100.0000,,,,,,,,,,,,,,,,
2026-09-06 14:29:50,2026-09-06,SPY_CLOSE_H2,172,,2,,,,,,,192,126,60,2505.00,1932.00,-573.00,-22.8743,113200,54,C2_exact,85-66-52,ALTRO,MULTIPLA,2,1,0,0,52,2.00,0.00,-2.00,-100.0000,,,,,,,,,,,,,,,,
2026-09-06 14:29:50,2026-09-06,SPY_CLOSE_H2,172,,2,,,,,,,192,126,60,2505.00,1932.00,-573.00,-22.8743,113201,57,NC3_W5_gap,73-28-63,MOD5,MULTIPLA,2,1,0,0,28,2.00,0.00,-2.00,-100.0000,,,,,,,,,,,,,,,,
2026-09-06 14:29:50,2026-09-06,SPY_CLOSE_H2,172,,2,,,,,,,192,126,60,2505.00,1932.00,-573.00,-22.8743,113202,14,NC2_W3_gap,89-90-88,DECINA,MULTIPLA,2,0,0,0,,2.00,0.00,-2.00,-100.0000,,,,,,,,,,,,,,,,
2026-09-06 14:29:50,2026-09-06,SPY_CLOSE_H2,172,,2,,,,,,,192,126,60,2505.00,1932.00,-573.00,-22.8743,113203,27,C1_exact,7-40-88,ALTRO,MULTIPLA,2,1,0,0,40,2.00,0.00,-2.00,-100.0000,,,,,,,,,,,,,,,,
2026-09-06 14:29:50,2026-09-06,SPY_CLOSE_H2,172,,2,,,,,,,192,126,60,2505.00,1932.00,-573.00,-22.8743,113204,16,C1_exact,88-90-59,ALTRO,MULTIPLA,2,0,0,0,,2.00,0.00,-2.00,-100.0000,,,,,,,,,,,,,,,,
2026-09-06 14:29:50,2026-09-06,SPY_CLOSE_H2,172,,2,,,,,,,192,126,60,2505.00,1932.00,-573.00,-22.8743,113205,14,C1_exact,90-89-88,DECINA,MULTIPLA,2,0,0,0,,2.00,0.00,-2.00,-100.0000,,,,,,,,,,,,,,,,
2026-09-06 14:29:50,2026-09-06,SPY_CLOSE_H1,172,,1,,,,,,,192,126,60,2505.00,1932.00,-573.00,-22.8743,113206,86,C2_exact,89-90-88,DECINA,MULTIPLA,1,0,0,0,,1.00,0.00,-1.00,-100.0000,,,,,,,,,,,,,,,,
2026-09-06 14:29:50,2026-09-06,SPY_CLOSE_H1,172,,1,,,,,,,192,126,60,2505.00,1932.00,-573.00,-22.8743,113207,25,NC2_W3_gap,20-90-24,MOD5,MULTIPLA,1,0,0,0,,1.00,0.00,-1.00,-100.0000,,,,,,,,,,,,,,,,
2026-09-06 14:29:50,2026-09-06,SPY_CLOSE_H1,172,,1,,,,,,,192,126,60,2505.00,1932.00,-573.00,-22.8743,113208,19,NC2_W3_gap,89-90-86,DECINA,MULTIPLA,1,1,0,0,86,1.00,0.00,-1.00,-100.0000,,,,,,,,,,,,,,,,
2026-09-06 14:29:50,2026-09-06,SPY_CLOSE_H1,172,,1,,,,,,,192,126,60,2505.00,1932.00,-573.00,-22.8743,113209,10,NC3_W5_gap,11-78-77,ALTRO,MULTIPLA,1,1,1,0,11-77,1.00,0.00,-1.00,-100.0000,,,,,,,,,,,,,,,,
2026-09-06 14:29:50,2026-09-06,SPY_CLOSE_H1,172,,1,,,,,,,192,126,60,2505.00,1932.00,-573.00,-22.8743,113210,25,C1_exact,20-90-36,MOD5,MULTIPLA,1,0,0,0,,1.00,0.00,-1.00,-100.0000,,,,,,,,,,,,,,,,
2026-09-06 14:29:50,2026-09-06,SPY_CLOSE_H1,172,,1,,,,,,,192,126,60,2505.00,1932.00,-573.00,-22.8743,113211,81,C1_exact,55-68-21,ALTRO,MULTIPLA,1,1,0,0,21,1.00,0.00,-1.00,-100.0000,,,,,,,,,,,,,,,,
2026-09-06 14:29:50,2026-09-06,SPY_CLOSE_H1,172,,1,,,,,,,192,126,60,2505.00,1932.00,-573.00,-22.8743,113212,10,NC2_W3_gap,90-89-50,MOD5,MULTIPLA,1,0,0,0,,1.00,0.00,-1.00,-100.0000,,,,,,,,,,,,,,,,
2026-09-06 14:29:50,2026-09-06,SPY_CLOSE_H1,172,,1,,,,,,,192,126,60,2505.00,1932.00,-573.00,-22.8743,113213,19,C1_exact,89-85-90,DECINA,MULTIPLA,1,0,0,0,,1.00,0.00,-1.00,-100.0000,,,,,,,,,,,,,,,,
2026-09-06 14:29:50,2026-09-06,SPY_CLOSE_H1,172,,1,,,,,,,192,126,60,2505.00,1932.00,-573.00,-22.8743,113214,10,C1_exact,5-90-89,MOD5,MULTIPLA,1,1,0,0,5,1.00,0.00,-1.00,-100.0000,,,,,,,,,,,,,,,,
2026-09-06 14:29:50,2026-09-06,SPY_CLOSE_H1,172,,1,,,,,,,192,126,60,2505.00,1932.00,-573.00,-22.8743,113215,17,C1_exact,90-86-88,DECINA,MULTIPLA,1,1,0,0,86,1.00,0.00,-1.00,-100.0000,,,,,,,,,,,,,,,,
2026-09-06 14:29:50,2026-09-06,SPY_CLOSE_H1,172,,1,,,,,,,192,126,60,2505.00,1932.00,-573.00,-22.8743,113216,8,C1_exact,87-90-89,DECINA,MULTIPLA,1,0,0,0,,1.00,0.00,-1.00,-100.0000,,,,,,,,,,,,,,,,
2026-09-06 14:29:50,2026-09-06,SPY_CLOSE_H1,172,,1,,,,,,,192,126,60,2505.00,1932.00,-573.00,-22.8743,113217,25,NC3_W5_gap,20-15-57,CATENA_5,FORTE,1,0,0,0,,1.00,0.00,-1.00,-100.0000,,,,,,,,,,,,,,,,
2026-09-06 14:29:50,2026-09-06,SUM9091_LAB_CLOSE,172,1904,10,46,,46-44-45,RAW_SUM_946_REPEAT_FROM_E29_GAP_133_BEST_2_3_H6,,,192,126,60,2505.00,1932.00,-573.00,-22.8743,,,,,,,,,,,,,,,,,,,,,,,,,,,,,,,
2026-09-06 14:29:50,2026-09-06,SPY_OPEN,172,,,,,,,,,192,126,60,2505.00,1932.00,-573.00,-22.8743,113218,25,C2_exact,20-15-10,CATENA_5,MULTIPLA,,,,,,,,,,,,,,,,,,,,,,,,,
2026-09-06 14:29:50,2026-09-06,SPY_OPEN,172,,,,,,,,,192,126,60,2505.00,1932.00,-573.00,-22.8743,113219,80,NC2_W3_gap,55-3-22,ALTRO,MULTIPLA,,,,,,,,,,,,,,,,,,,,,,,,,
2026-09-06 14:29:50,2026-09-06,SPY_OPEN,172,,,,,,,,,192,126,60,2505.00,1932.00,-573.00,-22.8743,113220,25,NC3_W5_gap,20-15-57,CATENA_5,MULTIPLA,,,,,,,,,,,,,,,,,,,,,,,,,
2026-09-06 14:29:50,2026-09-06,SPY_OPEN,172,,,,,,,,,192,126,60,2505.00,1932.00,-573.00,-22.8743,113221,10,NC3_W5_gap,11-78-77,ALTRO,MULTIPLA,,,,,,,,,,,,,,,,,,,,,,,,,
2026-09-06 14:29:50,2026-09-06,SPY_OPEN,172,,,,,,,,,192,126,60,2505.00,1932.00,-573.00,-22.8743,113222,18,NC2_W5,16-11-44,DECINA,MULTIPLA,,,,,,,,,,,,,,,,,,,,,,,,,
2026-09-06 14:29:50,2026-09-06,SPY_OPEN,172,,,,,,,,,192,126,60,2505.00,1932.00,-573.00,-22.8743,113223,80,C1_exact,3-55-44,ALTRO,MULTIPLA,,,,,,,,,,,,,,,,,,,,,,,,,
2026-09-06 14:29:50,2026-09-06,SPY_OPEN,172,,,,,,,,,192,126,60,2505.00,1932.00,-573.00,-22.8743,113224,48,NC2_W3_gap,86-84-88,DECINA,MULTIPLA,,,,,,,,,,,,,,,,,,,,,,,,,
2026-09-06 14:29:50,2026-09-06,SPY_OPEN,172,,,,,,,,,192,126,60,2505.00,1932.00,-573.00,-22.8743,113225,19,NC3_W5_gap,89-85-82,DECINA,MULTIPLA,,,,,,,,,,,,,,,,,,,,,,,,,
2026-09-06 14:29:50,2026-09-06,SPY_OPEN,172,,,,,,,,,192,126,60,2505.00,1932.00,-573.00,-22.8743,113226,23,C1_exact,88-57-14,ALTRO,MULTIPLA,,,,,,,,,,,,,,,,,,,,,,,,,
2026-09-06 14:29:50,2026-09-06,SPY_OPEN,172,,,,,,,,,192,126,60,2505.00,1932.00,-573.00,-22.8743,113227,21,C1_exact,51-88-84,ALTRO,MULTIPLA,,,,,,,,,,,,,,,,,,,,,,,,,
2026-09-06 14:29:50,2026-09-06,SPY_OPEN,172,,,,,,,,,192,126,60,2505.00,1932.00,-573.00,-22.8743,113228,5,C1_exact,88-87-89,DECINA,MULTIPLA,,,,,,,,,,,,,,,,,,,,,,,,,
2026-09-06 14:29:50,2026-09-06,SPY_OPEN,172,,,,,,,,,192,126,60,2505.00,1932.00,-573.00,-22.8743,113229,11,C1_exact,90-88-86,DECINA,MULTIPLA,,,,,,,,,,,,,,,,,,,,,,,,,
2026-09-06 14:29:50,2026-09-06,SPY_OPEN,172,,,,,,,,,192,126,60,2505.00,1932.00,-573.00,-22.8743,113230,18,C1_exact,90-86-87,DECINA,MULTIPLA,,,,,,,,,,,,,,,,,,,,,,,,,
2026-09-06 14:29:50,2026-09-06,SPY_OPEN,172,,,,,,,,,192,126,60,2505.00,1932.00,-573.00,-22.8743,113231,1,C1_exact,86-90-85,DECINA,MULTIPLA,,,,,,,,,,,,,,,,,,,,,,,,,
2026-09-06 14:29:50,2026-09-06,SUM9091_LAB_OPEN,172,1907,0,84,,84-6-7,REPEAT_RAW_SUM_894_FROM_E13_GAP_159_OCC_2,,,192,126,60,2505.00,1932.00,-573.00,-22.8743,,,,,,,,,,,,,,,,,,,,,,,,,,,,,,,
2026-09-06 14:29:50,2026-09-06,SPY_CLOSE_H3,173,,3,,,,,,,192,126,60,2505.00,1932.00,-573.00,-22.8743,113194,68,C3plus,55-65-13,ALTRO,MULTIPLA,3,1,0,0,13,3.00,0.00,-3.00,-100.0000,,,,,,,,,,,,,,,,
2026-09-06 14:29:50,2026-09-06,SPY_CLOSE_H3,173,,3,,,,,,,192,126,60,2505.00,1932.00,-573.00,-22.8743,113195,90,C1_exact,55-45-24,MOD5,MULTIPLA,3,0,0,0,,3.00,0.00,-3.00,-100.0000,,,,,,,,,,,,,,,,
2026-09-06 14:29:50,2026-09-06,SPY_CLOSE_H3,173,,3,,,,,,,192,126,60,2505.00,1932.00,-573.00,-22.8743,113196,9,NC3_W5_gap,28-35-8,ALTRO,MULTIPLA,3,1,0,0,8,3.00,0.00,-3.00,-100.0000,,,,,,,,,,,,,,,,
2026-09-06 14:29:50,2026-09-06,SPY_CLOSE_H3,173,,3,,,,,,,192,126,60,2505.00,1932.00,-573.00,-22.8743,113197,56,C2_exact,52-61-47,ALTRO,MULTIPLA,3,1,0,0,52,3.00,0.00,-3.00,-100.0000,,,,,,,,,,,,,,,,
2026-09-06 14:29:50,2026-09-06,SPY_CLOSE_H3,173,,3,,,,,,,192,126,60,2505.00,1932.00,-573.00,-22.8743,113198,57,C2_exact,55-87-15,ALTRO,MULTIPLA,3,1,0,0,87,3.00,0.00,-3.00,-100.0000,,,,,,,,,,,,,,,,
2026-09-06 14:29:50,2026-09-06,SPY_CLOSE_H3,173,,3,,,,,,,192,126,60,2505.00,1932.00,-573.00,-22.8743,113199,25,NC2_W5,20-46-6,ALTRO,MULTIPLA,3,0,0,0,,3.00,0.00,-3.00,-100.0000,,,,,,,,,,,,,,,,
2026-09-06 14:29:50,2026-09-06,SPY_CLOSE_H3,173,,3,,,,,,,192,126,60,2505.00,1932.00,-573.00,-22.8743,113200,54,C2_exact,85-66-52,ALTRO,MULTIPLA,3,1,0,0,52,3.00,0.00,-3.00,-100.0000,,,,,,,,,,,,,,,,
2026-09-06 14:29:50,2026-09-06,SPY_CLOSE_H3,173,,3,,,,,,,192,126,60,2505.00,1932.00,-573.00,-22.8743,113201,57,NC3_W5_gap,73-28-63,MOD5,MULTIPLA,3,1,0,0,28,3.00,0.00,-3.00,-100.0000,,,,,,,,,,,,,,,,
2026-09-06 14:29:50,2026-09-06,SPY_CLOSE_H3,173,,3,,,,,,,192,126,60,2505.00,1932.00,-573.00,-22.8743,113202,14,NC2_W3_gap,89-90-88,DECINA,MULTIPLA,3,1,1,0,88-90,3.00,0.00,-3.00,-100.0000,,,,,,,,,,,,,,,,
2026-09-06 14:29:50,2026-09-06,SPY_CLOSE_H3,173,,3,,,,,,,192,126,60,2505.00,1932.00,-573.00,-22.8743,113203,27,C1_exact,7-40-88,ALTRO,MULTIPLA,3,1,1,0,7-88,3.00,0.00,-3.00,-100.0000,,,,,,,,,,,,,,,,
2026-09-06 14:29:50,2026-09-06,SPY_CLOSE_H3,173,,3,,,,,,,192,126,60,2505.00,1932.00,-573.00,-22.8743,113204,16,C1_exact,88-90-59,ALTRO,MULTIPLA,3,1,1,0,88-90,3.00,0.00,-3.00,-100.0000,,,,,,,,,,,,,,,,
2026-09-06 14:29:50,2026-09-06,SPY_CLOSE_H3,173,,3,,,,,,,192,126,60,2505.00,1932.00,-573.00,-22.8743,113205,14,C1_exact,90-89-88,DECINA,MULTIPLA,3,1,1,0,88-90,3.00,0.00,-3.00,-100.0000,,,,,,,,,,,,,,,,
2026-09-06 14:29:50,2026-09-06,SPY_CLOSE_H2,173,,2,,,,,,,192,126,60,2505.00,1932.00,-573.00,-22.8743,113206,86,C2_exact,89-90-88,DECINA,MULTIPLA,2,1,1,0,88-90,2.00,0.00,-2.00,-100.0000,,,,,,,,,,,,,,,,
2026-09-06 14:29:50,2026-09-06,SPY_CLOSE_H2,173,,2,,,,,,,192,126,60,2505.00,1932.00,-573.00,-22.8743,113207,25,NC2_W3_gap,20-90-24,MOD5,MULTIPLA,2,1,0,0,90,2.00,0.00,-2.00,-100.0000,,,,,,,,,,,,,,,,
2026-09-06 14:29:50,2026-09-06,SPY_CLOSE_H2,173,,2,,,,,,,192,126,60,2505.00,1932.00,-573.00,-22.8743,113208,19,NC2_W3_gap,89-90-86,DECINA,MULTIPLA,2,1,0,0,86,2.00,0.00,-2.00,-100.0000,,,,,,,,,,,,,,,,
2026-09-06 14:29:50,2026-09-06,SPY_CLOSE_H2,173,,2,,,,,,,192,126,60,2505.00,1932.00,-573.00,-22.8743,113209,10,NC3_W5_gap,11-78-77,ALTRO,MULTIPLA,2,1,1,0,11-77,2.00,0.00,-2.00,-100.0000,,,,,,,,,,,,,,,,
2026-09-06 14:29:50,2026-09-06,SPY_CLOSE_H2,173,,2,,,,,,,192,126,60,2505.00,1932.00,-573.00,-22.8743,113210,25,C1_exact,20-90-36,MOD5,MULTIPLA,2,1,0,0,90,2.00,0.00,-2.00,-100.0000,,,,,,,,,,,,,,,,
2026-09-06 14:29:50,2026-09-06,SPY_CLOSE_H2,173,,2,,,,,,,192,126,60,2505.00,1932.00,-573.00,-22.8743,113211,81,C1_exact,55-68-21,ALTRO,MULTIPLA,2,1,0,0,21,2.00,0.00,-2.00,-100.0000,,,,,,,,,,,,,,,,
2026-09-06 14:29:50,2026-09-06,SPY_CLOSE_H2,173,,2,,,,,,,192,126,60,2505.00,1932.00,-573.00,-22.8743,113212,10,NC2_W3_gap,90-89-50,MOD5,MULTIPLA,2,1,1,0,50-90,2.00,0.00,-2.00,-100.0000,,,,,,,,,,,,,,,,
2026-09-06 14:29:50,2026-09-06,SPY_CLOSE_H2,173,,2,,,,,,,192,126,60,2505.00,1932.00,-573.00,-22.8743,113213,19,C1_exact,89-85-90,DECINA,MULTIPLA,2,1,0,0,90,2.00,0.00,-2.00,-100.0000,,,,,,,,,,,,,,,,
2026-09-06 14:29:50,2026-09-06,SPY_CLOSE_H2,173,,2,,,,,,,192,126,60,2505.00,1932.00,-573.00,-22.8743,113214,10,C1_exact,5-90-89,MOD5,MULTIPLA,2,1,0,0,5,2.00,0.00,-2.00,-100.0000,,,,,,,,,,,,,,,,
2026-09-06 14:29:50,2026-09-06,SPY_CLOSE_H2,173,,2,,,,,,,192,126,60,2505.00,1932.00,-573.00,-22.8743,113215,17,C1_exact,90-86-88,DECINA,MULTIPLA,2,1,1,0,88-90,2.00,0.00,-2.00,-100.0000,,,,,,,,,,,,,,,,
2026-09-06 14:29:50,2026-09-06,SPY_CLOSE_H2,173,,2,,,,,,,192,126,60,2505.00,1932.00,-573.00,-22.8743,113216,8,C1_exact,87-90-89,DECINA,MULTIPLA,2,1,1,0,87-90,2.00,0.00,-2.00,-100.0000,,,,,,,,,,,,,,,,
2026-09-06 14:29:50,2026-09-06,SPY_CLOSE_H2,173,,2,,,,,,,192,126,60,2505.00,1932.00,-573.00,-22.8743,113217,25,NC3_W5_gap,20-15-57,CATENA_5,FORTE,2,1,0,0,57,2.00,0.00,-2.00,-100.0000,,,,,,,,,,,,,,,,
2026-09-06 14:29:50,2026-09-06,SPY_CLOSE_H1,173,,1,,,,,,,192,126,60,2505.00,1932.00,-573.00,-22.8743,113218,25,C2_exact,20-15-10,CATENA_5,MULTIPLA,1,1,0,0,10,1.00,0.00,-1.00,-100.0000,,,,,,,,,,,,,,,,
2026-09-06 14:29:50,2026-09-06,SPY_CLOSE_H1,173,,1,,,,,,,192,126,60,2505.00,1932.00,-573.00,-22.8743,113219,80,NC2_W3_gap,55-3-22,ALTRO,MULTIPLA,1,0,0,0,,1.00,0.00,-1.00,-100.0000,,,,,,,,,,,,,,,,
2026-09-06 14:29:50,2026-09-06,SPY_CLOSE_H1,173,,1,,,,,,,192,126,60,2505.00,1932.00,-573.00,-22.8743,113220,25,NC3_W5_gap,20-15-57,CATENA_5,MULTIPLA,1,1,0,0,57,1.00,0.00,-1.00,-100.0000,,,,,,,,,,,,,,,,
2026-09-06 14:29:50,2026-09-06,SPY_CLOSE_H1,173,,1,,,,,,,192,126,60,2505.00,1932.00,-573.00,-22.8743,113221,10,NC3_W5_gap,11-78-77,ALTRO,MULTIPLA,1,1,0,0,77,1.00,0.00,-1.00,-100.0000,,,,,,,,,,,,,,,,
2026-09-06 14:29:50,2026-09-06,SPY_CLOSE_H1,173,,1,,,,,,,192,126,60,2505.00,1932.00,-573.00,-22.8743,113222,18,NC2_W5,16-11-44,DECINA,MULTIPLA,1,0,0,0,,1.00,0.00,-1.00,-100.0000,,,,,,,,,,,,,,,,
2026-09-06 14:29:50,2026-09-06,SPY_CLOSE_H1,173,,1,,,,,,,192,126,60,2505.00,1932.00,-573.00,-22.8743,113223,80,C1_exact,3-55-44,ALTRO,MULTIPLA,1,0,0,0,,1.00,0.00,-1.00,-100.0000,,,,,,,,,,,,,,,,
2026-09-06 14:29:50,2026-09-06,SPY_CLOSE_H1,173,,1,,,,,,,192,126,60,2505.00,1932.00,-573.00,-22.8743,113224,48,NC2_W3_gap,86-84-88,DECINA,MULTIPLA,1,1,0,0,88,1.00,0.00,-1.00,-100.0000,,,,,,,,,,,,,,,,
2026-09-06 14:29:50,2026-09-06,SPY_CLOSE_H1,173,,1,,,,,,,192,126,60,2505.00,1932.00,-573.00,-22.8743,113225,19,NC3_W5_gap,89-85-82,DECINA,MULTIPLA,1,0,0,0,,1.00,0.00,-1.00,-100.0000,,,,,,,,,,,,,,,,
2026-09-06 14:29:50,2026-09-06,SPY_CLOSE_H1,173,,1,,,,,,,192,126,60,2505.00,1932.00,-573.00,-22.8743,113226,23,C1_exact,88-57-14,ALTRO,MULTIPLA,1,1,1,1,14-57-88,1.00,45.00,44.00,4400.0000,,,,,,,,,,,,,,,,
2026-09-06 14:29:50,2026-09-06,SPY_CLOSE_H1,173,,1,,,,,,,192,126,60,2505.00,1932.00,-573.00,-22.8743,113227,21,C1_exact,51-88-84,ALTRO,MULTIPLA,1,1,1,0,51-88,1.00,0.00,-1.00,-100.0000,,,,,,,,,,,,,,,,
2026-09-06 14:29:50,2026-09-06,SPY_CLOSE_H1,173,,1,,,,,,,192,126,60,2505.00,1932.00,-573.00,-22.8743,113228,5,C1_exact,88-87-89,DECINA,MULTIPLA,1,1,1,0,87-88,1.00,0.00,-1.00,-100.0000,,,,,,,,,,,,,,,,
2026-09-06 14:29:50,2026-09-06,SPY_CLOSE_H1,173,,1,,,,,,,192,126,60,2505.00,1932.00,-573.00,-22.8743,113229,11,C1_exact,90-88-86,DECINA,MULTIPLA,1,1,1,0,88-90,1.00,0.00,-1.00,-100.0000,,,,,,,,,,,,,,,,
2026-09-06 14:29:50,2026-09-06,SPY_CLOSE_H1,173,,1,,,,,,,192,126,60,2505.00,1932.00,-573.00,-22.8743,113230,18,C1_exact,90-86-87,DECINA,MULTIPLA,1,1,1,0,87-90,1.00,0.00,-1.00,-100.0000,,,,,,,,,,,,,,,,
2026-09-06 14:29:50,2026-09-06,SPY_CLOSE_H1,173,,1,,,,,,,192,126,60,2505.00,1932.00,-573.00,-22.8743,113231,1,C1_exact,86-90-85,DECINA,MULTIPLA,1,1,0,0,90,1.00,0.00,-1.00,-100.0000,,,,,,,,,,,,,,,,
2026-09-06 14:29:50,2026-09-06,SPY_OPEN,173,,,,,,,,,192,126,60,2505.00,1932.00,-573.00,-22.8743,113232,90,C1_exact,55-45-24,MOD5,MULTIPLA,,,,,,,,,,,,,,,,,,,,,,,,,
2026-09-06 14:29:50,2026-09-06,SPY_OPEN,173,,,,,,,,,192,126,60,2505.00,1932.00,-573.00,-22.8743,113233,87,C1_exact,55-6-3,ALTRO,MULTIPLA,,,,,,,,,,,,,,,,,,,,,,,,,
2026-09-06 14:29:50,2026-09-06,SPY_OPEN,173,,,,,,,,,192,126,60,2505.00,1932.00,-573.00,-22.8743,113234,21,C2_exact,40-12-25,ALTRO,MULTIPLA,,,,,,,,,,,,,,,,,,,,,,,,,
2026-09-06 14:29:50,2026-09-06,SPY_OPEN,173,,,,,,,,,192,126,60,2505.00,1932.00,-573.00,-22.8743,113235,48,NC3_W5_gap,19-55-34,ALTRO,MULTIPLA,,,,,,,,,,,,,,,,,,,,,,,,,
2026-09-06 14:29:50,2026-09-06,SPY_OPEN,173,,,,,,,,,192,126,60,2505.00,1932.00,-573.00,-22.8743,113236,50,C1_exact,45-39-81,ALTRO,MULTIPLA,,,,,,,,,,,,,,,,,,,,,,,,,
2026-09-06 14:29:50,2026-09-06,SPY_OPEN,173,,,,,,,,,192,126,60,2505.00,1932.00,-573.00,-22.8743,113237,7,NC2_W5,8-15-25,ALTRO,MULTIPLA,,,,,,,,,,,,,,,,,,,,,,,,,
2026-09-06 14:29:50,2026-09-06,SPY_OPEN,173,,,,,,,,,192,126,60,2505.00,1932.00,-573.00,-22.8743,113238,10,NC3_W5_gap,11-78-77,ALTRO,MULTIPLA,,,,,,,,,,,,,,,,,,,,,,,,,
2026-09-06 14:29:50,2026-09-06,SPY_OPEN,173,,,,,,,,,192,126,60,2505.00,1932.00,-573.00,-22.8743,113239,18,NC2_W5,16-11-44,DECINA,MULTIPLA,,,,,,,,,,,,,,,,,,,,,,,,,
2026-09-06 14:29:50,2026-09-06,SPY_OPEN,173,,,,,,,,,192,126,60,2505.00,1932.00,-573.00,-22.8743,113240,90,NC2_W5,87-89-88,DECINA,MULTIPLA,,,,,,,,,,,,,,,,,,,,,,,,,
2026-09-06 14:29:50,2026-09-06,SPY_OPEN,173,,,,,,,,,192,126,60,2505.00,1932.00,-573.00,-22.8743,113241,19,NC2_W5,2-17-23,ALTRO,MULTIPLA,,,,,,,,,,,,,,,,,,,,,,,,,
2026-09-06 14:29:50,2026-09-06,SPY_OPEN,173,,,,,,,,,192,126,60,2505.00,1932.00,-573.00,-22.8743,113242,57,NC3_W5_gap,73-28-63,MOD5,MULTIPLA,,,,,,,,,,,,,,,,,,,,,,,,,
2026-09-06 14:29:50,2026-09-06,SPY_OPEN,173,,,,,,,,,192,126,60,2505.00,1932.00,-573.00,-22.8743,113243,41,NC2_W3_gap,46-36-88,MOD5,MULTIPLA,,,,,,,,,,,,,,,,,,,,,,,,,
2026-09-06 14:29:50,2026-09-06,SPY_OPEN,173,,,,,,,,,192,126,60,2505.00,1932.00,-573.00,-22.8743,113244,10,NC2_W3_gap,90-89-50,MOD5,MULTIPLA,,,,,,,,,,,,,,,,,,,,,,,,,
2026-09-06 14:29:50,2026-09-06,SPY_OPEN,173,,,,,,,,,192,126,60,2505.00,1932.00,-573.00,-22.8743,113245,33,C2_exact,26-29-87,ALTRO,MULTIPLA,,,,,,,,,,,,,,,,,,,,,,,,,
2026-09-06 14:29:50,2026-09-06,SPY_OPEN,173,,,,,,,,,192,126,60,2505.00,1932.00,-573.00,-22.8743,113246,29,C1_exact,81-8-77,ALTRO,MULTIPLA,,,,,,,,,,,,,,,,,,,,,,,,,
2026-09-06 14:29:50,2026-09-06,SPY_OPEN,173,,,,,,,,,192,126,60,2505.00,1932.00,-573.00,-22.8743,113247,7,C1_exact,69-89-4,MOD5,MULTIPLA,,,,,,,,,,,,,,,,,,,,,,,,,
2026-09-06 14:29:50,2026-09-06,SPY_OPEN,173,,,,,,,,,192,126,60,2505.00,1932.00,-573.00,-22.8743,113248,10,C1_exact,5-90-89,MOD5,MULTIPLA,,,,,,,,,,,,,,,,,,,,,,,,,
2026-09-06 14:29:50,2026-09-06,SPY_OPEN,173,,,,,,,,,192,126,60,2505.00,1932.00,-573.00,-22.8743,113249,13,C1_exact,89-90-50,ALTRO,MULTIPLA,,,,,,,,,,,,,,,,,,,,,,,,,
2026-09-06 14:29:50,2026-09-06,SPY_OPEN,173,,,,,,,,,192,126,60,2505.00,1932.00,-573.00,-22.8743,113250,14,C1_exact,90-89-88,DECINA,MULTIPLA,,,,,,,,,,,,,,,,,,,,,,,,,
2026-09-06 14:29:50,2026-09-06,SPY_OPEN,173,,,,,,,,,192,126,60,2505.00,1932.00,-573.00,-22.8743,113251,25,NC3_W5_gap,20-15-57,CATENA_5,FORTE,,,,,,,,,,,,,,,,,,,,,,,,,
2026-09-06 14:29:50,2026-09-06,SUM9091_LAB_OPEN,173,1908,0,51,,51-39-40,REPEAT_RAW_SUM_951_FROM_E145_GAP_28_OCC_2,,,192,126,60,2505.00,1932.00,-573.00,-22.8743,,,,,,,,,,,,,,,,,,,,,,,,,,,,,,,
2026-09-06 14:30:51,2026-09-06,SPY_CLOSE_H3,174,,3,,,,,,,192,126,60,2505.00,1932.00,-573.00,-22.8743,113206,86,C2_exact,89-90-88,DECINA,MULTIPLA,3,1,1,0,88-90,3.00,0.00,-3.00,-100.0000,,,,,,,,,,,,,,,,
2026-09-06 14:30:51,2026-09-06,SPY_CLOSE_H3,174,,3,,,,,,,192,126,60,2505.00,1932.00,-573.00,-22.8743,113207,25,NC2_W3_gap,20-90-24,MOD5,MULTIPLA,3,1,0,0,90,3.00,0.00,-3.00,-100.0000,,,,,,,,,,,,,,,,
2026-09-06 14:30:51,2026-09-06,SPY_CLOSE_H3,174,,3,,,,,,,192,126,60,2505.00,1932.00,-573.00,-22.8743,113208,19,NC2_W3_gap,89-90-86,DECINA,MULTIPLA,3,1,0,0,86,3.00,0.00,-3.00,-100.0000,,,,,,,,,,,,,,,,
2026-09-06 14:30:51,2026-09-06,SPY_CLOSE_H3,174,,3,,,,,,,192,126,60,2505.00,1932.00,-573.00,-22.8743,113209,10,NC3_W5_gap,11-78-77,ALTRO,MULTIPLA,3,1,1,0,11-77,3.00,0.00,-3.00,-100.0000,,,,,,,,,,,,,,,,
2026-09-06 14:30:51,2026-09-06,SPY_CLOSE_H3,174,,3,,,,,,,192,126,60,2505.00,1932.00,-573.00,-22.8743,113210,25,C1_exact,20-90-36,MOD5,MULTIPLA,3,1,1,0,20-36,3.00,0.00,-3.00,-100.0000,,,,,,,,,,,,,,,,
2026-09-06 14:30:51,2026-09-06,SPY_CLOSE_H3,174,,3,,,,,,,192,126,60,2505.00,1932.00,-573.00,-22.8743,113211,81,C1_exact,55-68-21,ALTRO,MULTIPLA,3,1,0,0,21,3.00,0.00,-3.00,-100.0000,,,,,,,,,,,,,,,,
2026-09-06 14:30:51,2026-09-06,SPY_CLOSE_H3,174,,3,,,,,,,192,126,60,2505.00,1932.00,-573.00,-22.8743,113212,10,NC2_W3_gap,90-89-50,MOD5,MULTIPLA,3,1,1,0,50-90,3.00,0.00,-3.00,-100.0000,,,,,,,,,,,,,,,,
2026-09-06 14:30:51,2026-09-06,SPY_CLOSE_H3,174,,3,,,,,,,192,126,60,2505.00,1932.00,-573.00,-22.8743,113213,19,C1_exact,89-85-90,DECINA,MULTIPLA,3,1,0,0,90,3.00,0.00,-3.00,-100.0000,,,,,,,,,,,,,,,,
2026-09-06 14:30:51,2026-09-06,SPY_CLOSE_H3,174,,3,,,,,,,192,126,60,2505.00,1932.00,-573.00,-22.8743,113214,10,C1_exact,5-90-89,MOD5,MULTIPLA,3,1,0,0,5,3.00,0.00,-3.00,-100.0000,,,,,,,,,,,,,,,,
2026-09-06 14:30:51,2026-09-06,SPY_CLOSE_H3,174,,3,,,,,,,192,126,60,2505.00,1932.00,-573.00,-22.8743,113215,17,C1_exact,90-86-88,DECINA,MULTIPLA,3,1,1,0,88-90,3.00,0.00,-3.00,-100.0000,,,,,,,,,,,,,,,,
2026-09-06 14:30:51,2026-09-06,SPY_CLOSE_H3,174,,3,,,,,,,192,126,60,2505.00,1932.00,-573.00,-22.8743,113216,8,C1_exact,87-90-89,DECINA,MULTIPLA,3,1,1,0,87-90,3.00,0.00,-3.00,-100.0000,,,,,,,,,,,,,,,,
2026-09-06 14:30:51,2026-09-06,SPY_CLOSE_H3,174,,3,,,,,,,192,126,60,2505.00,1932.00,-573.00,-22.8743,113217,25,NC3_W5_gap,20-15-57,CATENA_5,FORTE,3,1,0,0,57,3.00,0.00,-3.00,-100.0000,,,,,,,,,,,,,,,,
2026-09-06 14:30:51,2026-09-06,SPY_CLOSE_H2,174,,2,,,,,,,192,126,60,2505.00,1932.00,-573.00,-22.8743,113218,25,C2_exact,20-15-10,CATENA_5,MULTIPLA,2,1,0,0,10,2.00,0.00,-2.00,-100.0000,,,,,,,,,,,,,,,,
2026-09-06 14:30:51,2026-09-06,SPY_CLOSE_H2,174,,2,,,,,,,192,126,60,2505.00,1932.00,-573.00,-22.8743,113219,80,NC2_W3_gap,55-3-22,ALTRO,MULTIPLA,2,1,0,0,3,2.00,0.00,-2.00,-100.0000,,,,,,,,,,,,,,,,
2026-09-06 14:30:51,2026-09-06,SPY_CLOSE_H2,174,,2,,,,,,,192,126,60,2505.00,1932.00,-573.00,-22.8743,113220,25,NC3_W5_gap,20-15-57,CATENA_5,MULTIPLA,2,1,0,0,57,2.00,0.00,-2.00,-100.0000,,,,,,,,,,,,,,,,
2026-09-06 14:30:51,2026-09-06,SPY_CLOSE_H2,174,,2,,,,,,,192,126,60,2505.00,1932.00,-573.00,-22.8743,113221,10,NC3_W5_gap,11-78-77,ALTRO,MULTIPLA,2,1,0,0,77,2.00,0.00,-2.00,-100.0000,,,,,,,,,,,,,,,,
2026-09-06 14:30:51,2026-09-06,SPY_CLOSE_H2,174,,2,,,,,,,192,126,60,2505.00,1932.00,-573.00,-22.8743,113222,18,NC2_W5,16-11-44,DECINA,MULTIPLA,2,1,0,0,44,2.00,0.00,-2.00,-100.0000,,,,,,,,,,,,,,,,
2026-09-06 14:30:51,2026-09-06,SPY_CLOSE_H2,174,,2,,,,,,,192,126,60,2505.00,1932.00,-573.00,-22.8743,113223,80,C1_exact,3-55-44,ALTRO,MULTIPLA,2,1,1,0,3-44,2.00,0.00,-2.00,-100.0000,,,,,,,,,,,,,,,,
2026-09-06 14:30:51,2026-09-06,SPY_CLOSE_H2,174,,2,,,,,,,192,126,60,2505.00,1932.00,-573.00,-22.8743,113224,48,NC2_W3_gap,86-84-88,DECINA,MULTIPLA,2,1,0,0,88,2.00,0.00,-2.00,-100.0000,,,,,,,,,,,,,,,,
2026-09-06 14:30:51,2026-09-06,SPY_CLOSE_H2,174,,2,,,,,,,192,126,60,2505.00,1932.00,-573.00,-22.8743,113225,19,NC3_W5_gap,89-85-82,DECINA,MULTIPLA,2,1,0,0,89,2.00,0.00,-2.00,-100.0000,,,,,,,,,,,,,,,,
2026-09-06 14:30:51,2026-09-06,SPY_CLOSE_H2,174,,2,,,,,,,192,126,60,2505.00,1932.00,-573.00,-22.8743,113226,23,C1_exact,88-57-14,ALTRO,MULTIPLA,2,1,1,1,14-57-88,1.00,45.00,44.00,4400.0000,,,,,,,,,,,,,,,,
2026-09-06 14:30:51,2026-09-06,SPY_CLOSE_H2,174,,2,,,,,,,192,126,60,2505.00,1932.00,-573.00,-22.8743,113227,21,C1_exact,51-88-84,ALTRO,MULTIPLA,2,1,1,0,51-88,2.00,0.00,-2.00,-100.0000,,,,,,,,,,,,,,,,
2026-09-06 14:30:51,2026-09-06,SPY_CLOSE_H2,174,,2,,,,,,,192,126,60,2505.00,1932.00,-573.00,-22.8743,113228,5,C1_exact,88-87-89,DECINA,MULTIPLA,2,1,1,0,87-88,2.00,0.00,-2.00,-100.0000,,,,,,,,,,,,,,,,
2026-09-06 14:30:51,2026-09-06,SPY_CLOSE_H2,174,,2,,,,,,,192,126,60,2505.00,1932.00,-573.00,-22.8743,113229,11,C1_exact,90-88-86,DECINA,MULTIPLA,2,1,1,0,88-90,2.00,0.00,-2.00,-100.0000,,,,,,,,,,,,,,,,
2026-09-06 14:30:51,2026-09-06,SPY_CLOSE_H2,174,,2,,,,,,,192,126,60,2505.00,1932.00,-573.00,-22.8743,113230,18,C1_exact,90-86-87,DECINA,MULTIPLA,2,1,1,0,87-90,2.00,0.00,-2.00,-100.0000,,,,,,,,,,,,,,,,
2026-09-06 14:30:51,2026-09-06,SPY_CLOSE_H2,174,,2,,,,,,,192,126,60,2505.00,1932.00,-573.00,-22.8743,113231,1,C1_exact,86-90-85,DECINA,MULTIPLA,2,1,0,0,90,2.00,0.00,-2.00,-100.0000,,,,,,,,,,,,,,,,
2026-09-06 14:30:51,2026-09-06,SPY_CLOSE_H1,174,,1,,,,,,,192,126,60,2505.00,1932.00,-573.00,-22.8743,113232,90,C1_exact,55-45-24,MOD5,MULTIPLA,1,0,0,0,,1.00,0.00,-1.00,-100.0000,,,,,,,,,,,,,,,,
2026-09-06 14:30:51,2026-09-06,SPY_CLOSE_H1,174,,1,,,,,,,192,126,60,2505.00,1932.00,-573.00,-22.8743,113233,87,C1_exact,55-6-3,ALTRO,MULTIPLA,1,1,0,0,3,1.00,0.00,-1.00,-100.0000,,,,,,,,,,,,,,,,
2026-09-06 14:30:51,2026-09-06,SPY_CLOSE_H1,174,,1,,,,,,,192,126,60,2505.00,1932.00,-573.00,-22.8743,113234,21,C2_exact,40-12-25,ALTRO,MULTIPLA,1,0,0,0,,1.00,0.00,-1.00,-100.0000,,,,,,,,,,,,,,,,
2026-09-06 14:30:51,2026-09-06,SPY_CLOSE_H1,174,,1,,,,,,,192,126,60,2505.00,1932.00,-573.00,-22.8743,113235,48,NC3_W5_gap,19-55-34,ALTRO,MULTIPLA,1,0,0,0,,1.00,0.00,-1.00,-100.0000,,,,,,,,,,,,,,,,
2026-09-06 14:30:51,2026-09-06,SPY_CLOSE_H1,174,,1,,,,,,,192,126,60,2505.00,1932.00,-573.00,-22.8743,113236,50,C1_exact,45-39-81,ALTRO,MULTIPLA,1,0,0,0,,1.00,0.00,-1.00,-100.0000,,,,,,,,,,,,,,,,
2026-09-06 14:30:51,2026-09-06,SPY_CLOSE_H1,174,,1,,,,,,,192,126,60,2505.00,1932.00,-573.00,-22.8743,113237,7,NC2_W5,8-15-25,ALTRO,MULTIPLA,1,0,0,0,,1.00,0.00,-1.00,-100.0000,,,,,,,,,,,,,,,,
2026-09-06 14:30:51,2026-09-06,SPY_CLOSE_H1,174,,1,,,,,,,192,126,60,2505.00,1932.00,-573.00,-22.8743,113238,10,NC3_W5_gap,11-78-77,ALTRO,MULTIPLA,1,0,0,0,,1.00,0.00,-1.00,-100.0000,,,,,,,,,,,,,,,,
2026-09-06 14:30:51,2026-09-06,SPY_CLOSE_H1,174,,1,,,,,,,192,126,60,2505.00,1932.00,-573.00,-22.8743,113239,18,NC2_W5,16-11-44,DECINA,MULTIPLA,1,1,0,0,44,1.00,0.00,-1.00,-100.0000,,,,,,,,,,,,,,,,
2026-09-06 14:30:51,2026-09-06,SPY_CLOSE_H1,174,,1,,,,,,,192,126,60,2505.00,1932.00,-573.00,-22.8743,113240,90,NC2_W5,87-89-88,DECINA,MULTIPLA,1,1,0,0,89,1.00,0.00,-1.00,-100.0000,,,,,,,,,,,,,,,,
2026-09-06 14:30:51,2026-09-06,SPY_CLOSE_H1,174,,1,,,,,,,192,126,60,2505.00,1932.00,-573.00,-22.8743,113241,19,NC2_W5,2-17-23,ALTRO,MULTIPLA,1,0,0,0,,1.00,0.00,-1.00,-100.0000,,,,,,,,,,,,,,,,
2026-09-06 14:30:51,2026-09-06,SPY_CLOSE_H1,174,,1,,,,,,,192,126,60,2505.00,1932.00,-573.00,-22.8743,113242,57,NC3_W5_gap,73-28-63,MOD5,MULTIPLA,1,0,0,0,,1.00,0.00,-1.00,-100.0000,,,,,,,,,,,,,,,,
2026-09-06 14:30:51,2026-09-06,SPY_CLOSE_H1,174,,1,,,,,,,192,126,60,2505.00,1932.00,-573.00,-22.8743,113243,41,NC2_W3_gap,46-36-88,MOD5,MULTIPLA,1,1,0,0,36,1.00,0.00,-1.00,-100.0000,,,,,,,,,,,,,,,,
2026-09-06 14:30:51,2026-09-06,SPY_CLOSE_H1,174,,1,,,,,,,192,126,60,2505.00,1932.00,-573.00,-22.8743,113244,10,NC2_W3_gap,90-89-50,MOD5,MULTIPLA,1,1,0,0,89,1.00,0.00,-1.00,-100.0000,,,,,,,,,,,,,,,,
2026-09-06 14:30:51,2026-09-06,SPY_CLOSE_H1,174,,1,,,,,,,192,126,60,2505.00,1932.00,-573.00,-22.8743,113245,33,C2_exact,26-29-87,ALTRO,MULTIPLA,1,0,0,0,,1.00,0.00,-1.00,-100.0000,,,,,,,,,,,,,,,,
2026-09-06 14:30:51,2026-09-06,SPY_CLOSE_H1,174,,1,,,,,,,192,126,60,2505.00,1932.00,-573.00,-22.8743,113246,29,C1_exact,81-8-77,ALTRO,MULTIPLA,1,0,0,0,,1.00,0.00,-1.00,-100.0000,,,,,,,,,,,,,,,,
2026-09-06 14:30:51,2026-09-06,SPY_CLOSE_H1,174,,1,,,,,,,192,126,60,2505.00,1932.00,-573.00,-22.8743,113247,7,C1_exact,69-89-4,MOD5,MULTIPLA,1,1,0,0,89,1.00,0.00,-1.00,-100.0000,,,,,,,,,,,,,,,,
2026-09-06 14:30:51,2026-09-06,SPY_CLOSE_H1,174,,1,,,,,,,192,126,60,2505.00,1932.00,-573.00,-22.8743,113248,10,C1_exact,5-90-89,MOD5,MULTIPLA,1,1,0,0,89,1.00,0.00,-1.00,-100.0000,,,,,,,,,,,,,,,,
2026-09-06 14:30:51,2026-09-06,SPY_CLOSE_H1,174,,1,,,,,,,192,126,60,2505.00,1932.00,-573.00,-22.8743,113249,13,C1_exact,89-90-50,ALTRO,MULTIPLA,1,1,0,0,89,1.00,0.00,-1.00,-100.0000,,,,,,,,,,,,,,,,
2026-09-06 14:30:51,2026-09-06,SPY_CLOSE_H1,174,,1,,,,,,,192,126,60,2505.00,1932.00,-573.00,-22.8743,113250,14,C1_exact,90-89-88,DECINA,MULTIPLA,1,1,0,0,89,1.00,0.00,-1.00,-100.0000,,,,,,,,,,,,,,,,
2026-09-06 14:30:51,2026-09-06,SPY_CLOSE_H1,174,,1,,,,,,,192,126,60,2505.00,1932.00,-573.00,-22.8743,113251,25,NC3_W5_gap,20-15-57,CATENA_5,FORTE,1,1,0,0,20,1.00,0.00,-1.00,-100.0000,,,,,,,,,,,,,,,,
2026-09-06 14:30:51,2026-09-06,SPY_OPEN,174,,,,,,,,,192,126,60,2505.00,1932.00,-573.00,-22.8743,113252,89,C1_exact,55-70-33,ALTRO,MULTIPLA,,,,,,,,,,,,,,,,,,,,,,,,,
2026-09-06 14:30:51,2026-09-06,SPY_OPEN,174,,,,,,,,,192,126,60,2505.00,1932.00,-573.00,-22.8743,113253,33,C3plus,39-67-18,ALTRO,MULTIPLA,,,,,,,,,,,,,,,,,,,,,,,,,
2026-09-06 14:30:51,2026-09-06,SPY_OPEN,174,,,,,,,,,192,126,60,2505.00,1932.00,-573.00,-22.8743,113254,41,C2_exact,78-6-13,ALTRO,MULTIPLA,,,,,,,,,,,,,,,,,,,,,,,,,
2026-09-06 14:30:51,2026-09-06,SPY_OPEN,174,,,,,,,,,192,126,60,2505.00,1932.00,-573.00,-22.8743,113255,41,NC3_W5_gap,73-6-42,ALTRO,MULTIPLA,,,,,,,,,,,,,,,,,,,,,,,,,
2026-09-06 14:30:51,2026-09-06,SPY_OPEN,174,,,,,,,,,192,126,60,2505.00,1932.00,-573.00,-22.8743,113256,75,NC3_W5_gap,21-7-90,ALTRO,MULTIPLA,,,,,,,,,,,,,,,,,,,,,,,,,
2026-09-06 14:30:51,2026-09-06,SPY_OPEN,174,,,,,,,,,192,126,60,2505.00,1932.00,-573.00,-22.8743,113257,10,NC2_W5,5-1-23,DECINA,MULTIPLA,,,,,,,,,,,,,,,,,,,,,,,,,
2026-09-06 14:30:51,2026-09-06,SPY_OPEN,174,,,,,,,,,192,126,60,2505.00,1932.00,-573.00,-22.8743,113258,90,NC2_W5,87-89-88,DECINA,MULTIPLA,,,,,,,,,,,,,,,,,,,,,,,,,
2026-09-06 14:30:51,2026-09-06,SPY_OPEN,174,,,,,,,,,192,126,60,2505.00,1932.00,-573.00,-22.8743,113259,3,C1_exact,90-89-9,ALTRO,MULTIPLA,,,,,,,,,,,,,,,,,,,,,,,,,
2026-09-06 14:30:51,2026-09-06,SPY_OPEN,174,,,,,,,,,192,126,60,2505.00,1932.00,-573.00,-22.8743,113260,9,C1_exact,90-62-89,ALTRO,MULTIPLA,,,,,,,,,,,,,,,,,,,,,,,,,
2026-09-06 14:30:51,2026-09-06,SPY_OPEN,174,,,,,,,,,192,126,60,2505.00,1932.00,-573.00,-22.8743,113261,20,C1_exact,15-90-87,MOD5,NORMALE,,,,,,,,,,,,,,,,,,,,,,,,,
2026-09-06 14:30:51,2026-09-06,SUM9091_LAB_OPEN,174,1909,0,58,,58-32-33,REPEAT_RAW_SUM_958_FROM_E53_GAP_121_OCC_2,,,192,126,60,2505.00,1932.00,-573.00,-22.8743,,,,,,,,,,,,,,,,,,,,,,,,,,,,,,,
2026-09-06 14:35:57,2026-09-06,SPY_CLOSE_H3,175,,3,,,,,,,192,126,60,2505.00,1932.00,-573.00,-22.8743,113218,25,C2_exact,20-15-10,CATENA_5,MULTIPLA,3,1,0,0,10,3.00,0.00,-3.00,-100.0000,,,,,,,,,,,,,,,,
2026-09-06 14:35:57,2026-09-06,SPY_CLOSE_H3,175,,3,,,,,,,192,126,60,2505.00,1932.00,-573.00,-22.8743,113219,80,NC2_W3_gap,55-3-22,ALTRO,MULTIPLA,3,1,0,0,3,3.00,0.00,-3.00,-100.0000,,,,,,,,,,,,,,,,
2026-09-06 14:35:57,2026-09-06,SPY_CLOSE_H3,175,,3,,,,,,,192,126,60,2505.00,1932.00,-573.00,-22.8743,113220,25,NC3_W5_gap,20-15-57,CATENA_5,MULTIPLA,3,1,0,0,57,3.00,0.00,-3.00,-100.0000,,,,,,,,,,,,,,,,
2026-09-06 14:35:57,2026-09-06,SPY_CLOSE_H3,175,,3,,,,,,,192,126,60,2505.00,1932.00,-573.00,-22.8743,113221,10,NC3_W5_gap,11-78-77,ALTRO,MULTIPLA,3,1,0,0,77,3.00,0.00,-3.00,-100.0000,,,,,,,,,,,,,,,,
2026-09-06 14:35:57,2026-09-06,SPY_CLOSE_H3,175,,3,,,,,,,192,126,60,2505.00,1932.00,-573.00,-22.8743,113222,18,NC2_W5,16-11-44,DECINA,MULTIPLA,3,1,1,0,16-44,3.00,0.00,-3.00,-100.0000,,,,,,,,,,,,,,,,
2026-09-06 14:35:57,2026-09-06,SPY_CLOSE_H3,175,,3,,,,,,,192,126,60,2505.00,1932.00,-573.00,-22.8743,113223,80,C1_exact,3-55-44,ALTRO,MULTIPLA,3,1,1,0,3-44,3.00,0.00,-3.00,-100.0000,,,,,,,,,,,,,,,,
2026-09-06 14:35:57,2026-09-06,SPY_CLOSE_H3,175,,3,,,,,,,192,126,60,2505.00,1932.00,-573.00,-22.8743,113224,48,NC2_W3_gap,86-84-88,DECINA,MULTIPLA,3,1,0,0,88,3.00,0.00,-3.00,-100.0000,,,,,,,,,,,,,,,,
2026-09-06 14:35:57,2026-09-06,SPY_CLOSE_H3,175,,3,,,,,,,192,126,60,2505.00,1932.00,-573.00,-22.8743,113225,19,NC3_W5_gap,89-85-82,DECINA,MULTIPLA,3,1,0,0,89,3.00,0.00,-3.00,-100.0000,,,,,,,,,,,,,,,,
2026-09-06 14:35:57,2026-09-06,SPY_CLOSE_H3,175,,3,,,,,,,192,126,60,2505.00,1932.00,-573.00,-22.8743,113226,23,C1_exact,88-57-14,ALTRO,MULTIPLA,3,1,1,1,14-57-88,1.00,45.00,44.00,4400.0000,,,,,,,,,,,,,,,,
2026-09-06 14:35:57,2026-09-06,SPY_CLOSE_H3,175,,3,,,,,,,192,126,60,2505.00,1932.00,-573.00,-22.8743,113227,21,C1_exact,51-88-84,ALTRO,MULTIPLA,3,1,1,0,51-88,3.00,0.00,-3.00,-100.0000,,,,,,,,,,,,,,,,
2026-09-06 14:35:57,2026-09-06,SPY_CLOSE_H3,175,,3,,,,,,,192,126,60,2505.00,1932.00,-573.00,-22.8743,113228,5,C1_exact,88-87-89,DECINA,MULTIPLA,3,1,1,0,87-88,3.00,0.00,-3.00,-100.0000,,,,,,,,,,,,,,,,
2026-09-06 14:35:57,2026-09-06,SPY_CLOSE_H3,175,,3,,,,,,,192,126,60,2505.00,1932.00,-573.00,-22.8743,113229,11,C1_exact,90-88-86,DECINA,MULTIPLA,3,1,1,0,88-90,3.00,0.00,-3.00,-100.0000,,,,,,,,,,,,,,,,
2026-09-06 14:35:57,2026-09-06,SPY_CLOSE_H3,175,,3,,,,,,,192,126,60,2505.00,1932.00,-573.00,-22.8743,113230,18,C1_exact,90-86-87,DECINA,MULTIPLA,3,1,1,0,87-90,3.00,0.00,-3.00,-100.0000,,,,,,,,,,,,,,,,
2026-09-06 14:35:57,2026-09-06,SPY_CLOSE_H3,175,,3,,,,,,,192,126,60,2505.00,1932.00,-573.00,-22.8743,113231,1,C1_exact,86-90-85,DECINA,MULTIPLA,3,1,0,0,90,3.00,0.00,-3.00,-100.0000,,,,,,,,,,,,,,,,
2026-09-06 14:35:57,2026-09-06,SPY_CLOSE_H2,175,,2,,,,,,,192,126,60,2505.00,1932.00,-573.00,-22.8743,113232,90,C1_exact,55-45-24,MOD5,MULTIPLA,2,0,0,0,,2.00,0.00,-2.00,-100.0000,,,,,,,,,,,,,,,,
2026-09-06 14:35:57,2026-09-06,SPY_CLOSE_H2,175,,2,,,,,,,192,126,60,2505.00,1932.00,-573.00,-22.8743,113233,87,C1_exact,55-6-3,ALTRO,MULTIPLA,2,1,0,0,3,2.00,0.00,-2.00,-100.0000,,,,,,,,,,,,,,,,
2026-09-06 14:35:57,2026-09-06,SPY_CLOSE_H2,175,,2,,,,,,,192,126,60,2505.00,1932.00,-573.00,-22.8743,113234,21,C2_exact,40-12-25,ALTRO,MULTIPLA,2,0,0,0,,2.00,0.00,-2.00,-100.0000,,,,,,,,,,,,,,,,
2026-09-06 14:35:57,2026-09-06,SPY_CLOSE_H2,175,,2,,,,,,,192,126,60,2505.00,1932.00,-573.00,-22.8743,113235,48,NC3_W5_gap,19-55-34,ALTRO,MULTIPLA,2,1,0,0,34,2.00,0.00,-2.00,-100.0000,,,,,,,,,,,,,,,,
2026-09-06 14:35:57,2026-09-06,SPY_CLOSE_H2,175,,2,,,,,,,192,126,60,2505.00,1932.00,-573.00,-22.8743,113236,50,C1_exact,45-39-81,ALTRO,MULTIPLA,2,0,0,0,,2.00,0.00,-2.00,-100.0000,,,,,,,,,,,,,,,,
2026-09-06 14:35:57,2026-09-06,SPY_CLOSE_H2,175,,2,,,,,,,192,126,60,2505.00,1932.00,-573.00,-22.8743,113237,7,NC2_W5,8-15-25,ALTRO,MULTIPLA,2,0,0,0,,2.00,0.00,-2.00,-100.0000,,,,,,,,,,,,,,,,
2026-09-06 14:35:57,2026-09-06,SPY_CLOSE_H2,175,,2,,,,,,,192,126,60,2505.00,1932.00,-573.00,-22.8743,113238,10,NC3_W5_gap,11-78-77,ALTRO,MULTIPLA,2,1,0,0,78,2.00,0.00,-2.00,-100.0000,,,,,,,,,,,,,,,,
2026-09-06 14:35:57,2026-09-06,SPY_CLOSE_H2,175,,2,,,,,,,192,126,60,2505.00,1932.00,-573.00,-22.8743,113239,18,NC2_W5,16-11-44,DECINA,MULTIPLA,2,1,1,0,16-44,2.00,0.00,-2.00,-100.0000,,,,,,,,,,,,,,,,
2026-09-06 14:35:57,2026-09-06,SPY_CLOSE_H2,175,,2,,,,,,,192,126,60,2505.00,1932.00,-573.00,-22.8743,113240,90,NC2_W5,87-89-88,DECINA,MULTIPLA,2,1,0,0,89,2.00,0.00,-2.00,-100.0000,,,,,,,,,,,,,,,,
2026-09-06 14:35:57,2026-09-06,SPY_CLOSE_H2,175,,2,,,,,,,192,126,60,2505.00,1932.00,-573.00,-22.8743,113241,19,NC2_W5,2-17-23,ALTRO,MULTIPLA,2,0,0,0,,2.00,0.00,-2.00,-100.0000,,,,,,,,,,,,,,,,
2026-09-06 14:35:57,2026-09-06,SPY_CLOSE_H2,175,,2,,,,,,,192,126,60,2505.00,1932.00,-573.00,-22.8743,113242,57,NC3_W5_gap,73-28-63,MOD5,MULTIPLA,2,0,0,0,,2.00,0.00,-2.00,-100.0000,,,,,,,,,,,,,,,,
2026-09-06 14:35:57,2026-09-06,SPY_CLOSE_H2,175,,2,,,,,,,192,126,60,2505.00,1932.00,-573.00,-22.8743,113243,41,NC2_W3_gap,46-36-88,MOD5,MULTIPLA,2,1,0,0,36,2.00,0.00,-2.00,-100.0000,,,,,,,,,,,,,,,,
2026-09-06 14:35:57,2026-09-06,SPY_CLOSE_H2,175,,2,,,,,,,192,126,60,2505.00,1932.00,-573.00,-22.8743,113244,10,NC2_W3_gap,90-89-50,MOD5,MULTIPLA,2,1,0,0,89,2.00,0.00,-2.00,-100.0000,,,,,,,,,,,,,,,,
2026-09-06 14:35:57,2026-09-06,SPY_CLOSE_H2,175,,2,,,,,,,192,126,60,2505.00,1932.00,-573.00,-22.8743,113245,33,C2_exact,26-29-87,ALTRO,MULTIPLA,2,1,0,0,26,2.00,0.00,-2.00,-100.0000,,,,,,,,,,,,,,,,
2026-09-06 14:35:57,2026-09-06,SPY_CLOSE_H2,175,,2,,,,,,,192,126,60,2505.00,1932.00,-573.00,-22.8743,113246,29,C1_exact,81-8-77,ALTRO,MULTIPLA,2,0,0,0,,2.00,0.00,-2.00,-100.0000,,,,,,,,,,,,,,,,
2026-09-06 14:35:57,2026-09-06,SPY_CLOSE_H2,175,,2,,,,,,,192,126,60,2505.00,1932.00,-573.00,-22.8743,113247,7,C1_exact,69-89-4,MOD5,MULTIPLA,2,1,0,0,89,2.00,0.00,-2.00,-100.0000,,,,,,,,,,,,,,,,
2026-09-06 14:35:57,2026-09-06,SPY_CLOSE_H2,175,,2,,,,,,,192,126,60,2505.00,1932.00,-573.00,-22.8743,113248,10,C1_exact,5-90-89,MOD5,MULTIPLA,2,1,0,0,89,2.00,0.00,-2.00,-100.0000,,,,,,,,,,,,,,,,
2026-09-06 14:35:57,2026-09-06,SPY_CLOSE_H2,175,,2,,,,,,,192,126,60,2505.00,1932.00,-573.00,-22.8743,113249,13,C1_exact,89-90-50,ALTRO,MULTIPLA,2,1,0,0,89,2.00,0.00,-2.00,-100.0000,,,,,,,,,,,,,,,,
2026-09-06 14:35:57,2026-09-06,SPY_CLOSE_H2,175,,2,,,,,,,192,126,60,2505.00,1932.00,-573.00,-22.8743,113250,14,C1_exact,90-89-88,DECINA,MULTIPLA,2,1,0,0,89,2.00,0.00,-2.00,-100.0000,,,,,,,,,,,,,,,,
2026-09-06 14:35:57,2026-09-06,SPY_CLOSE_H2,175,,2,,,,,,,192,126,60,2505.00,1932.00,-573.00,-22.8743,113251,25,NC3_W5_gap,20-15-57,CATENA_5,FORTE,2,1,0,0,20,2.00,0.00,-2.00,-100.0000,,,,,,,,,,,,,,,,
2026-09-06 14:35:57,2026-09-06,SPY_CLOSE_H1,175,,1,,,,,,,192,126,60,2505.00,1932.00,-573.00,-22.8743,113252,89,C1_exact,55-70-33,ALTRO,MULTIPLA,1,0,0,0,,1.00,0.00,-1.00,-100.0000,,,,,,,,,,,,,,,,
2026-09-06 14:35:57,2026-09-06,SPY_CLOSE_H1,175,,1,,,,,,,192,126,60,2505.00,1932.00,-573.00,-22.8743,113253,33,C3plus,39-67-18,ALTRO,MULTIPLA,1,0,0,0,,1.00,0.00,-1.00,-100.0000,,,,,,,,,,,,,,,,
2026-09-06 14:35:57,2026-09-06,SPY_CLOSE_H1,175,,1,,,,,,,192,126,60,2505.00,1932.00,-573.00,-22.8743,113254,41,C2_exact,78-6-13,ALTRO,MULTIPLA,1,1,0,0,78,1.00,0.00,-1.00,-100.0000,,,,,,,,,,,,,,,,
2026-09-06 14:35:57,2026-09-06,SPY_CLOSE_H1,175,,1,,,,,,,192,126,60,2505.00,1932.00,-573.00,-22.8743,113255,41,NC3_W5_gap,73-6-42,ALTRO,MULTIPLA,1,1,0,0,42,1.00,0.00,-1.00,-100.0000,,,,,,,,,,,,,,,,
2026-09-06 14:35:57,2026-09-06,SPY_CLOSE_H1,175,,1,,,,,,,192,126,60,2505.00,1932.00,-573.00,-22.8743,113256,75,NC3_W5_gap,21-7-90,ALTRO,MULTIPLA,1,1,0,0,7,1.00,0.00,-1.00,-100.0000,,,,,,,,,,,,,,,,
2026-09-06 14:35:57,2026-09-06,SPY_CLOSE_H1,175,,1,,,,,,,192,126,60,2505.00,1932.00,-573.00,-22.8743,113257,10,NC2_W5,5-1-23,DECINA,MULTIPLA,1,1,0,0,1,1.00,0.00,-1.00,-100.0000,,,,,,,,,,,,,,,,
2026-09-06 14:35:57,2026-09-06,SPY_CLOSE_H1,175,,1,,,,,,,192,126,60,2505.00,1932.00,-573.00,-22.8743,113258,90,NC2_W5,87-89-88,DECINA,MULTIPLA,1,0,0,0,,1.00,0.00,-1.00,-100.0000,,,,,,,,,,,,,,,,
2026-09-06 14:35:57,2026-09-06,SPY_CLOSE_H1,175,,1,,,,,,,192,126,60,2505.00,1932.00,-573.00,-22.8743,113259,3,C1_exact,90-89-9,ALTRO,MULTIPLA,1,0,0,0,,1.00,0.00,-1.00,-100.0000,,,,,,,,,,,,,,,,
2026-09-06 14:35:57,2026-09-06,SPY_CLOSE_H1,175,,1,,,,,,,192,126,60,2505.00,1932.00,-573.00,-22.8743,113260,9,C1_exact,90-62-89,ALTRO,MULTIPLA,1,1,0,0,62,1.00,0.00,-1.00,-100.0000,,,,,,,,,,,,,,,,
2026-09-06 14:35:57,2026-09-06,SPY_CLOSE_H1,175,,1,,,,,,,192,126,60,2505.00,1932.00,-573.00,-22.8743,113261,20,C1_exact,15-90-87,MOD5,NORMALE,1,0,0,0,,1.00,0.00,-1.00,-100.0000,,,,,,,,,,,,,,,,
2026-09-06 14:35:57,2026-09-06,SPY_OPEN,175,,,,,,,,,192,126,60,2505.00,1932.00,-573.00,-22.8743,113262,50,NC2_W3_gap,45-39-25,MOD5,MULTIPLA,,,,,,,,,,,,,,,,,,,,,,,,,
2026-09-06 14:35:57,2026-09-06,SPY_OPEN,175,,,,,,,,,192,126,60,2505.00,1932.00,-573.00,-22.8743,113263,50,C1_exact,45-39-81,ALTRO,MULTIPLA,,,,,,,,,,,,,,,,,,,,,,,,,
2026-09-06 14:35:57,2026-09-06,SPY_OPEN,175,,,,,,,,,192,126,60,2505.00,1932.00,-573.00,-22.8743,113264,44,C2_exact,67-77-43,ALTRO,MULTIPLA,,,,,,,,,,,,,,,,,,,,,,,,,
2026-09-06 14:35:57,2026-09-06,SPY_OPEN,175,,,,,,,,,192,126,60,2505.00,1932.00,-573.00,-22.8743,113265,35,C1_exact,30-85-48,MOD5,MULTIPLA,,,,,,,,,,,,,,,,,,,,,,,,,
2026-09-06 14:35:57,2026-09-06,SPY_OPEN,175,,,,,,,,,192,126,60,2505.00,1932.00,-573.00,-22.8743,113266,41,NC3_W5_gap,73-6-42,ALTRO,MULTIPLA,,,,,,,,,,,,,,,,,,,,,,,,,
2026-09-06 14:35:57,2026-09-06,SPY_OPEN,175,,,,,,,,,192,126,60,2505.00,1932.00,-573.00,-22.8743,113267,75,NC3_W5_gap,21-7-90,ALTRO,MULTIPLA,,,,,,,,,,,,,,,,,,,,,,,,,
2026-09-06 14:35:57,2026-09-06,SPY_OPEN,175,,,,,,,,,192,126,60,2505.00,1932.00,-573.00,-22.8743,113268,7,NC2_W5,8-15-25,ALTRO,MULTIPLA,,,,,,,,,,,,,,,,,,,,,,,,,
2026-09-06 14:35:57,2026-09-06,SPY_OPEN,175,,,,,,,,,192,126,60,2505.00,1932.00,-573.00,-22.8743,113269,10,NC2_W5,5-1-23,DECINA,MULTIPLA,,,,,,,,,,,,,,,,,,,,,,,,,
2026-09-06 14:35:57,2026-09-06,SPY_OPEN,175,,,,,,,,,192,126,60,2505.00,1932.00,-573.00,-22.8743,113270,7,NC2_W3_gap,88-90-85,DECINA,MULTIPLA,,,,,,,,,,,,,,,,,,,,,,,,,
2026-09-06 14:35:57,2026-09-06,SPY_OPEN,175,,,,,,,,,192,126,60,2505.00,1932.00,-573.00,-22.8743,113271,61,C1_exact,19-59-83,ALTRO,MULTIPLA,,,,,,,,,,,,,,,,,,,,,,,,,
2026-09-06 14:35:57,2026-09-06,SPY_OPEN,175,,,,,,,,,192,126,60,2505.00,1932.00,-573.00,-22.8743,113272,34,C1_exact,58-77-62,ALTRO,MULTIPLA,,,,,,,,,,,,,,,,,,,,,,,,,
2026-09-06 14:35:57,2026-09-06,SPY_OPEN,175,,,,,,,,,192,126,60,2505.00,1932.00,-573.00,-22.8743,113273,7,C1_exact,69-89-4,MOD5,MULTIPLA,,,,,,,,,,,,,,,,,,,,,,,,,
2026-09-06 14:35:57,2026-09-06,SPY_OPEN,175,,,,,,,,,192,126,60,2505.00,1932.00,-573.00,-22.8743,113274,4,C1_exact,88-89-90,DECINA,MULTIPLA,,,,,,,,,,,,,,,,,,,,,,,,,
2026-09-06 14:35:57,2026-09-06,SPY_OPEN,175,,,,,,,,,192,126,60,2505.00,1932.00,-573.00,-22.8743,113275,16,C1_exact,88-90-59,ALTRO,MULTIPLA,,,,,,,,,,,,,,,,,,,,,,,,,
2026-09-06 14:35:57,2026-09-06,SPY_OPEN,175,,,,,,,,,192,126,60,2505.00,1932.00,-573.00,-22.8743,113276,1,C1_exact,86-90-85,DECINA,MULTIPLA,,,,,,,,,,,,,,,,,,,,,,,,,
2026-09-06 14:35:57,2026-09-06,SPY_OPEN,175,,,,,,,,,192,126,60,2505.00,1932.00,-573.00,-22.8743,113277,20,C2_exact,15-10-5,CATENA_5,FORTE,,,,,,,,,,,,,,,,,,,,,,,,,
2026-09-06 14:35:57,2026-09-06,SPY_OPEN,175,,,,,,,,,192,126,60,2505.00,1932.00,-573.00,-22.8743,113278,50,NC2_W5,45-40-35,ZONA_40,FORTE,,,,,,,,,,,,,,,,,,,,,,,,,
2026-09-06 14:35:57,2026-09-06,SUM9091_LAB_OPEN,175,1910,0,47,,47-43-44,REPEAT_RAW_SUM_857_FROM_E96_GAP_79_OCC_3,,,192,126,60,2505.00,1932.00,-573.00,-22.8743,,,,,,,,,,,,,,,,,,,,,,,,,,,,,,,
2026-09-06 14:41:04,2026-09-06,SPY_CLOSE_H3,176,,3,,,,,,,192,126,60,2505.00,1932.00,-573.00,-22.8743,113232,90,C1_exact,55-45-24,MOD5,MULTIPLA,3,1,1,0,24-55,3.00,0.00,-3.00,-100.0000,,,,,,,,,,,,,,,,
2026-09-06 14:41:04,2026-09-06,SPY_CLOSE_H3,176,,3,,,,,,,192,126,60,2505.00,1932.00,-573.00,-22.8743,113233,87,C1_exact,55-6-3,ALTRO,MULTIPLA,3,1,1,0,3-55,3.00,0.00,-3.00,-100.0000,,,,,,,,,,,,,,,,
2026-09-06 14:41:04,2026-09-06,SPY_CLOSE_H3,176,,3,,,,,,,192,126,60,2505.00,1932.00,-573.00,-22.8743,113234,21,C2_exact,40-12-25,ALTRO,MULTIPLA,3,0,0,0,,3.00,0.00,-3.00,-100.0000,,,,,,,,,,,,,,,,
2026-09-06 14:41:04,2026-09-06,SPY_CLOSE_H3,176,,3,,,,,,,192,126,60,2505.00,1932.00,-573.00,-22.8743,113235,48,NC3_W5_gap,19-55-34,ALTRO,MULTIPLA,3,1,0,0,34,3.00,0.00,-3.00,-100.0000,,,,,,,,,,,,,,,,
2026-09-06 14:41:04,2026-09-06,SPY_CLOSE_H3,176,,3,,,,,,,192,126,60,2505.00,1932.00,-573.00,-22.8743,113236,50,C1_exact,45-39-81,ALTRO,MULTIPLA,3,0,0,0,,3.00,0.00,-3.00,-100.0000,,,,,,,,,,,,,,,,
2026-09-06 14:41:04,2026-09-06,SPY_CLOSE_H3,176,,3,,,,,,,192,126,60,2505.00,1932.00,-573.00,-22.8743,113237,7,NC2_W5,8-15-25,ALTRO,MULTIPLA,3,1,0,0,8,3.00,0.00,-3.00,-100.0000,,,,,,,,,,,,,,,,
2026-09-06 14:41:04,2026-09-06,SPY_CLOSE_H3,176,,3,,,,,,,192,126,60,2505.00,1932.00,-573.00,-22.8743,113238,10,NC3_W5_gap,11-78-77,ALTRO,MULTIPLA,3,1,0,0,78,3.00,0.00,-3.00,-100.0000,,,,,,,,,,,,,,,,
2026-09-06 14:41:04,2026-09-06,SPY_CLOSE_H3,176,,3,,,,,,,192,126,60,2505.00,1932.00,-573.00,-22.8743,113239,18,NC2_W5,16-11-44,DECINA,MULTIPLA,3,1,1,0,16-44,3.00,0.00,-3.00,-100.0000,,,,,,,,,,,,,,,,
2026-09-06 14:41:04,2026-09-06,SPY_CLOSE_H3,176,,3,,,,,,,192,126,60,2505.00,1932.00,-573.00,-22.8743,113240,90,NC2_W5,87-89-88,DECINA,MULTIPLA,3,1,0,0,89,3.00,0.00,-3.00,-100.0000,,,,,,,,,,,,,,,,
2026-09-06 14:41:04,2026-09-06,SPY_CLOSE_H3,176,,3,,,,,,,192,126,60,2505.00,1932.00,-573.00,-22.8743,113241,19,NC2_W5,2-17-23,ALTRO,MULTIPLA,3,0,0,0,,3.00,0.00,-3.00,-100.0000,,,,,,,,,,,,,,,,
2026-09-06 14:41:04,2026-09-06,SPY_CLOSE_H3,176,,3,,,,,,,192,126,60,2505.00,1932.00,-573.00,-22.8743,113242,57,NC3_W5_gap,73-28-63,MOD5,MULTIPLA,3,0,0,0,,3.00,0.00,-3.00,-100.0000,,,,,,,,,,,,,,,,
2026-09-06 14:41:04,2026-09-06,SPY_CLOSE_H3,176,,3,,,,,,,192,126,60,2505.00,1932.00,-573.00,-22.8743,113243,41,NC2_W3_gap,46-36-88,MOD5,MULTIPLA,3,1,0,0,36,3.00,0.00,-3.00,-100.0000,,,,,,,,,,,,,,,,
2026-09-06 14:41:04,2026-09-06,SPY_CLOSE_H3,176,,3,,,,,,,192,126,60,2505.00,1932.00,-573.00,-22.8743,113244,10,NC2_W3_gap,90-89-50,MOD5,MULTIPLA,3,1,0,0,89,3.00,0.00,-3.00,-100.0000,,,,,,,,,,,,,,,,
2026-09-06 14:41:04,2026-09-06,SPY_CLOSE_H3,176,,3,,,,,,,192,126,60,2505.00,1932.00,-573.00,-22.8743,113245,33,C2_exact,26-29-87,ALTRO,MULTIPLA,3,1,1,0,26-29,3.00,0.00,-3.00,-100.0000,,,,,,,,,,,,,,,,
2026-09-06 14:41:04,2026-09-06,SPY_CLOSE_H3,176,,3,,,,,,,192,126,60,2505.00,1932.00,-573.00,-22.8743,113246,29,C1_exact,81-8-77,ALTRO,MULTIPLA,3,1,0,0,8,3.00,0.00,-3.00,-100.0000,,,,,,,,,,,,,,,,
2026-09-06 14:41:04,2026-09-06,SPY_CLOSE_H3,176,,3,,,,,,,192,126,60,2505.00,1932.00,-573.00,-22.8743,113247,7,C1_exact,69-89-4,MOD5,MULTIPLA,3,1,0,0,89,3.00,0.00,-3.00,-100.0000,,,,,,,,,,,,,,,,
2026-09-06 14:41:04,2026-09-06,SPY_CLOSE_H3,176,,3,,,,,,,192,126,60,2505.00,1932.00,-573.00,-22.8743,113248,10,C1_exact,5-90-89,MOD5,MULTIPLA,3,1,0,0,89,3.00,0.00,-3.00,-100.0000,,,,,,,,,,,,,,,,
2026-09-06 14:41:04,2026-09-06,SPY_CLOSE_H3,176,,3,,,,,,,192,126,60,2505.00,1932.00,-573.00,-22.8743,113249,13,C1_exact,89-90-50,ALTRO,MULTIPLA,3,1,0,0,89,3.00,0.00,-3.00,-100.0000,,,,,,,,,,,,,,,,
2026-09-06 14:41:04,2026-09-06,SPY_CLOSE_H3,176,,3,,,,,,,192,126,60,2505.00,1932.00,-573.00,-22.8743,113250,14,C1_exact,90-89-88,DECINA,MULTIPLA,3,1,0,0,89,3.00,0.00,-3.00,-100.0000,,,,,,,,,,,,,,,,
2026-09-06 14:41:04,2026-09-06,SPY_CLOSE_H3,176,,3,,,,,,,192,126,60,2505.00,1932.00,-573.00,-22.8743,113251,25,NC3_W5_gap,20-15-57,CATENA_5,FORTE,3,1,0,0,20,3.00,0.00,-3.00,-100.0000,,,,,,,,,,,,,,,,
2026-09-06 14:41:04,2026-09-06,SPY_CLOSE_H2,176,,2,,,,,,,192,126,60,2505.00,1932.00,-573.00,-22.8743,113252,89,C1_exact,55-70-33,ALTRO,MULTIPLA,2,1,0,0,55,2.00,0.00,-2.00,-100.0000,,,,,,,,,,,,,,,,
2026-09-06 14:41:04,2026-09-06,SPY_CLOSE_H2,176,,2,,,,,,,192,126,60,2505.00,1932.00,-573.00,-22.8743,113253,33,C3plus,39-67-18,ALTRO,MULTIPLA,2,1,0,0,67,2.00,0.00,-2.00,-100.0000,,,,,,,,,,,,,,,,
2026-09-06 14:41:04,2026-09-06,SPY_CLOSE_H2,176,,2,,,,,,,192,126,60,2505.00,1932.00,-573.00,-22.8743,113254,41,C2_exact,78-6-13,ALTRO,MULTIPLA,2,1,0,0,78,2.00,0.00,-2.00,-100.0000,,,,,,,,,,,,,,,,
2026-09-06 14:41:04,2026-09-06,SPY_CLOSE_H2,176,,2,,,,,,,192,126,60,2505.00,1932.00,-573.00,-22.8743,113255,41,NC3_W5_gap,73-6-42,ALTRO,MULTIPLA,2,1,0,0,42,2.00,0.00,-2.00,-100.0000,,,,,,,,,,,,,,,,
2026-09-06 14:41:04,2026-09-06,SPY_CLOSE_H2,176,,2,,,,,,,192,126,60,2505.00,1932.00,-573.00,-22.8743,113256,75,NC3_W5_gap,21-7-90,ALTRO,MULTIPLA,2,1,0,0,7,2.00,0.00,-2.00,-100.0000,,,,,,,,,,,,,,,,
2026-09-06 14:41:04,2026-09-06,SPY_CLOSE_H2,176,,2,,,,,,,192,126,60,2505.00,1932.00,-573.00,-22.8743,113257,10,NC2_W5,5-1-23,DECINA,MULTIPLA,2,1,1,0,1-5,2.00,0.00,-2.00,-100.0000,,,,,,,,,,,,,,,,
2026-09-06 14:41:04,2026-09-06,SPY_CLOSE_H2,176,,2,,,,,,,192,126,60,2505.00,1932.00,-573.00,-22.8743,113258,90,NC2_W5,87-89-88,DECINA,MULTIPLA,2,1,0,0,88,2.00,0.00,-2.00,-100.0000,,,,,,,,,,,,,,,,
2026-09-06 14:41:04,2026-09-06,SPY_CLOSE_H2,176,,2,,,,,,,192,126,60,2505.00,1932.00,-573.00,-22.8743,113259,3,C1_exact,90-89-9,ALTRO,MULTIPLA,2,0,0,0,,2.00,0.00,-2.00,-100.0000,,,,,,,,,,,,,,,,
2026-09-06 14:41:04,2026-09-06,SPY_CLOSE_H2,176,,2,,,,,,,192,126,60,2505.00,1932.00,-573.00,-22.8743,113260,9,C1_exact,90-62-89,ALTRO,MULTIPLA,2,1,0,0,62,2.00,0.00,-2.00,-100.0000,,,,,,,,,,,,,,,,
2026-09-06 14:41:04,2026-09-06,SPY_CLOSE_H2,176,,2,,,,,,,192,126,60,2505.00,1932.00,-573.00,-22.8743,113261,20,C1_exact,15-90-87,MOD5,NORMALE,2,0,0,0,,2.00,0.00,-2.00,-100.0000,,,,,,,,,,,,,,,,
2026-09-06 14:41:04,2026-09-06,SPY_CLOSE_H1,176,,1,,,,,,,192,126,60,2505.00,1932.00,-573.00,-22.8743,113262,50,NC2_W3_gap,45-39-25,MOD5,MULTIPLA,1,0,0,0,,1.00,0.00,-1.00,-100.0000,,,,,,,,,,,,,,,,
2026-09-06 14:41:04,2026-09-06,SPY_CLOSE_H1,176,,1,,,,,,,192,126,60,2505.00,1932.00,-573.00,-22.8743,113263,50,C1_exact,45-39-81,ALTRO,MULTIPLA,1,0,0,0,,1.00,0.00,-1.00,-100.0000,,,,,,,,,,,,,,,,
2026-09-06 14:41:04,2026-09-06,SPY_CLOSE_H1,176,,1,,,,,,,192,126,60,2505.00,1932.00,-573.00,-22.8743,113264,44,C2_exact,67-77-43,ALTRO,MULTIPLA,1,1,0,0,67,1.00,0.00,-1.00,-100.0000,,,,,,,,,,,,,,,,
2026-09-06 14:41:04,2026-09-06,SPY_CLOSE_H1,176,,1,,,,,,,192,126,60,2505.00,1932.00,-573.00,-22.8743,113265,35,C1_exact,30-85-48,MOD5,MULTIPLA,1,1,0,0,30,1.00,0.00,-1.00,-100.0000,,,,,,,,,,,,,,,,
2026-09-06 14:41:04,2026-09-06,SPY_CLOSE_H1,176,,1,,,,,,,192,126,60,2505.00,1932.00,-573.00,-22.8743,113266,41,NC3_W5_gap,73-6-42,ALTRO,MULTIPLA,1,0,0,0,,1.00,0.00,-1.00,-100.0000,,,,,,,,,,,,,,,,
2026-09-06 14:41:04,2026-09-06,SPY_CLOSE_H1,176,,1,,,,,,,192,126,60,2505.00,1932.00,-573.00,-22.8743,113267,75,NC3_W5_gap,21-7-90,ALTRO,MULTIPLA,1,1,0,0,7,1.00,0.00,-1.00,-100.0000,,,,,,,,,,,,,,,,
2026-09-06 14:41:04,2026-09-06,SPY_CLOSE_H1,176,,1,,,,,,,192,126,60,2505.00,1932.00,-573.00,-22.8743,113268,7,NC2_W5,8-15-25,ALTRO,MULTIPLA,1,1,0,0,8,1.00,0.00,-1.00,-100.0000,,,,,,,,,,,,,,,,
2026-09-06 14:41:04,2026-09-06,SPY_CLOSE_H1,176,,1,,,,,,,192,126,60,2505.00,1932.00,-573.00,-22.8743,113269,10,NC2_W5,5-1-23,DECINA,MULTIPLA,1,1,1,0,1-5,1.00,0.00,-1.00,-100.0000,,,,,,,,,,,,,,,,
2026-09-06 14:41:04,2026-09-06,SPY_CLOSE_H1,176,,1,,,,,,,192,126,60,2505.00,1932.00,-573.00,-22.8743,113270,7,NC2_W3_gap,88-90-85,DECINA,MULTIPLA,1,1,0,0,88,1.00,0.00,-1.00,-100.0000,,,,,,,,,,,,,,,,
2026-09-06 14:41:04,2026-09-06,SPY_CLOSE_H1,176,,1,,,,,,,192,126,60,2505.00,1932.00,-573.00,-22.8743,113271,61,C1_exact,19-59-83,ALTRO,MULTIPLA,1,0,0,0,,1.00,0.00,-1.00,-100.0000,,,,,,,,,,,,,,,,
2026-09-06 14:41:04,2026-09-06,SPY_CLOSE_H1,176,,1,,,,,,,192,126,60,2505.00,1932.00,-573.00,-22.8743,113272,34,C1_exact,58-77-62,ALTRO,MULTIPLA,1,1,0,0,62,1.00,0.00,-1.00,-100.0000,,,,,,,,,,,,,,,,
2026-09-06 14:41:04,2026-09-06,SPY_CLOSE_H1,176,,1,,,,,,,192,126,60,2505.00,1932.00,-573.00,-22.8743,113273,7,C1_exact,69-89-4,MOD5,MULTIPLA,1,0,0,0,,1.00,0.00,-1.00,-100.0000,,,,,,,,,,,,,,,,
2026-09-06 14:41:04,2026-09-06,SPY_CLOSE_H1,176,,1,,,,,,,192,126,60,2505.00,1932.00,-573.00,-22.8743,113274,4,C1_exact,88-89-90,DECINA,MULTIPLA,1,1,0,0,88,1.00,0.00,-1.00,-100.0000,,,,,,,,,,,,,,,,
2026-09-06 14:41:04,2026-09-06,SPY_CLOSE_H1,176,,1,,,,,,,192,126,60,2505.00,1932.00,-573.00,-22.8743,113275,16,C1_exact,88-90-59,ALTRO,MULTIPLA,1,1,0,0,88,1.00,0.00,-1.00,-100.0000,,,,,,,,,,,,,,,,
2026-09-06 14:41:04,2026-09-06,SPY_CLOSE_H1,176,,1,,,,,,,192,126,60,2505.00,1932.00,-573.00,-22.8743,113276,1,C1_exact,86-90-85,DECINA,MULTIPLA,1,1,0,0,86,1.00,0.00,-1.00,-100.0000,,,,,,,,,,,,,,,,
2026-09-06 14:41:04,2026-09-06,SPY_CLOSE_H1,176,,1,,,,,,,192,126,60,2505.00,1932.00,-573.00,-22.8743,113277,20,C2_exact,15-10-5,CATENA_5,FORTE,1,1,0,0,5,1.00,0.00,-1.00,-100.0000,,,,,,,,,,,,,,,,
2026-09-06 14:41:04,2026-09-06,SPY_CLOSE_H1,176,,1,,,,,,,192,126,60,2505.00,1932.00,-573.00,-22.8743,113278,50,NC2_W5,45-40-35,ZONA_40,FORTE,1,1,0,0,35,1.00,0.00,-1.00,-100.0000,,,,,,,,,,,,,,,,
2026-09-06 14:41:04,2026-09-06,SUM9091_LAB_CLOSE,176,1905,10,19,,19-71-72,RAW_SUM_829_REPEAT_FROM_E122_GAP_44_BEST_2_3_H1,,,192,126,60,2505.00,1932.00,-573.00,-22.8743,,,,,,,,,,,,,,,,,,,,,,,,,,,,,,,
2026-09-06 14:41:04,2026-09-06,SPY_OPEN,176,,,,,,,,,192,126,60,2505.00,1932.00,-573.00,-22.8743,113279,68,C3plus,55-65-13,ALTRO,MULTIPLA,,,,,,,,,,,,,,,,,,,,,,,,,
2026-09-06 14:41:04,2026-09-06,SPY_OPEN,176,,,,,,,,,192,126,60,2505.00,1932.00,-573.00,-22.8743,113280,75,NC3_W5_gap,21-7-90,ALTRO,MULTIPLA,,,,,,,,,,,,,,,,,,,,,,,,,
2026-09-06 14:41:04,2026-09-06,SPY_OPEN,176,,,,,,,,,192,126,60,2505.00,1932.00,-573.00,-22.8743,113281,86,NC2_W5,89-88-90,DECINA,MULTIPLA,,,,,,,,,,,,,,,,,,,,,,,,,
2026-09-06 14:41:04,2026-09-06,SPY_OPEN,176,,,,,,,,,192,126,60,2505.00,1932.00,-573.00,-22.8743,113282,3,NC2_W3_gap,90-89-88,DECINA,MULTIPLA,,,,,,,,,,,,,,,,,,,,,,,,,
2026-09-06 14:41:04,2026-09-06,SPY_OPEN,176,,,,,,,,,192,126,60,2505.00,1932.00,-573.00,-22.8743,113283,1,NC3_W5_gap,29-8-89,ALTRO,MULTIPLA,,,,,,,,,,,,,,,,,,,,,,,,,
2026-09-06 14:41:04,2026-09-06,SPY_OPEN,176,,,,,,,,,192,126,60,2505.00,1932.00,-573.00,-22.8743,113284,88,NC2_W5,89-90-87,DECINA,MULTIPLA,,,,,,,,,,,,,,,,,,,,,,,,,
2026-09-06 14:41:04,2026-09-06,SPY_OPEN,176,,,,,,,,,192,126,60,2505.00,1932.00,-573.00,-22.8743,113285,76,C1_exact,45-55-16,ALTRO,MULTIPLA,,,,,,,,,,,,,,,,,,,,,,,,,
2026-09-06 14:41:04,2026-09-06,SPY_OPEN,176,,,,,,,,,192,126,60,2505.00,1932.00,-573.00,-22.8743,113286,29,C1_exact,81-8-77,ALTRO,MULTIPLA,,,,,,,,,,,,,,,,,,,,,,,,,
2026-09-06 14:41:04,2026-09-06,SPY_OPEN,176,,,,,,,,,192,126,60,2505.00,1932.00,-573.00,-22.8743,113287,7,NC3_W5_gap,88-90-85,DECINA,MULTIPLA,,,,,,,,,,,,,,,,,,,,,,,,,
2026-09-06 14:41:04,2026-09-06,SPY_OPEN,176,,,,,,,,,192,126,60,2505.00,1932.00,-573.00,-22.8743,113288,5,C1_exact,88-87-89,DECINA,MULTIPLA,,,,,,,,,,,,,,,,,,,,,,,,,
2026-09-06 14:41:04,2026-09-06,SPY_OPEN,176,,,,,,,,,192,126,60,2505.00,1932.00,-573.00,-22.8743,113289,8,C1_exact,87-90-89,DECINA,MULTIPLA,,,,,,,,,,,,,,,,,,,,,,,,,
2026-09-06 14:41:04,2026-09-06,SPY_OPEN,176,,,,,,,,,192,126,60,2505.00,1932.00,-573.00,-22.8743,113290,29,NC2_W5,89-18-81,ALTRO,MULTIPLA,,,,,,,,,,,,,,,,,,,,,,,,,
2026-09-06 14:41:04,2026-09-06,SPY_OPEN,176,,,,,,,,,192,126,60,2505.00,1932.00,-573.00,-22.8743,113291,3,C1_exact,90-89-9,ALTRO,MULTIPLA,,,,,,,,,,,,,,,,,,,,,,,,,
2026-09-06 14:41:04,2026-09-06,SPY_OPEN,176,,,,,,,,,192,126,60,2505.00,1932.00,-573.00,-22.8743,113292,24,C1_exact,88-69-87,ALTRO,MULTIPLA,,,,,,,,,,,,,,,,,,,,,,,,,
2026-09-06 14:41:04,2026-09-06,SPY_OPEN,176,,,,,,,,,192,126,60,2505.00,1932.00,-573.00,-22.8743,113293,35,C2_exact,30-25-4,MOD5,NORMALE,,,,,,,,,,,,,,,,,,,,,,,,,
2026-09-06 14:41:04,2026-09-06,SPY_OPEN,176,,,,,,,,,192,126,60,2505.00,1932.00,-573.00,-22.8743,113294,30,NC2_W3_gap,25-2-10,CATENA_5,FORTE,,,,,,,,,,,,,,,,,,,,,,,,,
2026-09-06 14:41:04,2026-09-06,SPY_OPEN,176,,,,,,,,,192,126,60,2505.00,1932.00,-573.00,-22.8743,113295,50,NC2_W5,45-40-35,ZONA_40,FORTE,,,,,,,,,,,,,,,,,,,,,,,,,
2026-09-06 14:45:10,2026-09-06,SPY_CLOSE_H3,177,,3,,,,,,,192,126,60,2505.00,1932.00,-573.00,-22.8743,113252,89,C1_exact,55-70-33,ALTRO,MULTIPLA,3,1,0,0,55,3.00,0.00,-3.00,-100.0000,,,,,,,,,,,,,,,,
2026-09-06 14:45:10,2026-09-06,SPY_CLOSE_H3,177,,3,,,,,,,192,126,60,2505.00,1932.00,-573.00,-22.8743,113253,33,C3plus,39-67-18,ALTRO,MULTIPLA,3,1,1,0,18-39,3.00,0.00,-3.00,-100.0000,,,,,,,,,,,,,,,,
2026-09-06 14:45:10,2026-09-06,SPY_CLOSE_H3,177,,3,,,,,,,192,126,60,2505.00,1932.00,-573.00,-22.8743,113254,41,C2_exact,78-6-13,ALTRO,MULTIPLA,3,1,0,0,78,3.00,0.00,-3.00,-100.0000,,,,,,,,,,,,,,,,
2026-09-06 14:45:10,2026-09-06,SPY_CLOSE_H3,177,,3,,,,,,,192,126,60,2505.00,1932.00,-573.00,-22.8743,113255,41,NC3_W5_gap,73-6-42,ALTRO,MULTIPLA,3,1,1,0,6-42,3.00,0.00,-3.00,-100.0000,,,,,,,,,,,,,,,,
2026-09-06 14:45:10,2026-09-06,SPY_CLOSE_H3,177,,3,,,,,,,192,126,60,2505.00,1932.00,-573.00,-22.8743,113256,75,NC3_W5_gap,21-7-90,ALTRO,MULTIPLA,3,1,1,0,7-90,3.00,0.00,-3.00,-100.0000,,,,,,,,,,,,,,,,
2026-09-06 14:45:10,2026-09-06,SPY_CLOSE_H3,177,,3,,,,,,,192,126,60,2505.00,1932.00,-573.00,-22.8743,113257,10,NC2_W5,5-1-23,DECINA,MULTIPLA,3,1,1,0,1-5,3.00,0.00,-3.00,-100.0000,,,,,,,,,,,,,,,,
2026-09-06 14:45:10,2026-09-06,SPY_CLOSE_H3,177,,3,,,,,,,192,126,60,2505.00,1932.00,-573.00,-22.8743,113258,90,NC2_W5,87-89-88,DECINA,MULTIPLA,3,1,0,0,88,3.00,0.00,-3.00,-100.0000,,,,,,,,,,,,,,,,
2026-09-06 14:45:10,2026-09-06,SPY_CLOSE_H3,177,,3,,,,,,,192,126,60,2505.00,1932.00,-573.00,-22.8743,113259,3,C1_exact,90-89-9,ALTRO,MULTIPLA,3,1,0,0,90,3.00,0.00,-3.00,-100.0000,,,,,,,,,,,,,,,,
2026-09-06 14:45:10,2026-09-06,SPY_CLOSE_H3,177,,3,,,,,,,192,126,60,2505.00,1932.00,-573.00,-22.8743,113260,9,C1_exact,90-62-89,ALTRO,MULTIPLA,3,1,0,0,62,3.00,0.00,-3.00,-100.0000,,,,,,,,,,,,,,,,
2026-09-06 14:45:10,2026-09-06,SPY_CLOSE_H3,177,,3,,,,,,,192,126,60,2505.00,1932.00,-573.00,-22.8743,113261,20,C1_exact,15-90-87,MOD5,NORMALE,3,1,0,0,90,3.00,0.00,-3.00,-100.0000,,,,,,,,,,,,,,,,
2026-09-06 14:45:10,2026-09-06,SPY_CLOSE_H2,177,,2,,,,,,,192,126,60,2505.00,1932.00,-573.00,-22.8743,113262,50,NC2_W3_gap,45-39-25,MOD5,MULTIPLA,2,1,1,0,25-39,2.00,0.00,-2.00,-100.0000,,,,,,,,,,,,,,,,
2026-09-06 14:45:10,2026-09-06,SPY_CLOSE_H2,177,,2,,,,,,,192,126,60,2505.00,1932.00,-573.00,-22.8743,113263,50,C1_exact,45-39-81,ALTRO,MULTIPLA,2,1,0,0,39,2.00,0.00,-2.00,-100.0000,,,,,,,,,,,,,,,,
2026-09-06 14:45:10,2026-09-06,SPY_CLOSE_H2,177,,2,,,,,,,192,126,60,2505.00,1932.00,-573.00,-22.8743,113264,44,C2_exact,67-77-43,ALTRO,MULTIPLA,2,1,0,0,67,2.00,0.00,-2.00,-100.0000,,,,,,,,,,,,,,,,
2026-09-06 14:45:10,2026-09-06,SPY_CLOSE_H2,177,,2,,,,,,,192,126,60,2505.00,1932.00,-573.00,-22.8743,113265,35,C1_exact,30-85-48,MOD5,MULTIPLA,2,1,0,0,30,2.00,0.00,-2.00,-100.0000,,,,,,,,,,,,,,,,
2026-09-06 14:45:10,2026-09-06,SPY_CLOSE_H2,177,,2,,,,,,,192,126,60,2505.00,1932.00,-573.00,-22.8743,113266,41,NC3_W5_gap,73-6-42,ALTRO,MULTIPLA,2,1,1,0,6-42,2.00,0.00,-2.00,-100.0000,,,,,,,,,,,,,,,,
2026-09-06 14:45:10,2026-09-06,SPY_CLOSE_H2,177,,2,,,,,,,192,126,60,2505.00,1932.00,-573.00,-22.8743,113267,75,NC3_W5_gap,21-7-90,ALTRO,MULTIPLA,2,1,1,0,7-90,2.00,0.00,-2.00,-100.0000,,,,,,,,,,,,,,,,
2026-09-06 14:45:10,2026-09-06,SPY_CLOSE_H2,177,,2,,,,,,,192,126,60,2505.00,1932.00,-573.00,-22.8743,113268,7,NC2_W5,8-15-25,ALTRO,MULTIPLA,2,1,0,0,8,2.00,0.00,-2.00,-100.0000,,,,,,,,,,,,,,,,
2026-09-06 14:45:10,2026-09-06,SPY_CLOSE_H2,177,,2,,,,,,,192,126,60,2505.00,1932.00,-573.00,-22.8743,113269,10,NC2_W5,5-1-23,DECINA,MULTIPLA,2,1,1,0,1-5,2.00,0.00,-2.00,-100.0000,,,,,,,,,,,,,,,,
2026-09-06 14:45:10,2026-09-06,SPY_CLOSE_H2,177,,2,,,,,,,192,126,60,2505.00,1932.00,-573.00,-22.8743,113270,7,NC2_W3_gap,88-90-85,DECINA,MULTIPLA,2,1,1,0,88-90,2.00,0.00,-2.00,-100.0000,,,,,,,,,,,,,,,,
2026-09-06 14:45:10,2026-09-06,SPY_CLOSE_H2,177,,2,,,,,,,192,126,60,2505.00,1932.00,-573.00,-22.8743,113271,61,C1_exact,19-59-83,ALTRO,MULTIPLA,2,0,0,0,,2.00,0.00,-2.00,-100.0000,,,,,,,,,,,,,,,,
2026-09-06 14:45:10,2026-09-06,SPY_CLOSE_H2,177,,2,,,,,,,192,126,60,2505.00,1932.00,-573.00,-22.8743,113272,34,C1_exact,58-77-62,ALTRO,MULTIPLA,2,1,0,0,62,2.00,0.00,-2.00,-100.0000,,,,,,,,,,,,,,,,
2026-09-06 14:45:10,2026-09-06,SPY_CLOSE_H2,177,,2,,,,,,,192,126,60,2505.00,1932.00,-573.00,-22.8743,113273,7,C1_exact,69-89-4,MOD5,MULTIPLA,2,1,0,0,4,2.00,0.00,-2.00,-100.0000,,,,,,,,,,,,,,,,
2026-09-06 14:45:10,2026-09-06,SPY_CLOSE_H2,177,,2,,,,,,,192,126,60,2505.00,1932.00,-573.00,-22.8743,113274,4,C1_exact,88-89-90,DECINA,MULTIPLA,2,1,1,0,88-90,2.00,0.00,-2.00,-100.0000,,,,,,,,,,,,,,,,
2026-09-06 14:45:10,2026-09-06,SPY_CLOSE_H2,177,,2,,,,,,,192,126,60,2505.00,1932.00,-573.00,-22.8743,113275,16,C1_exact,88-90-59,ALTRO,MULTIPLA,2,1,1,0,88-90,2.00,0.00,-2.00,-100.0000,,,,,,,,,,,,,,,,
2026-09-06 14:45:10,2026-09-06,SPY_CLOSE_H2,177,,2,,,,,,,192,126,60,2505.00,1932.00,-573.00,-22.8743,113276,1,C1_exact,86-90-85,DECINA,MULTIPLA,2,1,0,0,86,2.00,0.00,-2.00,-100.0000,,,,,,,,,,,,,,,,
2026-09-06 14:45:10,2026-09-06,SPY_CLOSE_H2,177,,2,,,,,,,192,126,60,2505.00,1932.00,-573.00,-22.8743,113277,20,C2_exact,15-10-5,CATENA_5,FORTE,2,1,0,0,5,2.00,0.00,-2.00,-100.0000,,,,,,,,,,,,,,,,
2026-09-06 14:45:10,2026-09-06,SPY_CLOSE_H2,177,,2,,,,,,,192,126,60,2505.00,1932.00,-573.00,-22.8743,113278,50,NC2_W5,45-40-35,ZONA_40,FORTE,2,1,0,0,35,2.00,0.00,-2.00,-100.0000,,,,,,,,,,,,,,,,
2026-09-06 14:45:10,2026-09-06,SPY_CLOSE_H1,177,,1,,,,,,,192,126,60,2505.00,1932.00,-573.00,-22.8743,113279,68,C3plus,55-65-13,ALTRO,MULTIPLA,1,0,0,0,,1.00,0.00,-1.00,-100.0000,,,,,,,,,,,,,,,,
2026-09-06 14:45:10,2026-09-06,SPY_CLOSE_H1,177,,1,,,,,,,192,126,60,2505.00,1932.00,-573.00,-22.8743,113280,75,NC3_W5_gap,21-7-90,ALTRO,MULTIPLA,1,1,1,0,7-90,1.00,0.00,-1.00,-100.0000,,,,,,,,,,,,,,,,
2026-09-06 14:45:10,2026-09-06,SPY_CLOSE_H1,177,,1,,,,,,,192,126,60,2505.00,1932.00,-573.00,-22.8743,113281,86,NC2_W5,89-88-90,DECINA,MULTIPLA,1,1,1,0,88-90,1.00,0.00,-1.00,-100.0000,,,,,,,,,,,,,,,,
2026-09-06 14:45:10,2026-09-06,SPY_CLOSE_H1,177,,1,,,,,,,192,126,60,2505.00,1932.00,-573.00,-22.8743,113282,3,NC2_W3_gap,90-89-88,DECINA,MULTIPLA,1,1,1,0,88-90,1.00,0.00,-1.00,-100.0000,,,,,,,,,,,,,,,,
2026-09-06 14:45:10,2026-09-06,SPY_CLOSE_H1,177,,1,,,,,,,192,126,60,2505.00,1932.00,-573.00,-22.8743,113283,1,NC3_W5_gap,29-8-89,ALTRO,MULTIPLA,1,0,0,0,,1.00,0.00,-1.00,-100.0000,,,,,,,,,,,,,,,,
2026-09-06 14:45:10,2026-09-06,SPY_CLOSE_H1,177,,1,,,,,,,192,126,60,2505.00,1932.00,-573.00,-22.8743,113284,88,NC2_W5,89-90-87,DECINA,MULTIPLA,1,1,0,0,90,1.00,0.00,-1.00,-100.0000,,,,,,,,,,,,,,,,
2026-09-06 14:45:10,2026-09-06,SPY_CLOSE_H1,177,,1,,,,,,,192,126,60,2505.00,1932.00,-573.00,-22.8743,113285,76,C1_exact,45-55-16,ALTRO,MULTIPLA,1,0,0,0,,1.00,0.00,-1.00,-100.0000,,,,,,,,,,,,,,,,
2026-09-06 14:45:10,2026-09-06,SPY_CLOSE_H1,177,,1,,,,,,,192,126,60,2505.00,1932.00,-573.00,-22.8743,113286,29,C1_exact,81-8-77,ALTRO,MULTIPLA,1,0,0,0,,1.00,0.00,-1.00,-100.0000,,,,,,,,,,,,,,,,
2026-09-06 14:45:10,2026-09-06,SPY_CLOSE_H1,177,,1,,,,,,,192,126,60,2505.00,1932.00,-573.00,-22.8743,113287,7,NC3_W5_gap,88-90-85,DECINA,MULTIPLA,1,1,1,0,88-90,1.00,0.00,-1.00,-100.0000,,,,,,,,,,,,,,,,
2026-09-06 14:45:10,2026-09-06,SPY_CLOSE_H1,177,,1,,,,,,,192,126,60,2505.00,1932.00,-573.00,-22.8743,113288,5,C1_exact,88-87-89,DECINA,MULTIPLA,1,1,0,0,88,1.00,0.00,-1.00,-100.0000,,,,,,,,,,,,,,,,
2026-09-06 14:45:10,2026-09-06,SPY_CLOSE_H1,177,,1,,,,,,,192,126,60,2505.00,1932.00,-573.00,-22.8743,113289,8,C1_exact,87-90-89,DECINA,MULTIPLA,1,1,0,0,90,1.00,0.00,-1.00,-100.0000,,,,,,,,,,,,,,,,
2026-09-06 14:45:10,2026-09-06,SPY_CLOSE_H1,177,,1,,,,,,,192,126,60,2505.00,1932.00,-573.00,-22.8743,113290,29,NC2_W5,89-18-81,ALTRO,MULTIPLA,1,1,0,0,18,1.00,0.00,-1.00,-100.0000,,,,,,,,,,,,,,,,
2026-09-06 14:45:10,2026-09-06,SPY_CLOSE_H1,177,,1,,,,,,,192,126,60,2505.00,1932.00,-573.00,-22.8743,113291,3,C1_exact,90-89-9,ALTRO,MULTIPLA,1,1,0,0,90,1.00,0.00,-1.00,-100.0000,,,,,,,,,,,,,,,,
2026-09-06 14:45:10,2026-09-06,SPY_CLOSE_H1,177,,1,,,,,,,192,126,60,2505.00,1932.00,-573.00,-22.8743,113292,24,C1_exact,88-69-87,ALTRO,MULTIPLA,1,1,0,0,88,1.00,0.00,-1.00,-100.0000,,,,,,,,,,,,,,,,
2026-09-06 14:45:10,2026-09-06,SPY_CLOSE_H1,177,,1,,,,,,,192,126,60,2505.00,1932.00,-573.00,-22.8743,113293,35,C2_exact,30-25-4,MOD5,NORMALE,1,1,1,1,4-25-30,1.00,45.00,44.00,4400.0000,,,,,,,,,,,,,,,,
2026-09-06 14:45:10,2026-09-06,SPY_CLOSE_H1,177,,1,,,,,,,192,126,60,2505.00,1932.00,-573.00,-22.8743,113294,30,NC2_W3_gap,25-2-10,CATENA_5,FORTE,1,1,0,0,25,1.00,0.00,-1.00,-100.0000,,,,,,,,,,,,,,,,
2026-09-06 14:45:10,2026-09-06,SPY_CLOSE_H1,177,,1,,,,,,,192,126,60,2505.00,1932.00,-573.00,-22.8743,113295,50,NC2_W5,45-40-35,ZONA_40,FORTE,1,0,0,0,,1.00,0.00,-1.00,-100.0000,,,,,,,,,,,,,,,,
2026-09-06 14:45:10,2026-09-06,SPY_OPEN,177,,,,,,,,,192,126,60,2505.00,1932.00,-573.00,-22.8743,113296,30,C2_exact,25-20-1,CATENA_5,MULTIPLA,,,,,,,,,,,,,,,,,,,,,,,,,
2026-09-06 14:45:10,2026-09-06,SPY_OPEN,177,,,,,,,,,192,126,60,2505.00,1932.00,-573.00,-22.8743,113297,68,C3plus,55-65-13,ALTRO,MULTIPLA,,,,,,,,,,,,,,,,,,,,,,,,,
2026-09-06 14:45:10,2026-09-06,SPY_OPEN,177,,,,,,,,,192,126,60,2505.00,1932.00,-573.00,-22.8743,113298,90,C1_exact,55-45-24,MOD5,MULTIPLA,,,,,,,,,,,,,,,,,,,,,,,,,
2026-09-06 14:45:10,2026-09-06,SPY_OPEN,177,,,,,,,,,192,126,60,2505.00,1932.00,-573.00,-22.8743,113299,42,NC2_W3_gap,66-72-19,ALTRO,MULTIPLA,,,,,,,,,,,,,,,,,,,,,,,,,
2026-09-06 14:45:10,2026-09-06,SPY_OPEN,177,,,,,,,,,192,126,60,2505.00,1932.00,-573.00,-22.8743,113300,30,NC3_W5_gap,10-25-15,CATENA_5,MULTIPLA,,,,,,,,,,,,,,,,,,,,,,,,,
2026-09-06 14:45:10,2026-09-06,SPY_OPEN,177,,,,,,,,,192,126,60,2505.00,1932.00,-573.00,-22.8743,113301,25,C1_exact,20-90-36,MOD5,MULTIPLA,,,,,,,,,,,,,,,,,,,,,,,,,
2026-09-06 14:45:10,2026-09-06,SPY_OPEN,177,,,,,,,,,192,126,60,2505.00,1932.00,-573.00,-22.8743,113302,90,NC2_W5,87-89-88,DECINA,MULTIPLA,,,,,,,,,,,,,,,,,,,,,,,,,
2026-09-06 14:45:10,2026-09-06,SPY_OPEN,177,,,,,,,,,192,126,60,2505.00,1932.00,-573.00,-22.8743,113303,80,C1_exact,3-55-44,ALTRO,MULTIPLA,,,,,,,,,,,,,,,,,,,,,,,,,
2026-09-06 14:45:10,2026-09-06,SPY_OPEN,177,,,,,,,,,192,126,60,2505.00,1932.00,-573.00,-22.8743,113304,61,C1_exact,19-59-83,ALTRO,MULTIPLA,,,,,,,,,,,,,,,,,,,,,,,,,
2026-09-06 14:45:10,2026-09-06,SPY_OPEN,177,,,,,,,,,192,126,60,2505.00,1932.00,-573.00,-22.8743,113305,4,NC2_W3_gap,90-88-89,DECINA,MULTIPLA,,,,,,,,,,,,,,,,,,,,,,,,,
2026-09-06 14:45:10,2026-09-06,SPY_OPEN,177,,,,,,,,,192,126,60,2505.00,1932.00,-573.00,-22.8743,113306,80,NC2_W5,22-88-86,ALTRO,MULTIPLA,,,,,,,,,,,,,,,,,,,,,,,,,
2026-09-06 14:45:10,2026-09-06,SPY_OPEN,177,,,,,,,,,192,126,60,2505.00,1932.00,-573.00,-22.8743,113307,18,C1_exact,90-86-87,DECINA,MULTIPLA,,,,,,,,,,,,,,,,,,,,,,,,,
2026-09-06 14:45:10,2026-09-06,SPY_OPEN,177,,,,,,,,,192,126,60,2505.00,1932.00,-573.00,-22.8743,113308,4,C1_exact,88-89-90,DECINA,MULTIPLA,,,,,,,,,,,,,,,,,,,,,,,,,
2026-09-06 14:45:10,2026-09-06,SPY_OPEN,177,,,,,,,,,192,126,60,2505.00,1932.00,-573.00,-22.8743,113309,12,C1_exact,89-86-90,DECINA,MULTIPLA,,,,,,,,,,,,,,,,,,,,,,,,,
2026-09-06 14:45:10,2026-09-06,SPY_OPEN,177,,,,,,,,,192,126,60,2505.00,1932.00,-573.00,-22.8743,113310,29,NC2_W5,89-18-81,ALTRO,MULTIPLA,,,,,,,,,,,,,,,,,,,,,,,,,
2026-09-06 14:45:10,2026-09-06,SPY_OPEN,177,,,,,,,,,192,126,60,2505.00,1932.00,-573.00,-22.8743,113311,14,C1_exact,90-89-88,DECINA,MULTIPLA,,,,,,,,,,,,,,,,,,,,,,,,,
2026-09-06 14:45:10,2026-09-06,SPY_OPEN,177,,,,,,,,,192,126,60,2505.00,1932.00,-573.00,-22.8743,113312,50,NC2_W5,45-40-35,ZONA_40,FORTE,,,,,,,,,,,,,,,,,,,,,,,,,
2026-09-06 14:45:10,2026-09-06,PAIRLAB_OPEN,177,,,,,,,,,192,126,60,2505.00,1932.00,-573.00,-22.8743,,,,,,,,,,,,,,,,,,,89-90,SHADOW_OPEN,,,raw=9|ind=7,,,,,,,,
2026-09-06 14:45:10,2026-09-06,PAIRLAB_OPEN,177,,,,,,,,,192,126,60,2505.00,1932.00,-573.00,-22.8743,,,,,,,,,,,,,,,,,,,88-90,SHADOW_OPEN,,,raw=8|ind=5,,,,,,,,
2026-09-06 14:45:10,2026-09-06,PAIRLAB_OPEN,177,,,,,,,,,192,126,60,2505.00,1932.00,-573.00,-22.8743,,,,,,,,,,,,,,,,,,,88-89,SHADOW_OPEN,,,raw=8|ind=6,,,,,,,,
2026-09-06 14:45:10,2026-09-06,STRICTLAB_OPEN,177,,,,,,,,,192,126,60,2505.00,1932.00,-573.00,-22.8743,,,,,,,,,,,,,,,,,,,89-90,STRICT_LAB_OPEN,,,raw=9|ind=7|pairlab=279,,,,,,,,
2026-09-06 14:50:16,2026-09-06,SPY_CLOSE_H3,178,,3,,,,,,,192,126,60,2505.00,1932.00,-573.00,-22.8743,113262,50,NC2_W3_gap,45-39-25,MOD5,MULTIPLA,3,1,1,0,25-39,3.00,0.00,-3.00,-100.0000,,,,,,,,,,,,,,,,
2026-09-06 14:50:16,2026-09-06,SPY_CLOSE_H3,178,,3,,,,,,,192,126,60,2505.00,1932.00,-573.00,-22.8743,113263,50,C1_exact,45-39-81,ALTRO,MULTIPLA,3,1,0,0,39,3.00,0.00,-3.00,-100.0000,,,,,,,,,,,,,,,,
2026-09-06 14:50:16,2026-09-06,SPY_CLOSE_H3,178,,3,,,,,,,192,126,60,2505.00,1932.00,-573.00,-22.8743,113264,44,C2_exact,67-77-43,ALTRO,MULTIPLA,3,1,0,0,67,3.00,0.00,-3.00,-100.0000,,,,,,,,,,,,,,,,
2026-09-06 14:50:16,2026-09-06,SPY_CLOSE_H3,178,,3,,,,,,,192,126,60,2505.00,1932.00,-573.00,-22.8743,113265,35,C1_exact,30-85-48,MOD5,MULTIPLA,3,1,0,0,30,3.00,0.00,-3.00,-100.0000,,,,,,,,,,,,,,,,
2026-09-06 14:50:16,2026-09-06,SPY_CLOSE_H3,178,,3,,,,,,,192,126,60,2505.00,1932.00,-573.00,-22.8743,113266,41,NC3_W5_gap,73-6-42,ALTRO,MULTIPLA,3,1,1,0,6-42,3.00,0.00,-3.00,-100.0000,,,,,,,,,,,,,,,,
2026-09-06 14:50:16,2026-09-06,SPY_CLOSE_H3,178,,3,,,,,,,192,126,60,2505.00,1932.00,-573.00,-22.8743,113267,75,NC3_W5_gap,21-7-90,ALTRO,MULTIPLA,3,1,1,0,7-90,3.00,0.00,-3.00,-100.0000,,,,,,,,,,,,,,,,
2026-09-06 14:50:16,2026-09-06,SPY_CLOSE_H3,178,,3,,,,,,,192,126,60,2505.00,1932.00,-573.00,-22.8743,113268,7,NC2_W5,8-15-25,ALTRO,MULTIPLA,3,1,1,0,8-15,3.00,0.00,-3.00,-100.0000,,,,,,,,,,,,,,,,
2026-09-06 14:50:16,2026-09-06,SPY_CLOSE_H3,178,,3,,,,,,,192,126,60,2505.00,1932.00,-573.00,-22.8743,113269,10,NC2_W5,5-1-23,DECINA,MULTIPLA,3,1,1,0,1-5,3.00,0.00,-3.00,-100.0000,,,,,,,,,,,,,,,,
2026-09-06 14:50:16,2026-09-06,SPY_CLOSE_H3,178,,3,,,,,,,192,126,60,2505.00,1932.00,-573.00,-22.8743,113270,7,NC2_W3_gap,88-90-85,DECINA,MULTIPLA,3,1,1,0,88-90,3.00,0.00,-3.00,-100.0000,,,,,,,,,,,,,,,,
2026-09-06 14:50:16,2026-09-06,SPY_CLOSE_H3,178,,3,,,,,,,192,126,60,2505.00,1932.00,-573.00,-22.8743,113271,61,C1_exact,19-59-83,ALTRO,MULTIPLA,3,1,0,0,59,3.00,0.00,-3.00,-100.0000,,,,,,,,,,,,,,,,
2026-09-06 14:50:16,2026-09-06,SPY_CLOSE_H3,178,,3,,,,,,,192,126,60,2505.00,1932.00,-573.00,-22.8743,113272,34,C1_exact,58-77-62,ALTRO,MULTIPLA,3,1,0,0,62,3.00,0.00,-3.00,-100.0000,,,,,,,,,,,,,,,,
2026-09-06 14:50:16,2026-09-06,SPY_CLOSE_H3,178,,3,,,,,,,192,126,60,2505.00,1932.00,-573.00,-22.8743,113273,7,C1_exact,69-89-4,MOD5,MULTIPLA,3,1,0,0,4,3.00,0.00,-3.00,-100.0000,,,,,,,,,,,,,,,,
2026-09-06 14:50:16,2026-09-06,SPY_CLOSE_H3,178,,3,,,,,,,192,126,60,2505.00,1932.00,-573.00,-22.8743,113274,4,C1_exact,88-89-90,DECINA,MULTIPLA,3,1,1,0,88-90,3.00,0.00,-3.00,-100.0000,,,,,,,,,,,,,,,,
2026-09-06 14:50:16,2026-09-06,SPY_CLOSE_H3,178,,3,,,,,,,192,126,60,2505.00,1932.00,-573.00,-22.8743,113275,16,C1_exact,88-90-59,ALTRO,MULTIPLA,3,1,1,0,88-90,3.00,0.00,-3.00,-100.0000,,,,,,,,,,,,,,,,
2026-09-06 14:50:16,2026-09-06,SPY_CLOSE_H3,178,,3,,,,,,,192,126,60,2505.00,1932.00,-573.00,-22.8743,113276,1,C1_exact,86-90-85,DECINA,MULTIPLA,3,1,0,0,86,3.00,0.00,-3.00,-100.0000,,,,,,,,,,,,,,,,
2026-09-06 14:50:16,2026-09-06,SPY_CLOSE_H3,178,,3,,,,,,,192,126,60,2505.00,1932.00,-573.00,-22.8743,113277,20,C2_exact,15-10-5,CATENA_5,FORTE,3,1,0,0,5,3.00,0.00,-3.00,-100.0000,,,,,,,,,,,,,,,,
2026-09-06 14:50:16,2026-09-06,SPY_CLOSE_H3,178,,3,,,,,,,192,126,60,2505.00,1932.00,-573.00,-22.8743,113278,50,NC2_W5,45-40-35,ZONA_40,FORTE,3,1,0,0,35,3.00,0.00,-3.00,-100.0000,,,,,,,,,,,,,,,,
2026-09-06 14:50:16,2026-09-06,SPY_CLOSE_H2,178,,2,,,,,,,192,126,60,2505.00,1932.00,-573.00,-22.8743,113279,68,C3plus,55-65-13,ALTRO,MULTIPLA,2,0,0,0,,2.00,0.00,-2.00,-100.0000,,,,,,,,,,,,,,,,
2026-09-06 14:50:16,2026-09-06,SPY_CLOSE_H2,178,,2,,,,,,,192,126,60,2505.00,1932.00,-573.00,-22.8743,113280,75,NC3_W5_gap,21-7-90,ALTRO,MULTIPLA,2,1,1,0,7-90,2.00,0.00,-2.00,-100.0000,,,,,,,,,,,,,,,,
2026-09-06 14:50:16,2026-09-06,SPY_CLOSE_H2,178,,2,,,,,,,192,126,60,2505.00,1932.00,-573.00,-22.8743,113281,86,NC2_W5,89-88-90,DECINA,MULTIPLA,2,1,1,0,88-90,2.00,0.00,-2.00,-100.0000,,,,,,,,,,,,,,,,
2026-09-06 14:50:16,2026-09-06,SPY_CLOSE_H2,178,,2,,,,,,,192,126,60,2505.00,1932.00,-573.00,-22.8743,113282,3,NC2_W3_gap,90-89-88,DECINA,MULTIPLA,2,1,1,0,88-90,2.00,0.00,-2.00,-100.0000,,,,,,,,,,,,,,,,
2026-09-06 14:50:16,2026-09-06,SPY_CLOSE_H2,178,,2,,,,,,,192,126,60,2505.00,1932.00,-573.00,-22.8743,113283,1,NC3_W5_gap,29-8-89,ALTRO,MULTIPLA,2,1,0,0,8,2.00,0.00,-2.00,-100.0000,,,,,,,,,,,,,,,,
2026-09-06 14:50:16,2026-09-06,SPY_CLOSE_H2,178,,2,,,,,,,192,126,60,2505.00,1932.00,-573.00,-22.8743,113284,88,NC2_W5,89-90-87,DECINA,MULTIPLA,2,1,0,0,90,2.00,0.00,-2.00,-100.0000,,,,,,,,,,,,,,,,
2026-09-06 14:50:16,2026-09-06,SPY_CLOSE_H2,178,,2,,,,,,,192,126,60,2505.00,1932.00,-573.00,-22.8743,113285,76,C1_exact,45-55-16,ALTRO,MULTIPLA,2,0,0,0,,2.00,0.00,-2.00,-100.0000,,,,,,,,,,,,,,,,
2026-09-06 14:50:16,2026-09-06,SPY_CLOSE_H2,178,,2,,,,,,,192,126,60,2505.00,1932.00,-573.00,-22.8743,113286,29,C1_exact,81-8-77,ALTRO,MULTIPLA,2,1,1,0,8-81,2.00,0.00,-2.00,-100.0000,,,,,,,,,,,,,,,,
2026-09-06 14:50:16,2026-09-06,SPY_CLOSE_H2,178,,2,,,,,,,192,126,60,2505.00,1932.00,-573.00,-22.8743,113287,7,NC3_W5_gap,88-90-85,DECINA,MULTIPLA,2,1,1,0,88-90,2.00,0.00,-2.00,-100.0000,,,,,,,,,,,,,,,,
2026-09-06 14:50:16,2026-09-06,SPY_CLOSE_H2,178,,2,,,,,,,192,126,60,2505.00,1932.00,-573.00,-22.8743,113288,5,C1_exact,88-87-89,DECINA,MULTIPLA,2,1,0,0,88,2.00,0.00,-2.00,-100.0000,,,,,,,,,,,,,,,,
2026-09-06 14:50:16,2026-09-06,SPY_CLOSE_H2,178,,2,,,,,,,192,126,60,2505.00,1932.00,-573.00,-22.8743,113289,8,C1_exact,87-90-89,DECINA,MULTIPLA,2,1,0,0,90,2.00,0.00,-2.00,-100.0000,,,,,,,,,,,,,,,,
2026-09-06 14:50:16,2026-09-06,SPY_CLOSE_H2,178,,2,,,,,,,192,126,60,2505.00,1932.00,-573.00,-22.8743,113290,29,NC2_W5,89-18-81,ALTRO,MULTIPLA,2,1,0,0,18,2.00,0.00,-2.00,-100.0000,,,,,,,,,,,,,,,,
2026-09-06 14:50:16,2026-09-06,SPY_CLOSE_H2,178,,2,,,,,,,192,126,60,2505.00,1932.00,-573.00,-22.8743,113291,3,C1_exact,90-89-9,ALTRO,MULTIPLA,2,1,0,0,90,2.00,0.00,-2.00,-100.0000,,,,,,,,,,,,,,,,
2026-09-06 14:50:16,2026-09-06,SPY_CLOSE_H2,178,,2,,,,,,,192,126,60,2505.00,1932.00,-573.00,-22.8743,113292,24,C1_exact,88-69-87,ALTRO,MULTIPLA,2,1,0,0,88,2.00,0.00,-2.00,-100.0000,,,,,,,,,,,,,,,,
2026-09-06 14:50:16,2026-09-06,SPY_CLOSE_H2,178,,2,,,,,,,192,126,60,2505.00,1932.00,-573.00,-22.8743,113293,35,C2_exact,30-25-4,MOD5,NORMALE,2,1,1,1,4-25-30,1.00,45.00,44.00,4400.0000,,,,,,,,,,,,,,,,
2026-09-06 14:50:16,2026-09-06,SPY_CLOSE_H2,178,,2,,,,,,,192,126,60,2505.00,1932.00,-573.00,-22.8743,113294,30,NC2_W3_gap,25-2-10,CATENA_5,FORTE,2,1,0,0,25,2.00,0.00,-2.00,-100.0000,,,,,,,,,,,,,,,,
2026-09-06 14:50:16,2026-09-06,SPY_CLOSE_H2,178,,2,,,,,,,192,126,60,2505.00,1932.00,-573.00,-22.8743,113295,50,NC2_W5,45-40-35,ZONA_40,FORTE,2,0,0,0,,2.00,0.00,-2.00,-100.0000,,,,,,,,,,,,,,,,
2026-09-06 14:50:16,2026-09-06,SPY_CLOSE_H1,178,,1,,,,,,,192,126,60,2505.00,1932.00,-573.00,-22.8743,113296,30,C2_exact,25-20-1,CATENA_5,MULTIPLA,1,0,0,0,,1.00,0.00,-1.00,-100.0000,,,,,,,,,,,,,,,,
2026-09-06 14:50:16,2026-09-06,SPY_CLOSE_H1,178,,1,,,,,,,192,126,60,2505.00,1932.00,-573.00,-22.8743,113297,68,C3plus,55-65-13,ALTRO,MULTIPLA,1,0,0,0,,1.00,0.00,-1.00,-100.0000,,,,,,,,,,,,,,,,
2026-09-06 14:50:16,2026-09-06,SPY_CLOSE_H1,178,,1,,,,,,,192,126,60,2505.00,1932.00,-573.00,-22.8743,113298,90,C1_exact,55-45-24,MOD5,MULTIPLA,1,1,0,0,24,1.00,0.00,-1.00,-100.0000,,,,,,,,,,,,,,,,
2026-09-06 14:50:16,2026-09-06,SPY_CLOSE_H1,178,,1,,,,,,,192,126,60,2505.00,1932.00,-573.00,-22.8743,113299,42,NC2_W3_gap,66-72-19,ALTRO,MULTIPLA,1,1,0,0,66,1.00,0.00,-1.00,-100.0000,,,,,,,,,,,,,,,,
2026-09-06 14:50:16,2026-09-06,SPY_CLOSE_H1,178,,1,,,,,,,192,126,60,2505.00,1932.00,-573.00,-22.8743,113300,30,NC3_W5_gap,10-25-15,CATENA_5,MULTIPLA,1,1,0,0,15,1.00,0.00,-1.00,-100.0000,,,,,,,,,,,,,,,,
2026-09-06 14:50:16,2026-09-06,SPY_CLOSE_H1,178,,1,,,,,,,192,126,60,2505.00,1932.00,-573.00,-22.8743,113301,25,C1_exact,20-90-36,MOD5,MULTIPLA,1,1,0,0,36,1.00,0.00,-1.00,-100.0000,,,,,,,,,,,,,,,,
2026-09-06 14:50:16,2026-09-06,SPY_CLOSE_H1,178,,1,,,,,,,192,126,60,2505.00,1932.00,-573.00,-22.8743,113302,90,NC2_W5,87-89-88,DECINA,MULTIPLA,1,1,0,0,88,1.00,0.00,-1.00,-100.0000,,,,,,,,,,,,,,,,
2026-09-06 14:50:16,2026-09-06,SPY_CLOSE_H1,178,,1,,,,,,,192,126,60,2505.00,1932.00,-573.00,-22.8743,113303,80,C1_exact,3-55-44,ALTRO,MULTIPLA,1,1,0,0,44,1.00,0.00,-1.00,-100.0000,,,,,,,,,,,,,,,,
2026-09-06 14:50:16,2026-09-06,SPY_CLOSE_H1,178,,1,,,,,,,192,126,60,2505.00,1932.00,-573.00,-22.8743,113304,61,C1_exact,19-59-83,ALTRO,MULTIPLA,1,1,0,0,59,1.00,0.00,-1.00,-100.0000,,,,,,,,,,,,,,,,
2026-09-06 14:50:16,2026-09-06,SPY_CLOSE_H1,178,,1,,,,,,,192,126,60,2505.00,1932.00,-573.00,-22.8743,113305,4,NC2_W3_gap,90-88-89,DECINA,MULTIPLA,1,1,0,0,88,1.00,0.00,-1.00,-100.0000,,,,,,,,,,,,,,,,
2026-09-06 14:50:16,2026-09-06,SPY_CLOSE_H1,178,,1,,,,,,,192,126,60,2505.00,1932.00,-573.00,-22.8743,113306,80,NC2_W5,22-88-86,ALTRO,MULTIPLA,1,1,0,0,88,1.00,0.00,-1.00,-100.0000,,,,,,,,,,,,,,,,
2026-09-06 14:50:16,2026-09-06,SPY_CLOSE_H1,178,,1,,,,,,,192,126,60,2505.00,1932.00,-573.00,-22.8743,113307,18,C1_exact,90-86-87,DECINA,MULTIPLA,1,0,0,0,,1.00,0.00,-1.00,-100.0000,,,,,,,,,,,,,,,,
2026-09-06 14:50:16,2026-09-06,SPY_CLOSE_H1,178,,1,,,,,,,192,126,60,2505.00,1932.00,-573.00,-22.8743,113308,4,C1_exact,88-89-90,DECINA,MULTIPLA,1,1,0,0,88,1.00,0.00,-1.00,-100.0000,,,,,,,,,,,,,,,,
2026-09-06 14:50:16,2026-09-06,SPY_CLOSE_H1,178,,1,,,,,,,192,126,60,2505.00,1932.00,-573.00,-22.8743,113309,12,C1_exact,89-86-90,DECINA,MULTIPLA,1,0,0,0,,1.00,0.00,-1.00,-100.0000,,,,,,,,,,,,,,,,
2026-09-06 14:50:16,2026-09-06,SPY_CLOSE_H1,178,,1,,,,,,,192,126,60,2505.00,1932.00,-573.00,-22.8743,113310,29,NC2_W5,89-18-81,ALTRO,MULTIPLA,1,1,0,0,81,1.00,0.00,-1.00,-100.0000,,,,,,,,,,,,,,,,
2026-09-06 14:50:16,2026-09-06,SPY_CLOSE_H1,178,,1,,,,,,,192,126,60,2505.00,1932.00,-573.00,-22.8743,113311,14,C1_exact,90-89-88,DECINA,MULTIPLA,1,1,0,0,88,1.00,0.00,-1.00,-100.0000,,,,,,,,,,,,,,,,
2026-09-06 14:50:16,2026-09-06,SPY_CLOSE_H1,178,,1,,,,,,,192,126,60,2505.00,1932.00,-573.00,-22.8743,113312,50,NC2_W5,45-40-35,ZONA_40,FORTE,1,0,0,0,,1.00,0.00,-1.00,-100.0000,,,,,,,,,,,,,,,,
2026-09-06 14:50:16,2026-09-06,SUM9091_LAB_CLOSE,178,1906,10,86,,86-4-5,RAW_SUM_716_REPEAT_FROM_E103_GAP_65_BEST_2_3_H4,,,192,126,60,2505.00,1932.00,-573.00,-22.8743,,,,,,,,,,,,,,,,,,,,,,,,,,,,,,,
2026-09-06 14:50:16,2026-09-06,SPY_OPEN,178,,,,,,,,,192,126,60,2505.00,1932.00,-573.00,-22.8743,113313,36,C2_exact,31-33-25,DECINA,MULTIPLA,,,,,,,,,,,,,,,,,,,,,,,,,
2026-09-06 14:50:16,2026-09-06,SPY_OPEN,178,,,,,,,,,192,126,60,2505.00,1932.00,-573.00,-22.8743,113314,44,NC2_W3_gap,6-15-66,ALTRO,MULTIPLA,,,,,,,,,,,,,,,,,,,,,,,,,
2026-09-06 14:50:16,2026-09-06,SPY_OPEN,178,,,,,,,,,192,126,60,2505.00,1932.00,-573.00,-22.8743,113315,14,C2_exact,2-40-76,ALTRO,MULTIPLA,,,,,,,,,,,,,,,,,,,,,,,,,
2026-09-06 14:50:16,2026-09-06,SPY_OPEN,178,,,,,,,,,192,126,60,2505.00,1932.00,-573.00,-22.8743,113316,75,NC3_W5_gap,21-7-90,ALTRO,MULTIPLA,,,,,,,,,,,,,,,,,,,,,,,,,
2026-09-06 14:50:16,2026-09-06,SPY_OPEN,178,,,,,,,,,192,126,60,2505.00,1932.00,-573.00,-22.8743,113317,85,C1_exact,55-49-48,ALTRO,MULTIPLA,,,,,,,,,,,,,,,,,,,,,,,,,
2026-09-06 14:50:16,2026-09-06,SPY_OPEN,178,,,,,,,,,192,126,60,2505.00,1932.00,-573.00,-22.8743,113318,81,C1_exact,55-68-21,ALTRO,MULTIPLA,,,,,,,,,,,,,,,,,,,,,,,,,
2026-09-06 14:50:16,2026-09-06,SPY_OPEN,178,,,,,,,,,192,126,60,2505.00,1932.00,-573.00,-22.8743,113319,24,NC2_W3_gap,87-3-13,ALTRO,MULTIPLA,,,,,,,,,,,,,,,,,,,,,,,,,
2026-09-06 14:50:16,2026-09-06,SPY_OPEN,178,,,,,,,,,192,126,60,2505.00,1932.00,-573.00,-22.8743,113320,8,NC2_W3_gap,90-89-83,DECINA,MULTIPLA,,,,,,,,,,,,,,,,,,,,,,,,,
2026-09-06 14:50:16,2026-09-06,SPY_OPEN,178,,,,,,,,,192,126,60,2505.00,1932.00,-573.00,-22.8743,113321,15,C1_exact,10-89-88,ALTRO,MULTIPLA,,,,,,,,,,,,,,,,,,,,,,,,,
2026-09-06 14:50:16,2026-09-06,SPY_OPEN,178,,,,,,,,,192,126,60,2505.00,1932.00,-573.00,-22.8743,113322,8,C1_exact,87-90-89,DECINA,MULTIPLA,,,,,,,,,,,,,,,,,,,,,,,,,
2026-09-06 14:50:16,2026-09-06,SPY_OPEN,178,,,,,,,,,192,126,60,2505.00,1932.00,-573.00,-22.8743,113323,24,C1_exact,88-69-87,ALTRO,MULTIPLA,,,,,,,,,,,,,,,,,,,,,,,,,
2026-09-06 14:50:16,2026-09-06,SPY_OPEN,178,,,,,,,,,192,126,60,2505.00,1932.00,-573.00,-22.8743,113324,30,NC3_W5_gap,10-25-15,CATENA_5,FORTE,,,,,,,,,,,,,,,,,,,,,,,,,
