time,day,event,estrazione,play_id,colpo,ambata,ambi,cluster,outcome,hit_ambi,hit_ranks,v48_play,v48_hit,v48_stop,v48_cost,v48_gross,v48_net,v48_roi,spy_id,spy,spy_condition,spy_followers,spy_network,spy_level,spy_horizon,spy_k1,spy_k2,spy_k3,spy_hit_nums,spy_cost,spy_gross,spy_net,spy_roi,playable_id,playable_colpo,playable_ambata,playable_ambi,playable_outcome,playable_hit_ambata,playable_hit_ambi,playable_support,playable_terno,playable_hit_terno,playable_terno_cost,playable_terno_gross,playable_score,playable_state,playable_edge,playable_confirmations
2026-09-08 15:26:18,2026-09-08,SPY_CLOSE_H3,183,,3,,,,,,,207,134,67,2745.00,2044.00,-701.00,-25.5373,122119,70,C3plus,37-76-43,ALTRO,MULTIPLA,3,1,0,0,37,3.00,0.00,-3.00,-100.0000,,,,,,,,,,,,,,,,
2026-09-08 15:26:18,2026-09-08,SPY_CLOSE_H3,183,,3,,,,,,,207,134,67,2745.00,2044.00,-701.00,-25.5373,122120,35,NC2_W5,30-25-12,MOD5,MULTIPLA,3,1,0,0,25,3.00,0.00,-3.00,-100.0000,,,,,,,,,,,,,,,,
2026-09-08 15:26:18,2026-09-08,SPY_CLOSE_H3,183,,3,,,,,,,207,134,67,2745.00,2044.00,-701.00,-25.5373,122121,14,NC2_W3_gap,89-90-88,DECINA,MULTIPLA,3,1,1,1,88-89-90,3.00,45.00,42.00,1400.0000,,,,,,,,,,,,,,,,
2026-09-08 15:26:18,2026-09-08,SPY_CLOSE_H3,183,,3,,,,,,,207,134,67,2745.00,2044.00,-701.00,-25.5373,122122,67,NC2_W5,1-71-75,ALTRO,MULTIPLA,3,0,0,0,,3.00,0.00,-3.00,-100.0000,,,,,,,,,,,,,,,,
2026-09-08 15:26:18,2026-09-08,SPY_CLOSE_H3,183,,3,,,,,,,207,134,67,2745.00,2044.00,-701.00,-25.5373,122123,34,C1_exact,58-77-62,ALTRO,MULTIPLA,3,1,1,1,58-62-77,3.00,45.00,42.00,1400.0000,,,,,,,,,,,,,,,,
2026-09-08 15:26:18,2026-09-08,SPY_CLOSE_H3,183,,3,,,,,,,207,134,67,2745.00,2044.00,-701.00,-25.5373,122124,45,NC2_W5,35-40-42,MOD5,MULTIPLA,3,1,0,0,42,3.00,0.00,-3.00,-100.0000,,,,,,,,,,,,,,,,
2026-09-08 15:26:18,2026-09-08,SPY_CLOSE_H3,183,,3,,,,,,,207,134,67,2745.00,2044.00,-701.00,-25.5373,122125,69,NC2_W5,51-39-21,ALTRO,MULTIPLA,3,1,1,0,21-51,3.00,0.00,-3.00,-100.0000,,,,,,,,,,,,,,,,
2026-09-08 15:26:18,2026-09-08,SPY_CLOSE_H3,183,,3,,,,,,,207,134,67,2745.00,2044.00,-701.00,-25.5373,122126,20,C1_exact,15-90-87,MOD5,MULTIPLA,3,1,0,0,90,3.00,0.00,-3.00,-100.0000,,,,,,,,,,,,,,,,
2026-09-08 15:26:18,2026-09-08,SPY_CLOSE_H3,183,,3,,,,,,,207,134,67,2745.00,2044.00,-701.00,-25.5373,122127,19,C1_exact,89-85-90,DECINA,MULTIPLA,3,1,1,0,89-90,3.00,0.00,-3.00,-100.0000,,,,,,,,,,,,,,,,
2026-09-08 15:26:18,2026-09-08,SPY_CLOSE_H3,183,,3,,,,,,,207,134,67,2745.00,2044.00,-701.00,-25.5373,122128,15,C1_exact,10-89-88,ALTRO,MULTIPLA,3,1,1,0,88-89,3.00,0.00,-3.00,-100.0000,,,,,,,,,,,,,,,,
2026-09-08 15:26:18,2026-09-08,SPY_CLOSE_H3,183,,3,,,,,,,207,134,67,2745.00,2044.00,-701.00,-25.5373,122129,14,C1_exact,90-89-88,DECINA,MULTIPLA,3,1,1,1,88-89-90,3.00,45.00,42.00,1400.0000,,,,,,,,,,,,,,,,
2026-09-08 15:26:18,2026-09-08,SPY_CLOSE_H2,183,,2,,,,,,,207,134,67,2745.00,2044.00,-701.00,-25.5373,122130,70,C3plus,37-76-43,ALTRO,MULTIPLA,2,1,0,0,37,2.00,0.00,-2.00,-100.0000,,,,,,,,,,,,,,,,
2026-09-08 15:26:18,2026-09-08,SPY_CLOSE_H2,183,,2,,,,,,,207,134,67,2745.00,2044.00,-701.00,-25.5373,122131,80,NC2_W3_gap,55-3-22,ALTRO,MULTIPLA,2,0,0,0,,2.00,0.00,-2.00,-100.0000,,,,,,,,,,,,,,,,
2026-09-08 15:26:18,2026-09-08,SPY_CLOSE_H2,183,,2,,,,,,,207,134,67,2745.00,2044.00,-701.00,-25.5373,122132,66,NC3_W5_gap,25-40-1,ALTRO,MULTIPLA,2,0,0,0,,2.00,0.00,-2.00,-100.0000,,,,,,,,,,,,,,,,
2026-09-08 15:26:18,2026-09-08,SPY_CLOSE_H2,183,,2,,,,,,,207,134,67,2745.00,2044.00,-701.00,-25.5373,122133,24,NC3_W5_gap,16-57-45,ALTRO,MULTIPLA,2,1,0,0,57,2.00,0.00,-2.00,-100.0000,,,,,,,,,,,,,,,,
2026-09-08 15:26:18,2026-09-08,SPY_CLOSE_H2,183,,2,,,,,,,207,134,67,2745.00,2044.00,-701.00,-25.5373,122134,82,C2_exact,26-6-89,ALTRO,MULTIPLA,2,1,1,1,6-26-89,1.00,45.00,44.00,4400.0000,,,,,,,,,,,,,,,,
2026-09-08 15:26:18,2026-09-08,SPY_CLOSE_H2,183,,2,,,,,,,207,134,67,2745.00,2044.00,-701.00,-25.5373,122135,42,NC2_W3_gap,66-72-19,ALTRO,MULTIPLA,2,1,0,0,72,2.00,0.00,-2.00,-100.0000,,,,,,,,,,,,,,,,
2026-09-08 15:26:18,2026-09-08,SPY_CLOSE_H2,183,,2,,,,,,,207,134,67,2745.00,2044.00,-701.00,-25.5373,122136,25,C1_exact,20-90-36,MOD5,MULTIPLA,2,1,0,0,90,2.00,0.00,-2.00,-100.0000,,,,,,,,,,,,,,,,
2026-09-08 15:26:18,2026-09-08,SPY_CLOSE_H2,183,,2,,,,,,,207,134,67,2745.00,2044.00,-701.00,-25.5373,122137,46,NC2_W5,11-22-21,MOD5,MULTIPLA,2,1,0,0,21,2.00,0.00,-2.00,-100.0000,,,,,,,,,,,,,,,,
2026-09-08 15:26:18,2026-09-08,SPY_CLOSE_H2,183,,2,,,,,,,207,134,67,2745.00,2044.00,-701.00,-25.5373,122138,80,C1_exact,3-55-44,ALTRO,MULTIPLA,2,1,0,0,44,2.00,0.00,-2.00,-100.0000,,,,,,,,,,,,,,,,
2026-09-08 15:26:18,2026-09-08,SPY_CLOSE_H2,183,,2,,,,,,,207,134,67,2745.00,2044.00,-701.00,-25.5373,122139,67,NC2_W5,1-71-75,ALTRO,MULTIPLA,2,0,0,0,,2.00,0.00,-2.00,-100.0000,,,,,,,,,,,,,,,,
2026-09-08 15:26:18,2026-09-08,SPY_CLOSE_H2,183,,2,,,,,,,207,134,67,2745.00,2044.00,-701.00,-25.5373,122140,27,C1_exact,7-40-88,ALTRO,MULTIPLA,2,1,0,0,7,2.00,0.00,-2.00,-100.0000,,,,,,,,,,,,,,,,
2026-09-08 15:26:18,2026-09-08,SPY_CLOSE_H2,183,,2,,,,,,,207,134,67,2745.00,2044.00,-701.00,-25.5373,122141,80,NC2_W5,22-88-86,ALTRO,MULTIPLA,2,1,0,0,88,2.00,0.00,-2.00,-100.0000,,,,,,,,,,,,,,,,
2026-09-08 15:26:18,2026-09-08,SPY_CLOSE_H2,183,,2,,,,,,,207,134,67,2745.00,2044.00,-701.00,-25.5373,122142,10,C1_exact,5-90-89,MOD5,MULTIPLA,2,1,1,0,5-89,2.00,0.00,-2.00,-100.0000,,,,,,,,,,,,,,,,
2026-09-08 15:26:18,2026-09-08,SPY_CLOSE_H2,183,,2,,,,,,,207,134,67,2745.00,2044.00,-701.00,-25.5373,122143,3,C1_exact,90-89-9,ALTRO,MULTIPLA,2,1,1,1,9-89-90,2.00,45.00,43.00,2150.0000,,,,,,,,,,,,,,,,
2026-09-08 15:26:18,2026-09-08,SPY_CLOSE_H2,183,,2,,,,,,,207,134,67,2745.00,2044.00,-701.00,-25.5373,122144,24,C1_exact,88-69-87,ALTRO,MULTIPLA,2,1,0,0,88,2.00,0.00,-2.00,-100.0000,,,,,,,,,,,,,,,,
2026-09-08 15:26:18,2026-09-08,SPY_CLOSE_H2,183,,2,,,,,,,207,134,67,2745.00,2044.00,-701.00,-25.5373,122145,4,C1_exact,88-89-90,DECINA,NORMALE,2,1,1,1,88-89-90,2.00,45.00,43.00,2150.0000,,,,,,,,,,,,,,,,
2026-09-08 15:26:18,2026-09-08,SPY_CLOSE_H1,183,,1,,,,,,,207,134,67,2745.00,2044.00,-701.00,-25.5373,122146,82,C3plus,89-5-54,ALTRO,MULTIPLA,1,1,0,0,89,1.00,0.00,-1.00,-100.0000,,,,,,,,,,,,,,,,
2026-09-08 15:26:18,2026-09-08,SPY_CLOSE_H1,183,,1,,,,,,,207,134,67,2745.00,2044.00,-701.00,-25.5373,122147,89,C1_exact,55-70-33,ALTRO,MULTIPLA,1,0,0,0,,1.00,0.00,-1.00,-100.0000,,,,,,,,,,,,,,,,
2026-09-08 15:26:18,2026-09-08,SPY_CLOSE_H1,183,,1,,,,,,,207,134,67,2745.00,2044.00,-701.00,-25.5373,122148,52,NC2_W3_gap,5-8-1,DECINA,MULTIPLA,1,0,0,0,,1.00,0.00,-1.00,-100.0000,,,,,,,,,,,,,,,,
2026-09-08 15:26:18,2026-09-08,SPY_CLOSE_H1,183,,1,,,,,,,207,134,67,2745.00,2044.00,-701.00,-25.5373,122149,79,NC2_W3_gap,32-31-49,ALTRO,MULTIPLA,1,0,0,0,,1.00,0.00,-1.00,-100.0000,,,,,,,,,,,,,,,,
2026-09-08 15:26:18,2026-09-08,SPY_CLOSE_H1,183,,1,,,,,,,207,134,67,2745.00,2044.00,-701.00,-25.5373,122150,44,NC2_W3_gap,6-15-66,ALTRO,MULTIPLA,1,0,0,0,,1.00,0.00,-1.00,-100.0000,,,,,,,,,,,,,,,,
2026-09-08 15:26:18,2026-09-08,SPY_CLOSE_H1,183,,1,,,,,,,207,134,67,2745.00,2044.00,-701.00,-25.5373,122151,32,C2_exact,35-33-13,DECINA,MULTIPLA,1,1,1,0,13-35,1.00,0.00,-1.00,-100.0000,,,,,,,,,,,,,,,,
2026-09-08 15:26:18,2026-09-08,SPY_CLOSE_H1,183,,1,,,,,,,207,134,67,2745.00,2044.00,-701.00,-25.5373,122152,32,NC3_W5_gap,56-1-47,ALTRO,MULTIPLA,1,0,0,0,,1.00,0.00,-1.00,-100.0000,,,,,,,,,,,,,,,,
2026-09-08 15:26:18,2026-09-08,SPY_CLOSE_H1,183,,1,,,,,,,207,134,67,2745.00,2044.00,-701.00,-25.5373,122153,57,NC2_W3_gap,77-64-81,ALTRO,MULTIPLA,1,1,0,0,77,1.00,0.00,-1.00,-100.0000,,,,,,,,,,,,,,,,
2026-09-08 15:26:18,2026-09-08,SPY_CLOSE_H1,183,,1,,,,,,,207,134,67,2745.00,2044.00,-701.00,-25.5373,122154,46,NC2_W5,11-22-21,MOD5,MULTIPLA,1,1,0,0,21,1.00,0.00,-1.00,-100.0000,,,,,,,,,,,,,,,,
2026-09-08 15:26:18,2026-09-08,SPY_CLOSE_H1,183,,1,,,,,,,207,134,67,2745.00,2044.00,-701.00,-25.5373,122155,61,C1_exact,19-59-83,ALTRO,MULTIPLA,1,1,0,0,83,1.00,0.00,-1.00,-100.0000,,,,,,,,,,,,,,,,
2026-09-08 15:26:18,2026-09-08,SPY_CLOSE_H1,183,,1,,,,,,,207,134,67,2745.00,2044.00,-701.00,-25.5373,122156,67,NC2_W5,1-71-75,ALTRO,MULTIPLA,1,0,0,0,,1.00,0.00,-1.00,-100.0000,,,,,,,,,,,,,,,,
2026-09-08 15:26:18,2026-09-08,SPY_CLOSE_H1,183,,1,,,,,,,207,134,67,2745.00,2044.00,-701.00,-25.5373,122157,34,C1_exact,58-77-62,ALTRO,MULTIPLA,1,1,1,1,58-62-77,1.00,45.00,44.00,4400.0000,,,,,,,,,,,,,,,,
2026-09-08 15:26:18,2026-09-08,SPY_CLOSE_H1,183,,1,,,,,,,207,134,67,2745.00,2044.00,-701.00,-25.5373,122158,7,C1_exact,69-89-4,MOD5,MULTIPLA,1,1,0,0,89,1.00,0.00,-1.00,-100.0000,,,,,,,,,,,,,,,,
2026-09-08 15:26:18,2026-09-08,SPY_CLOSE_H1,183,,1,,,,,,,207,134,67,2745.00,2044.00,-701.00,-25.5373,122159,5,NC3_W5_gap,88-86-87,DECINA,MULTIPLA,1,1,0,0,88,1.00,0.00,-1.00,-100.0000,,,,,,,,,,,,,,,,
2026-09-08 15:26:18,2026-09-08,SPY_CLOSE_H1,183,,1,,,,,,,207,134,67,2745.00,2044.00,-701.00,-25.5373,122160,80,NC2_W5,22-88-86,ALTRO,MULTIPLA,1,1,0,0,88,1.00,0.00,-1.00,-100.0000,,,,,,,,,,,,,,,,
2026-09-08 15:26:18,2026-09-08,SPY_CLOSE_H1,183,,1,,,,,,,207,134,67,2745.00,2044.00,-701.00,-25.5373,122161,5,C1_exact,88-87-89,DECINA,MULTIPLA,1,1,1,0,88-89,1.00,0.00,-1.00,-100.0000,,,,,,,,,,,,,,,,
2026-09-08 15:26:18,2026-09-08,SUM9091_LAB_CLOSE,183,2067,10,55,,55-35-36,RAW_SUM_865_REPEAT_FROM_E144_GAP_29_BEST_1_3_H3,,,207,134,67,2745.00,2044.00,-701.00,-25.5373,,,,,,,,,,,,,,,,,,,,,,,,,,,,,,,
2026-09-08 15:26:18,2026-09-08,SPY_OPEN,183,,,,,,,,,207,134,67,2745.00,2044.00,-701.00,-25.5373,122162,90,C1_exact,55-45-24,MOD5,MULTIPLA,,,,,,,,,,,,,,,,,,,,,,,,,
2026-09-08 15:26:18,2026-09-08,SPY_OPEN,183,,,,,,,,,207,134,67,2745.00,2044.00,-701.00,-25.5373,122163,50,C1_exact,45-39-81,ALTRO,MULTIPLA,,,,,,,,,,,,,,,,,,,,,,,,,
2026-09-08 15:26:18,2026-09-08,SPY_OPEN,183,,,,,,,,,207,134,67,2745.00,2044.00,-701.00,-25.5373,122164,32,NC3_W5_gap,56-1-47,ALTRO,MULTIPLA,,,,,,,,,,,,,,,,,,,,,,,,,
2026-09-08 15:26:18,2026-09-08,SPY_OPEN,183,,,,,,,,,207,134,67,2745.00,2044.00,-701.00,-25.5373,122165,35,C1_exact,30-85-48,MOD5,MULTIPLA,,,,,,,,,,,,,,,,,,,,,,,,,
2026-09-08 15:26:18,2026-09-08,SPY_OPEN,183,,,,,,,,,207,134,67,2745.00,2044.00,-701.00,-25.5373,122166,57,C2_exact,55-87-15,ALTRO,MULTIPLA,,,,,,,,,,,,,,,,,,,,,,,,,
2026-09-08 15:26:18,2026-09-08,SPY_OPEN,183,,,,,,,,,207,134,67,2745.00,2044.00,-701.00,-25.5373,122167,58,NC3_W5_gap,35-10-13,ALTRO,MULTIPLA,,,,,,,,,,,,,,,,,,,,,,,,,
2026-09-08 15:26:18,2026-09-08,SPY_OPEN,183,,,,,,,,,207,134,67,2745.00,2044.00,-701.00,-25.5373,122168,57,NC3_W5_gap,73-28-63,MOD5,MULTIPLA,,,,,,,,,,,,,,,,,,,,,,,,,
2026-09-08 15:26:18,2026-09-08,SPY_OPEN,183,,,,,,,,,207,134,67,2745.00,2044.00,-701.00,-25.5373,122169,35,NC2_W5,30-25-12,MOD5,MULTIPLA,,,,,,,,,,,,,,,,,,,,,,,,,
2026-09-08 15:26:18,2026-09-08,SPY_OPEN,183,,,,,,,,,207,134,67,2745.00,2044.00,-701.00,-25.5373,122170,24,NC2_W3_gap,87-3-13,ALTRO,MULTIPLA,,,,,,,,,,,,,,,,,,,,,,,,,
2026-09-08 15:26:18,2026-09-08,SPY_OPEN,183,,,,,,,,,207,134,67,2745.00,2044.00,-701.00,-25.5373,122171,39,NC2_W5,81-25-79,ALTRO,MULTIPLA,,,,,,,,,,,,,,,,,,,,,,,,,
2026-09-08 15:26:18,2026-09-08,SPY_OPEN,183,,,,,,,,,207,134,67,2745.00,2044.00,-701.00,-25.5373,122172,27,C1_exact,7-40-88,ALTRO,MULTIPLA,,,,,,,,,,,,,,,,,,,,,,,,,
2026-09-08 15:26:18,2026-09-08,SPY_OPEN,183,,,,,,,,,207,134,67,2745.00,2044.00,-701.00,-25.5373,122173,29,C1_exact,81-8-77,ALTRO,MULTIPLA,,,,,,,,,,,,,,,,,,,,,,,,,
2026-09-08 15:26:18,2026-09-08,SPY_OPEN,183,,,,,,,,,207,134,67,2745.00,2044.00,-701.00,-25.5373,122174,80,NC2_W5,22-88-86,ALTRO,MULTIPLA,,,,,,,,,,,,,,,,,,,,,,,,,
2026-09-08 15:26:18,2026-09-08,SPY_OPEN,183,,,,,,,,,207,134,67,2745.00,2044.00,-701.00,-25.5373,122175,21,C1_exact,51-88-84,ALTRO,MULTIPLA,,,,,,,,,,,,,,,,,,,,,,,,,
2026-09-08 15:26:18,2026-09-08,SPY_OPEN,183,,,,,,,,,207,134,67,2745.00,2044.00,-701.00,-25.5373,122176,13,C1_exact,89-90-50,ALTRO,MULTIPLA,,,,,,,,,,,,,,,,,,,,,,,,,
2026-09-08 15:26:18,2026-09-08,SPY_OPEN,183,,,,,,,,,207,134,67,2745.00,2044.00,-701.00,-25.5373,122177,24,C1_exact,88-69-87,ALTRO,MULTIPLA,,,,,,,,,,,,,,,,,,,,,,,,,
2026-09-08 15:26:18,2026-09-08,SPY_OPEN,183,,,,,,,,,207,134,67,2745.00,2044.00,-701.00,-25.5373,122178,9,C1_exact,90-62-89,ALTRO,MULTIPLA,,,,,,,,,,,,,,,,,,,,,,,,,
2026-09-08 15:26:18,2026-09-08,SPY_OPEN,183,,,,,,,,,207,134,67,2745.00,2044.00,-701.00,-25.5373,122179,90,NC2_W5,87-89-88,DECINA,NORMALE,,,,,,,,,,,,,,,,,,,,,,,,,
2026-09-08 15:26:18,2026-09-08,SUM9091_LAB_OPEN,183,2072,0,16,,16-74-75,REPEAT_RAW_SUM_1006_FROM_E80_GAP_103_OCC_2,,,207,134,67,2745.00,2044.00,-701.00,-25.5373,,,,,,,,,,,,,,,,,,,,,,,,,,,,,,,
2026-09-08 15:26:20,2026-09-08,SPY_CLOSE_H3,184,,3,,,,,,,207,134,67,2745.00,2044.00,-701.00,-25.5373,122130,70,C3plus,37-76-43,ALTRO,MULTIPLA,3,1,0,0,37,3.00,0.00,-3.00,-100.0000,,,,,,,,,,,,,,,,
2026-09-08 15:26:20,2026-09-08,SPY_CLOSE_H3,184,,3,,,,,,,207,134,67,2745.00,2044.00,-701.00,-25.5373,122131,80,NC2_W3_gap,55-3-22,ALTRO,MULTIPLA,3,0,0,0,,3.00,0.00,-3.00,-100.0000,,,,,,,,,,,,,,,,
2026-09-08 15:26:20,2026-09-08,SPY_CLOSE_H3,184,,3,,,,,,,207,134,67,2745.00,2044.00,-701.00,-25.5373,122132,66,NC3_W5_gap,25-40-1,ALTRO,MULTIPLA,3,1,0,0,1,3.00,0.00,-3.00,-100.0000,,,,,,,,,,,,,,,,
2026-09-08 15:26:20,2026-09-08,SPY_CLOSE_H3,184,,3,,,,,,,207,134,67,2745.00,2044.00,-701.00,-25.5373,122133,24,NC3_W5_gap,16-57-45,ALTRO,MULTIPLA,3,1,0,0,57,3.00,0.00,-3.00,-100.0000,,,,,,,,,,,,,,,,
2026-09-08 15:26:20,2026-09-08,SPY_CLOSE_H3,184,,3,,,,,,,207,134,67,2745.00,2044.00,-701.00,-25.5373,122134,82,C2_exact,26-6-89,ALTRO,MULTIPLA,3,1,1,1,6-26-89,1.00,45.00,44.00,4400.0000,,,,,,,,,,,,,,,,
2026-09-08 15:26:20,2026-09-08,SPY_CLOSE_H3,184,,3,,,,,,,207,134,67,2745.00,2044.00,-701.00,-25.5373,122135,42,NC2_W3_gap,66-72-19,ALTRO,MULTIPLA,3,1,0,0,72,3.00,0.00,-3.00,-100.0000,,,,,,,,,,,,,,,,
2026-09-08 15:26:20,2026-09-08,SPY_CLOSE_H3,184,,3,,,,,,,207,134,67,2745.00,2044.00,-701.00,-25.5373,122136,25,C1_exact,20-90-36,MOD5,MULTIPLA,3,1,1,0,20-90,3.00,0.00,-3.00,-100.0000,,,,,,,,,,,,,,,,
2026-09-08 15:26:20,2026-09-08,SPY_CLOSE_H3,184,,3,,,,,,,207,134,67,2745.00,2044.00,-701.00,-25.5373,122137,46,NC2_W5,11-22-21,MOD5,MULTIPLA,3,1,1,0,11-21,3.00,0.00,-3.00,-100.0000,,,,,,,,,,,,,,,,
2026-09-08 15:26:20,2026-09-08,SPY_CLOSE_H3,184,,3,,,,,,,207,134,67,2745.00,2044.00,-701.00,-25.5373,122138,80,C1_exact,3-55-44,ALTRO,MULTIPLA,3,1,0,0,44,3.00,0.00,-3.00,-100.0000,,,,,,,,,,,,,,,,
2026-09-08 15:26:20,2026-09-08,SPY_CLOSE_H3,184,,3,,,,,,,207,134,67,2745.00,2044.00,-701.00,-25.5373,122139,67,NC2_W5,1-71-75,ALTRO,MULTIPLA,3,1,0,0,1,3.00,0.00,-3.00,-100.0000,,,,,,,,,,,,,,,,
2026-09-08 15:26:20,2026-09-08,SPY_CLOSE_H3,184,,3,,,,,,,207,134,67,2745.00,2044.00,-701.00,-25.5373,122140,27,C1_exact,7-40-88,ALTRO,MULTIPLA,3,1,0,0,7,3.00,0.00,-3.00,-100.0000,,,,,,,,,,,,,,,,
2026-09-08 15:26:20,2026-09-08,SPY_CLOSE_H3,184,,3,,,,,,,207,134,67,2745.00,2044.00,-701.00,-25.5373,122141,80,NC2_W5,22-88-86,ALTRO,MULTIPLA,3,1,0,0,88,3.00,0.00,-3.00,-100.0000,,,,,,,,,,,,,,,,
2026-09-08 15:26:20,2026-09-08,SPY_CLOSE_H3,184,,3,,,,,,,207,134,67,2745.00,2044.00,-701.00,-25.5373,122142,10,C1_exact,5-90-89,MOD5,MULTIPLA,3,1,1,0,5-89,3.00,0.00,-3.00,-100.0000,,,,,,,,,,,,,,,,
2026-09-08 15:26:20,2026-09-08,SPY_CLOSE_H3,184,,3,,,,,,,207,134,67,2745.00,2044.00,-701.00,-25.5373,122143,3,C1_exact,90-89-9,ALTRO,MULTIPLA,3,1,1,1,9-89-90,2.00,45.00,43.00,2150.0000,,,,,,,,,,,,,,,,
2026-09-08 15:26:20,2026-09-08,SPY_CLOSE_H3,184,,3,,,,,,,207,134,67,2745.00,2044.00,-701.00,-25.5373,122144,24,C1_exact,88-69-87,ALTRO,MULTIPLA,3,1,0,0,88,3.00,0.00,-3.00,-100.0000,,,,,,,,,,,,,,,,
2026-09-08 15:26:20,2026-09-08,SPY_CLOSE_H3,184,,3,,,,,,,207,134,67,2745.00,2044.00,-701.00,-25.5373,122145,4,C1_exact,88-89-90,DECINA,NORMALE,3,1,1,1,88-89-90,2.00,45.00,43.00,2150.0000,,,,,,,,,,,,,,,,
2026-09-08 15:26:20,2026-09-08,SPY_CLOSE_H2,184,,2,,,,,,,207,134,67,2745.00,2044.00,-701.00,-25.5373,122146,82,C3plus,89-5-54,ALTRO,MULTIPLA,2,1,0,0,89,2.00,0.00,-2.00,-100.0000,,,,,,,,,,,,,,,,
2026-09-08 15:26:20,2026-09-08,SPY_CLOSE_H2,184,,2,,,,,,,207,134,67,2745.00,2044.00,-701.00,-25.5373,122147,89,C1_exact,55-70-33,ALTRO,MULTIPLA,2,1,0,0,70,2.00,0.00,-2.00,-100.0000,,,,,,,,,,,,,,,,
2026-09-08 15:26:20,2026-09-08,SPY_CLOSE_H2,184,,2,,,,,,,207,134,67,2745.00,2044.00,-701.00,-25.5373,122148,52,NC2_W3_gap,5-8-1,DECINA,MULTIPLA,2,1,0,0,1,2.00,0.00,-2.00,-100.0000,,,,,,,,,,,,,,,,
2026-09-08 15:26:20,2026-09-08,SPY_CLOSE_H2,184,,2,,,,,,,207,134,67,2745.00,2044.00,-701.00,-25.5373,122149,79,NC2_W3_gap,32-31-49,ALTRO,MULTIPLA,2,1,0,0,32,2.00,0.00,-2.00,-100.0000,,,,,,,,,,,,,,,,
2026-09-08 15:26:20,2026-09-08,SPY_CLOSE_H2,184,,2,,,,,,,207,134,67,2745.00,2044.00,-701.00,-25.5373,122150,44,NC2_W3_gap,6-15-66,ALTRO,MULTIPLA,2,0,0,0,,2.00,0.00,-2.00,-100.0000,,,,,,,,,,,,,,,,
2026-09-08 15:26:20,2026-09-08,SPY_CLOSE_H2,184,,2,,,,,,,207,134,67,2745.00,2044.00,-701.00,-25.5373,122151,32,C2_exact,35-33-13,DECINA,MULTIPLA,2,1,1,0,13-35,2.00,0.00,-2.00,-100.0000,,,,,,,,,,,,,,,,
2026-09-08 15:26:20,2026-09-08,SPY_CLOSE_H2,184,,2,,,,,,,207,134,67,2745.00,2044.00,-701.00,-25.5373,122152,32,NC3_W5_gap,56-1-47,ALTRO,MULTIPLA,2,1,0,0,1,2.00,0.00,-2.00,-100.0000,,,,,,,,,,,,,,,,
2026-09-08 15:26:20,2026-09-08,SPY_CLOSE_H2,184,,2,,,,,,,207,134,67,2745.00,2044.00,-701.00,-25.5373,122153,57,NC2_W3_gap,77-64-81,ALTRO,MULTIPLA,2,1,0,0,77,2.00,0.00,-2.00,-100.0000,,,,,,,,,,,,,,,,
2026-09-08 15:26:20,2026-09-08,SPY_CLOSE_H2,184,,2,,,,,,,207,134,67,2745.00,2044.00,-701.00,-25.5373,122154,46,NC2_W5,11-22-21,MOD5,MULTIPLA,2,1,1,0,11-21,2.00,0.00,-2.00,-100.0000,,,,,,,,,,,,,,,,
2026-09-08 15:26:20,2026-09-08,SPY_CLOSE_H2,184,,2,,,,,,,207,134,67,2745.00,2044.00,-701.00,-25.5373,122155,61,C1_exact,19-59-83,ALTRO,MULTIPLA,2,1,0,0,83,2.00,0.00,-2.00,-100.0000,,,,,,,,,,,,,,,,
2026-09-08 15:26:20,2026-09-08,SPY_CLOSE_H2,184,,2,,,,,,,207,134,67,2745.00,2044.00,-701.00,-25.5373,122156,67,NC2_W5,1-71-75,ALTRO,MULTIPLA,2,1,0,0,1,2.00,0.00,-2.00,-100.0000,,,,,,,,,,,,,,,,
2026-09-08 15:26:20,2026-09-08,SPY_CLOSE_H2,184,,2,,,,,,,207,134,67,2745.00,2044.00,-701.00,-25.5373,122157,34,C1_exact,58-77-62,ALTRO,MULTIPLA,2,1,1,1,58-62-77,1.00,45.00,44.00,4400.0000,,,,,,,,,,,,,,,,
2026-09-08 15:26:20,2026-09-08,SPY_CLOSE_H2,184,,2,,,,,,,207,134,67,2745.00,2044.00,-701.00,-25.5373,122158,7,C1_exact,69-89-4,MOD5,MULTIPLA,2,1,0,0,89,2.00,0.00,-2.00,-100.0000,,,,,,,,,,,,,,,,
2026-09-08 15:26:20,2026-09-08,SPY_CLOSE_H2,184,,2,,,,,,,207,134,67,2745.00,2044.00,-701.00,-25.5373,122159,5,NC3_W5_gap,88-86-87,DECINA,MULTIPLA,2,1,0,0,88,2.00,0.00,-2.00,-100.0000,,,,,,,,,,,,,,,,
2026-09-08 15:26:20,2026-09-08,SPY_CLOSE_H2,184,,2,,,,,,,207,134,67,2745.00,2044.00,-701.00,-25.5373,122160,80,NC2_W5,22-88-86,ALTRO,MULTIPLA,2,1,0,0,88,2.00,0.00,-2.00,-100.0000,,,,,,,,,,,,,,,,
2026-09-08 15:26:20,2026-09-08,SPY_CLOSE_H2,184,,2,,,,,,,207,134,67,2745.00,2044.00,-701.00,-25.5373,122161,5,C1_exact,88-87-89,DECINA,MULTIPLA,2,1,1,0,88-89,2.00,0.00,-2.00,-100.0000,,,,,,,,,,,,,,,,
2026-09-08 15:26:20,2026-09-08,SPY_CLOSE_H1,184,,1,,,,,,,207,134,67,2745.00,2044.00,-701.00,-25.5373,122162,90,C1_exact,55-45-24,MOD5,MULTIPLA,1,0,0,0,,1.00,0.00,-1.00,-100.0000,,,,,,,,,,,,,,,,
2026-09-08 15:26:20,2026-09-08,SPY_CLOSE_H1,184,,1,,,,,,,207,134,67,2745.00,2044.00,-701.00,-25.5373,122163,50,C1_exact,45-39-81,ALTRO,MULTIPLA,1,0,0,0,,1.00,0.00,-1.00,-100.0000,,,,,,,,,,,,,,,,
2026-09-08 15:26:20,2026-09-08,SPY_CLOSE_H1,184,,1,,,,,,,207,134,67,2745.00,2044.00,-701.00,-25.5373,122164,32,NC3_W5_gap,56-1-47,ALTRO,MULTIPLA,1,1,0,0,1,1.00,0.00,-1.00,-100.0000,,,,,,,,,,,,,,,,
2026-09-08 15:26:20,2026-09-08,SPY_CLOSE_H1,184,,1,,,,,,,207,134,67,2745.00,2044.00,-701.00,-25.5373,122165,35,C1_exact,30-85-48,MOD5,MULTIPLA,1,1,0,0,85,1.00,0.00,-1.00,-100.0000,,,,,,,,,,,,,,,,
2026-09-08 15:26:20,2026-09-08,SPY_CLOSE_H1,184,,1,,,,,,,207,134,67,2745.00,2044.00,-701.00,-25.5373,122166,57,C2_exact,55-87-15,ALTRO,MULTIPLA,1,0,0,0,,1.00,0.00,-1.00,-100.0000,,,,,,,,,,,,,,,,
2026-09-08 15:26:20,2026-09-08,SPY_CLOSE_H1,184,,1,,,,,,,207,134,67,2745.00,2044.00,-701.00,-25.5373,122167,58,NC3_W5_gap,35-10-13,ALTRO,MULTIPLA,1,1,1,0,10-13,1.00,0.00,-1.00,-100.0000,,,,,,,,,,,,,,,,
2026-09-08 15:26:20,2026-09-08,SPY_CLOSE_H1,184,,1,,,,,,,207,134,67,2745.00,2044.00,-701.00,-25.5373,122168,57,NC3_W5_gap,73-28-63,MOD5,MULTIPLA,1,0,0,0,,1.00,0.00,-1.00,-100.0000,,,,,,,,,,,,,,,,
2026-09-08 15:26:20,2026-09-08,SPY_CLOSE_H1,184,,1,,,,,,,207,134,67,2745.00,2044.00,-701.00,-25.5373,122169,35,NC2_W5,30-25-12,MOD5,MULTIPLA,1,0,0,0,,1.00,0.00,-1.00,-100.0000,,,,,,,,,,,,,,,,
2026-09-08 15:26:20,2026-09-08,SPY_CLOSE_H1,184,,1,,,,,,,207,134,67,2745.00,2044.00,-701.00,-25.5373,122170,24,NC2_W3_gap,87-3-13,ALTRO,MULTIPLA,1,1,0,0,13,1.00,0.00,-1.00,-100.0000,,,,,,,,,,,,,,,,
2026-09-08 15:26:20,2026-09-08,SPY_CLOSE_H1,184,,1,,,,,,,207,134,67,2745.00,2044.00,-701.00,-25.5373,122171,39,NC2_W5,81-25-79,ALTRO,MULTIPLA,1,1,0,0,79,1.00,0.00,-1.00,-100.0000,,,,,,,,,,,,,,,,
2026-09-08 15:26:20,2026-09-08,SPY_CLOSE_H1,184,,1,,,,,,,207,134,67,2745.00,2044.00,-701.00,-25.5373,122172,27,C1_exact,7-40-88,ALTRO,MULTIPLA,1,0,0,0,,1.00,0.00,-1.00,-100.0000,,,,,,,,,,,,,,,,
2026-09-08 15:26:20,2026-09-08,SPY_CLOSE_H1,184,,1,,,,,,,207,134,67,2745.00,2044.00,-701.00,-25.5373,122173,29,C1_exact,81-8-77,ALTRO,MULTIPLA,1,0,0,0,,1.00,0.00,-1.00,-100.0000,,,,,,,,,,,,,,,,
2026-09-08 15:26:20,2026-09-08,SPY_CLOSE_H1,184,,1,,,,,,,207,134,67,2745.00,2044.00,-701.00,-25.5373,122174,80,NC2_W5,22-88-86,ALTRO,MULTIPLA,1,0,0,0,,1.00,0.00,-1.00,-100.0000,,,,,,,,,,,,,,,,
2026-09-08 15:26:20,2026-09-08,SPY_CLOSE_H1,184,,1,,,,,,,207,134,67,2745.00,2044.00,-701.00,-25.5373,122175,21,C1_exact,51-88-84,ALTRO,MULTIPLA,1,1,0,0,51,1.00,0.00,-1.00,-100.0000,,,,,,,,,,,,,,,,
2026-09-08 15:26:20,2026-09-08,SPY_CLOSE_H1,184,,1,,,,,,,207,134,67,2745.00,2044.00,-701.00,-25.5373,122176,13,C1_exact,89-90-50,ALTRO,MULTIPLA,1,1,0,0,90,1.00,0.00,-1.00,-100.0000,,,,,,,,,,,,,,,,
2026-09-08 15:26:20,2026-09-08,SPY_CLOSE_H1,184,,1,,,,,,,207,134,67,2745.00,2044.00,-701.00,-25.5373,122177,24,C1_exact,88-69-87,ALTRO,MULTIPLA,1,1,0,0,69,1.00,0.00,-1.00,-100.0000,,,,,,,,,,,,,,,,
2026-09-08 15:26:20,2026-09-08,SPY_CLOSE_H1,184,,1,,,,,,,207,134,67,2745.00,2044.00,-701.00,-25.5373,122178,9,C1_exact,90-62-89,ALTRO,MULTIPLA,1,1,0,0,90,1.00,0.00,-1.00,-100.0000,,,,,,,,,,,,,,,,
2026-09-08 15:26:20,2026-09-08,SPY_CLOSE_H1,184,,1,,,,,,,207,134,67,2745.00,2044.00,-701.00,-25.5373,122179,90,NC2_W5,87-89-88,DECINA,NORMALE,1,0,0,0,,1.00,0.00,-1.00,-100.0000,,,,,,,,,,,,,,,,
2026-09-08 15:26:20,2026-09-08,SPY_OPEN,184,,,,,,,,,207,134,67,2745.00,2044.00,-701.00,-25.5373,122180,26,NC2_W3_gap,19-27-14,ALTRO,MULTIPLA,,,,,,,,,,,,,,,,,,,,,,,,,
2026-09-08 15:26:20,2026-09-08,SPY_OPEN,184,,,,,,,,,207,134,67,2745.00,2044.00,-701.00,-25.5373,122181,52,NC2_W3_gap,5-8-1,DECINA,MULTIPLA,,,,,,,,,,,,,,,,,,,,,,,,,
2026-09-08 15:26:20,2026-09-08,SPY_OPEN,184,,,,,,,,,207,134,67,2745.00,2044.00,-701.00,-25.5373,122182,79,NC2_W3_gap,32-31-49,ALTRO,MULTIPLA,,,,,,,,,,,,,,,,,,,,,,,,,
2026-09-08 15:26:20,2026-09-08,SPY_OPEN,184,,,,,,,,,207,134,67,2745.00,2044.00,-701.00,-25.5373,122183,21,C2_exact,40-12-25,ALTRO,MULTIPLA,,,,,,,,,,,,,,,,,,,,,,,,,
2026-09-08 15:26:20,2026-09-08,SPY_OPEN,184,,,,,,,,,207,134,67,2745.00,2044.00,-701.00,-25.5373,122184,13,C2_exact,43-61-70,ALTRO,MULTIPLA,,,,,,,,,,,,,,,,,,,,,,,,,
2026-09-08 15:26:20,2026-09-08,SPY_OPEN,184,,,,,,,,,207,134,67,2745.00,2044.00,-701.00,-25.5373,122185,32,NC3_W5_gap,56-1-47,ALTRO,MULTIPLA,,,,,,,,,,,,,,,,,,,,,,,,,
2026-09-08 15:26:20,2026-09-08,SPY_OPEN,184,,,,,,,,,207,134,67,2745.00,2044.00,-701.00,-25.5373,122186,58,NC3_W5_gap,35-10-13,ALTRO,MULTIPLA,,,,,,,,,,,,,,,,,,,,,,,,,
2026-09-08 15:26:20,2026-09-08,SPY_OPEN,184,,,,,,,,,207,134,67,2745.00,2044.00,-701.00,-25.5373,122187,85,C1_exact,55-49-48,ALTRO,MULTIPLA,,,,,,,,,,,,,,,,,,,,,,,,,
2026-09-08 15:26:20,2026-09-08,SPY_OPEN,184,,,,,,,,,207,134,67,2745.00,2044.00,-701.00,-25.5373,122188,10,NC2_W5,5-1-23,DECINA,MULTIPLA,,,,,,,,,,,,,,,,,,,,,,,,,
2026-09-08 15:26:20,2026-09-08,SPY_OPEN,184,,,,,,,,,207,134,67,2745.00,2044.00,-701.00,-25.5373,122189,57,NC3_W5_gap,73-28-63,MOD5,MULTIPLA,,,,,,,,,,,,,,,,,,,,,,,,,
2026-09-08 15:26:20,2026-09-08,SPY_OPEN,184,,,,,,,,,207,134,67,2745.00,2044.00,-701.00,-25.5373,122190,80,C1_exact,3-55-44,ALTRO,MULTIPLA,,,,,,,,,,,,,,,,,,,,,,,,,
2026-09-08 15:26:20,2026-09-08,SPY_OPEN,184,,,,,,,,,207,134,67,2745.00,2044.00,-701.00,-25.5373,122191,69,NC2_W5,51-39-21,ALTRO,MULTIPLA,,,,,,,,,,,,,,,,,,,,,,,,,
2026-09-08 15:26:20,2026-09-08,SPY_OPEN,184,,,,,,,,,207,134,67,2745.00,2044.00,-701.00,-25.5373,122192,20,C1_exact,15-90-87,MOD5,MULTIPLA,,,,,,,,,,,,,,,,,,,,,,,,,
2026-09-08 15:26:20,2026-09-08,SPY_OPEN,184,,,,,,,,,207,134,67,2745.00,2044.00,-701.00,-25.5373,122193,80,NC2_W5,22-88-86,ALTRO,MULTIPLA,,,,,,,,,,,,,,,,,,,,,,,,,
2026-09-08 15:26:20,2026-09-08,SPY_OPEN,184,,,,,,,,,207,134,67,2745.00,2044.00,-701.00,-25.5373,122194,23,C1_exact,88-57-14,ALTRO,MULTIPLA,,,,,,,,,,,,,,,,,,,,,,,,,
2026-09-08 15:26:20,2026-09-08,SPY_OPEN,184,,,,,,,,,207,134,67,2745.00,2044.00,-701.00,-25.5373,122195,10,C1_exact,5-90-89,MOD5,MULTIPLA,,,,,,,,,,,,,,,,,,,,,,,,,
2026-09-08 15:26:20,2026-09-08,SPY_OPEN,184,,,,,,,,,207,134,67,2745.00,2044.00,-701.00,-25.5373,122196,11,C1_exact,90-88-86,DECINA,MULTIPLA,,,,,,,,,,,,,,,,,,,,,,,,,
2026-09-08 15:26:20,2026-09-08,SPY_OPEN,184,,,,,,,,,207,134,67,2745.00,2044.00,-701.00,-25.5373,122197,17,C1_exact,90-86-88,DECINA,MULTIPLA,,,,,,,,,,,,,,,,,,,,,,,,,
2026-09-08 15:26:20,2026-09-08,SPY_OPEN,184,,,,,,,,,207,134,67,2745.00,2044.00,-701.00,-25.5373,122198,14,C1_exact,90-89-88,DECINA,MULTIPLA,,,,,,,,,,,,,,,,,,,,,,,,,
2026-09-08 15:26:20,2026-09-08,SPY_OPEN,184,,,,,,,,,207,134,67,2745.00,2044.00,-701.00,-25.5373,122199,1,C1_exact,86-90-85,DECINA,MULTIPLA,,,,,,,,,,,,,,,,,,,,,,,,,
2026-09-08 15:26:20,2026-09-08,SPY_CLOSE_H3,185,,3,,,,,,,207,134,67,2745.00,2044.00,-701.00,-25.5373,122146,82,C3plus,89-5-54,ALTRO,MULTIPLA,3,1,0,0,89,3.00,0.00,-3.00,-100.0000,,,,,,,,,,,,,,,,
2026-09-08 15:26:20,2026-09-08,SPY_CLOSE_H3,185,,3,,,,,,,207,134,67,2745.00,2044.00,-701.00,-25.5373,122147,89,C1_exact,55-70-33,ALTRO,MULTIPLA,3,1,0,0,70,3.00,0.00,-3.00,-100.0000,,,,,,,,,,,,,,,,
2026-09-08 15:26:20,2026-09-08,SPY_CLOSE_H3,185,,3,,,,,,,207,134,67,2745.00,2044.00,-701.00,-25.5373,122148,52,NC2_W3_gap,5-8-1,DECINA,MULTIPLA,3,1,0,0,1,3.00,0.00,-3.00,-100.0000,,,,,,,,,,,,,,,,
2026-09-08 15:26:20,2026-09-08,SPY_CLOSE_H3,185,,3,,,,,,,207,134,67,2745.00,2044.00,-701.00,-25.5373,122149,79,NC2_W3_gap,32-31-49,ALTRO,MULTIPLA,3,1,0,0,32,3.00,0.00,-3.00,-100.0000,,,,,,,,,,,,,,,,
2026-09-08 15:26:20,2026-09-08,SPY_CLOSE_H3,185,,3,,,,,,,207,134,67,2745.00,2044.00,-701.00,-25.5373,122150,44,NC2_W3_gap,6-15-66,ALTRO,MULTIPLA,3,1,0,0,66,3.00,0.00,-3.00,-100.0000,,,,,,,,,,,,,,,,
2026-09-08 15:26:20,2026-09-08,SPY_CLOSE_H3,185,,3,,,,,,,207,134,67,2745.00,2044.00,-701.00,-25.5373,122151,32,C2_exact,35-33-13,DECINA,MULTIPLA,3,1,1,0,13-35,3.00,0.00,-3.00,-100.0000,,,,,,,,,,,,,,,,
2026-09-08 15:26:20,2026-09-08,SPY_CLOSE_H3,185,,3,,,,,,,207,134,67,2745.00,2044.00,-701.00,-25.5373,122152,32,NC3_W5_gap,56-1-47,ALTRO,MULTIPLA,3,1,0,0,1,3.00,0.00,-3.00,-100.0000,,,,,,,,,,,,,,,,
2026-09-08 15:26:20,2026-09-08,SPY_CLOSE_H3,185,,3,,,,,,,207,134,67,2745.00,2044.00,-701.00,-25.5373,122153,57,NC2_W3_gap,77-64-81,ALTRO,MULTIPLA,3,1,0,0,77,3.00,0.00,-3.00,-100.0000,,,,,,,,,,,,,,,,
2026-09-08 15:26:20,2026-09-08,SPY_CLOSE_H3,185,,3,,,,,,,207,134,67,2745.00,2044.00,-701.00,-25.5373,122154,46,NC2_W5,11-22-21,MOD5,MULTIPLA,3,1,1,0,11-21,3.00,0.00,-3.00,-100.0000,,,,,,,,,,,,,,,,
2026-09-08 15:26:20,2026-09-08,SPY_CLOSE_H3,185,,3,,,,,,,207,134,67,2745.00,2044.00,-701.00,-25.5373,122155,61,C1_exact,19-59-83,ALTRO,MULTIPLA,3,1,0,0,83,3.00,0.00,-3.00,-100.0000,,,,,,,,,,,,,,,,
2026-09-08 15:26:20,2026-09-08,SPY_CLOSE_H3,185,,3,,,,,,,207,134,67,2745.00,2044.00,-701.00,-25.5373,122156,67,NC2_W5,1-71-75,ALTRO,MULTIPLA,3,1,1,1,1-71-75,3.00,45.00,42.00,1400.0000,,,,,,,,,,,,,,,,
2026-09-08 15:26:20,2026-09-08,SPY_CLOSE_H3,185,,3,,,,,,,207,134,67,2745.00,2044.00,-701.00,-25.5373,122157,34,C1_exact,58-77-62,ALTRO,MULTIPLA,3,1,1,1,58-62-77,1.00,45.00,44.00,4400.0000,,,,,,,,,,,,,,,,
2026-09-08 15:26:20,2026-09-08,SPY_CLOSE_H3,185,,3,,,,,,,207,134,67,2745.00,2044.00,-701.00,-25.5373,122158,7,C1_exact,69-89-4,MOD5,MULTIPLA,3,1,0,0,89,3.00,0.00,-3.00,-100.0000,,,,,,,,,,,,,,,,
2026-09-08 15:26:20,2026-09-08,SPY_CLOSE_H3,185,,3,,,,,,,207,134,67,2745.00,2044.00,-701.00,-25.5373,122159,5,NC3_W5_gap,88-86-87,DECINA,MULTIPLA,3,1,0,0,88,3.00,0.00,-3.00,-100.0000,,,,,,,,,,,,,,,,
2026-09-08 15:26:20,2026-09-08,SPY_CLOSE_H3,185,,3,,,,,,,207,134,67,2745.00,2044.00,-701.00,-25.5373,122160,80,NC2_W5,22-88-86,ALTRO,MULTIPLA,3,1,0,0,88,3.00,0.00,-3.00,-100.0000,,,,,,,,,,,,,,,,
2026-09-08 15:26:20,2026-09-08,SPY_CLOSE_H3,185,,3,,,,,,,207,134,67,2745.00,2044.00,-701.00,-25.5373,122161,5,C1_exact,88-87-89,DECINA,MULTIPLA,3,1,1,0,88-89,3.00,0.00,-3.00,-100.0000,,,,,,,,,,,,,,,,
2026-09-08 15:26:20,2026-09-08,SPY_CLOSE_H2,185,,2,,,,,,,207,134,67,2745.00,2044.00,-701.00,-25.5373,122162,90,C1_exact,55-45-24,MOD5,MULTIPLA,2,0,0,0,,2.00,0.00,-2.00,-100.0000,,,,,,,,,,,,,,,,
2026-09-08 15:26:20,2026-09-08,SPY_CLOSE_H2,185,,2,,,,,,,207,134,67,2745.00,2044.00,-701.00,-25.5373,122163,50,C1_exact,45-39-81,ALTRO,MULTIPLA,2,0,0,0,,2.00,0.00,-2.00,-100.0000,,,,,,,,,,,,,,,,
2026-09-08 15:26:20,2026-09-08,SPY_CLOSE_H2,185,,2,,,,,,,207,134,67,2745.00,2044.00,-701.00,-25.5373,122164,32,NC3_W5_gap,56-1-47,ALTRO,MULTIPLA,2,1,0,0,1,2.00,0.00,-2.00,-100.0000,,,,,,,,,,,,,,,,
2026-09-08 15:26:20,2026-09-08,SPY_CLOSE_H2,185,,2,,,,,,,207,134,67,2745.00,2044.00,-701.00,-25.5373,122165,35,C1_exact,30-85-48,MOD5,MULTIPLA,2,1,0,0,85,2.00,0.00,-2.00,-100.0000,,,,,,,,,,,,,,,,
2026-09-08 15:26:20,2026-09-08,SPY_CLOSE_H2,185,,2,,,,,,,207,134,67,2745.00,2044.00,-701.00,-25.5373,122166,57,C2_exact,55-87-15,ALTRO,MULTIPLA,2,0,0,0,,2.00,0.00,-2.00,-100.0000,,,,,,,,,,,,,,,,
2026-09-08 15:26:20,2026-09-08,SPY_CLOSE_H2,185,,2,,,,,,,207,134,67,2745.00,2044.00,-701.00,-25.5373,122167,58,NC3_W5_gap,35-10-13,ALTRO,MULTIPLA,2,1,1,0,10-13,2.00,0.00,-2.00,-100.0000,,,,,,,,,,,,,,,,
2026-09-08 15:26:20,2026-09-08,SPY_CLOSE_H2,185,,2,,,,,,,207,134,67,2745.00,2044.00,-701.00,-25.5373,122168,57,NC3_W5_gap,73-28-63,MOD5,MULTIPLA,2,1,0,0,63,2.00,0.00,-2.00,-100.0000,,,,,,,,,,,,,,,,
2026-09-08 15:26:20,2026-09-08,SPY_CLOSE_H2,185,,2,,,,,,,207,134,67,2745.00,2044.00,-701.00,-25.5373,122169,35,NC2_W5,30-25-12,MOD5,MULTIPLA,2,1,1,0,25-30,2.00,0.00,-2.00,-100.0000,,,,,,,,,,,,,,,,
2026-09-08 15:26:20,2026-09-08,SPY_CLOSE_H2,185,,2,,,,,,,207,134,67,2745.00,2044.00,-701.00,-25.5373,122170,24,NC2_W3_gap,87-3-13,ALTRO,MULTIPLA,2,1,0,0,13,2.00,0.00,-2.00,-100.0000,,,,,,,,,,,,,,,,
2026-09-08 15:26:20,2026-09-08,SPY_CLOSE_H2,185,,2,,,,,,,207,134,67,2745.00,2044.00,-701.00,-25.5373,122171,39,NC2_W5,81-25-79,ALTRO,MULTIPLA,2,1,0,0,79,2.00,0.00,-2.00,-100.0000,,,,,,,,,,,,,,,,
2026-09-08 15:26:20,2026-09-08,SPY_CLOSE_H2,185,,2,,,,,,,207,134,67,2745.00,2044.00,-701.00,-25.5373,122172,27,C1_exact,7-40-88,ALTRO,MULTIPLA,2,0,0,0,,2.00,0.00,-2.00,-100.0000,,,,,,,,,,,,,,,,
2026-09-08 15:26:20,2026-09-08,SPY_CLOSE_H2,185,,2,,,,,,,207,134,67,2745.00,2044.00,-701.00,-25.5373,122173,29,C1_exact,81-8-77,ALTRO,MULTIPLA,2,0,0,0,,2.00,0.00,-2.00,-100.0000,,,,,,,,,,,,,,,,
2026-09-08 15:26:20,2026-09-08,SPY_CLOSE_H2,185,,2,,,,,,,207,134,67,2745.00,2044.00,-701.00,-25.5373,122174,80,NC2_W5,22-88-86,ALTRO,MULTIPLA,2,0,0,0,,2.00,0.00,-2.00,-100.0000,,,,,,,,,,,,,,,,
2026-09-08 15:26:20,2026-09-08,SPY_CLOSE_H2,185,,2,,,,,,,207,134,67,2745.00,2044.00,-701.00,-25.5373,122175,21,C1_exact,51-88-84,ALTRO,MULTIPLA,2,1,0,0,51,2.00,0.00,-2.00,-100.0000,,,,,,,,,,,,,,,,
2026-09-08 15:26:20,2026-09-08,SPY_CLOSE_H2,185,,2,,,,,,,207,134,67,2745.00,2044.00,-701.00,-25.5373,122176,13,C1_exact,89-90-50,ALTRO,MULTIPLA,2,1,0,0,90,2.00,0.00,-2.00,-100.0000,,,,,,,,,,,,,,,,
2026-09-08 15:26:20,2026-09-08,SPY_CLOSE_H2,185,,2,,,,,,,207,134,67,2745.00,2044.00,-701.00,-25.5373,122177,24,C1_exact,88-69-87,ALTRO,MULTIPLA,2,1,0,0,69,2.00,0.00,-2.00,-100.0000,,,,,,,,,,,,,,,,
2026-09-08 15:26:20,2026-09-08,SPY_CLOSE_H2,185,,2,,,,,,,207,134,67,2745.00,2044.00,-701.00,-25.5373,122178,9,C1_exact,90-62-89,ALTRO,MULTIPLA,2,1,0,0,90,2.00,0.00,-2.00,-100.0000,,,,,,,,,,,,,,,,
2026-09-08 15:26:20,2026-09-08,SPY_CLOSE_H2,185,,2,,,,,,,207,134,67,2745.00,2044.00,-701.00,-25.5373,122179,90,NC2_W5,87-89-88,DECINA,NORMALE,2,0,0,0,,2.00,0.00,-2.00,-100.0000,,,,,,,,,,,,,,,,
2026-09-08 15:26:20,2026-09-08,SPY_CLOSE_H1,185,,1,,,,,,,207,134,67,2745.00,2044.00,-701.00,-25.5373,122180,26,NC2_W3_gap,19-27-14,ALTRO,MULTIPLA,1,0,0,0,,1.00,0.00,-1.00,-100.0000,,,,,,,,,,,,,,,,
2026-09-08 15:26:20,2026-09-08,SPY_CLOSE_H1,185,,1,,,,,,,207,134,67,2745.00,2044.00,-701.00,-25.5373,122181,52,NC2_W3_gap,5-8-1,DECINA,MULTIPLA,1,1,0,0,1,1.00,0.00,-1.00,-100.0000,,,,,,,,,,,,,,,,
2026-09-08 15:26:20,2026-09-08,SPY_CLOSE_H1,185,,1,,,,,,,207,134,67,2745.00,2044.00,-701.00,-25.5373,122182,79,NC2_W3_gap,32-31-49,ALTRO,MULTIPLA,1,1,0,0,49,1.00,0.00,-1.00,-100.0000,,,,,,,,,,,,,,,,
2026-09-08 15:26:20,2026-09-08,SPY_CLOSE_H1,185,,1,,,,,,,207,134,67,2745.00,2044.00,-701.00,-25.5373,122183,21,C2_exact,40-12-25,ALTRO,MULTIPLA,1,1,0,0,25,1.00,0.00,-1.00,-100.0000,,,,,,,,,,,,,,,,
2026-09-08 15:26:20,2026-09-08,SPY_CLOSE_H1,185,,1,,,,,,,207,134,67,2745.00,2044.00,-701.00,-25.5373,122184,13,C2_exact,43-61-70,ALTRO,MULTIPLA,1,0,0,0,,1.00,0.00,-1.00,-100.0000,,,,,,,,,,,,,,,,
2026-09-08 15:26:20,2026-09-08,SPY_CLOSE_H1,185,,1,,,,,,,207,134,67,2745.00,2044.00,-701.00,-25.5373,122185,32,NC3_W5_gap,56-1-47,ALTRO,MULTIPLA,1,1,0,0,1,1.00,0.00,-1.00,-100.0000,,,,,,,,,,,,,,,,
2026-09-08 15:26:20,2026-09-08,SPY_CLOSE_H1,185,,1,,,,,,,207,134,67,2745.00,2044.00,-701.00,-25.5373,122186,58,NC3_W5_gap,35-10-13,ALTRO,MULTIPLA,1,0,0,0,,1.00,0.00,-1.00,-100.0000,,,,,,,,,,,,,,,,
2026-09-08 15:26:20,2026-09-08,SPY_CLOSE_H1,185,,1,,,,,,,207,134,67,2745.00,2044.00,-701.00,-25.5373,122187,85,C1_exact,55-49-48,ALTRO,MULTIPLA,1,1,0,0,49,1.00,0.00,-1.00,-100.0000,,,,,,,,,,,,,,,,
2026-09-08 15:26:20,2026-09-08,SPY_CLOSE_H1,185,,1,,,,,,,207,134,67,2745.00,2044.00,-701.00,-25.5373,122188,10,NC2_W5,5-1-23,DECINA,MULTIPLA,1,1,1,0,1-23,1.00,0.00,-1.00,-100.0000,,,,,,,,,,,,,,,,
2026-09-08 15:26:20,2026-09-08,SPY_CLOSE_H1,185,,1,,,,,,,207,134,67,2745.00,2044.00,-701.00,-25.5373,122189,57,NC3_W5_gap,73-28-63,MOD5,MULTIPLA,1,1,0,0,63,1.00,0.00,-1.00,-100.0000,,,,,,,,,,,,,,,,
2026-09-08 15:26:20,2026-09-08,SPY_CLOSE_H1,185,,1,,,,,,,207,134,67,2745.00,2044.00,-701.00,-25.5373,122190,80,C1_exact,3-55-44,ALTRO,MULTIPLA,1,0,0,0,,1.00,0.00,-1.00,-100.0000,,,,,,,,,,,,,,,,
2026-09-08 15:26:20,2026-09-08,SPY_CLOSE_H1,185,,1,,,,,,,207,134,67,2745.00,2044.00,-701.00,-25.5373,122191,69,NC2_W5,51-39-21,ALTRO,MULTIPLA,1,0,0,0,,1.00,0.00,-1.00,-100.0000,,,,,,,,,,,,,,,,
2026-09-08 15:26:20,2026-09-08,SPY_CLOSE_H1,185,,1,,,,,,,207,134,67,2745.00,2044.00,-701.00,-25.5373,122192,20,C1_exact,15-90-87,MOD5,MULTIPLA,1,0,0,0,,1.00,0.00,-1.00,-100.0000,,,,,,,,,,,,,,,,
2026-09-08 15:26:20,2026-09-08,SPY_CLOSE_H1,185,,1,,,,,,,207,134,67,2745.00,2044.00,-701.00,-25.5373,122193,80,NC2_W5,22-88-86,ALTRO,MULTIPLA,1,0,0,0,,1.00,0.00,-1.00,-100.0000,,,,,,,,,,,,,,,,
2026-09-08 15:26:20,2026-09-08,SPY_CLOSE_H1,185,,1,,,,,,,207,134,67,2745.00,2044.00,-701.00,-25.5373,122194,23,C1_exact,88-57-14,ALTRO,MULTIPLA,1,0,0,0,,1.00,0.00,-1.00,-100.0000,,,,,,,,,,,,,,,,
2026-09-08 15:26:20,2026-09-08,SPY_CLOSE_H1,185,,1,,,,,,,207,134,67,2745.00,2044.00,-701.00,-25.5373,122195,10,C1_exact,5-90-89,MOD5,MULTIPLA,1,0,0,0,,1.00,0.00,-1.00,-100.0000,,,,,,,,,,,,,,,,
2026-09-08 15:26:20,2026-09-08,SPY_CLOSE_H1,185,,1,,,,,,,207,134,67,2745.00,2044.00,-701.00,-25.5373,122196,11,C1_exact,90-88-86,DECINA,MULTIPLA,1,0,0,0,,1.00,0.00,-1.00,-100.0000,,,,,,,,,,,,,,,,
2026-09-08 15:26:20,2026-09-08,SPY_CLOSE_H1,185,,1,,,,,,,207,134,67,2745.00,2044.00,-701.00,-25.5373,122197,17,C1_exact,90-86-88,DECINA,MULTIPLA,1,0,0,0,,1.00,0.00,-1.00,-100.0000,,,,,,,,,,,,,,,,
2026-09-08 15:26:20,2026-09-08,SPY_CLOSE_H1,185,,1,,,,,,,207,134,67,2745.00,2044.00,-701.00,-25.5373,122198,14,C1_exact,90-89-88,DECINA,MULTIPLA,1,0,0,0,,1.00,0.00,-1.00,-100.0000,,,,,,,,,,,,,,,,
2026-09-08 15:26:20,2026-09-08,SPY_CLOSE_H1,185,,1,,,,,,,207,134,67,2745.00,2044.00,-701.00,-25.5373,122199,1,C1_exact,86-90-85,DECINA,MULTIPLA,1,0,0,0,,1.00,0.00,-1.00,-100.0000,,,,,,,,,,,,,,,,
2026-09-08 15:26:20,2026-09-08,SUM9091_LAB_CLOSE,185,2068,10,23,,23-67-68,RAW_SUM_743_REPEAT_FROM_E85_GAP_90_BEST_2_3_H3,,,207,134,67,2745.00,2044.00,-701.00,-25.5373,,,,,,,,,,,,,,,,,,,,,,,,,,,,,,,
2026-09-08 15:26:20,2026-09-08,SPY_OPEN,185,,,,,,,,,207,134,67,2745.00,2044.00,-701.00,-25.5373,122200,32,NC3_W5_gap,56-1-47,ALTRO,MULTIPLA,,,,,,,,,,,,,,,,,,,,,,,,,
2026-09-08 15:26:20,2026-09-08,SPY_OPEN,185,,,,,,,,,207,134,67,2745.00,2044.00,-701.00,-25.5373,122201,25,NC2_W5,20-46-6,ALTRO,MULTIPLA,,,,,,,,,,,,,,,,,,,,,,,,,
2026-09-08 15:26:20,2026-09-08,SPY_OPEN,185,,,,,,,,,207,134,67,2745.00,2044.00,-701.00,-25.5373,122202,62,NC2_W3_gap,83-9-90,ALTRO,MULTIPLA,,,,,,,,,,,,,,,,,,,,,,,,,
2026-09-08 15:26:20,2026-09-08,SPY_OPEN,185,,,,,,,,,207,134,67,2745.00,2044.00,-701.00,-25.5373,122203,10,NC2_W5,5-1-23,DECINA,MULTIPLA,,,,,,,,,,,,,,,,,,,,,,,,,
2026-09-08 15:26:20,2026-09-08,SPY_OPEN,185,,,,,,,,,207,134,67,2745.00,2044.00,-701.00,-25.5373,122204,25,C1_exact,20-90-36,MOD5,MULTIPLA,,,,,,,,,,,,,,,,,,,,,,,,,
2026-09-08 15:26:20,2026-09-08,SPY_OPEN,185,,,,,,,,,207,134,67,2745.00,2044.00,-701.00,-25.5373,122205,46,NC2_W5,11-22-21,MOD5,MULTIPLA,,,,,,,,,,,,,,,,,,,,,,,,,
2026-09-08 15:26:20,2026-09-08,SPY_OPEN,185,,,,,,,,,207,134,67,2745.00,2044.00,-701.00,-25.5373,122206,9,NC2_W3_gap,88-90-89,DECINA,MULTIPLA,,,,,,,,,,,,,,,,,,,,,,,,,
2026-09-08 15:26:20,2026-09-08,SPY_OPEN,185,,,,,,,,,207,134,67,2745.00,2044.00,-701.00,-25.5373,122207,80,NC2_W5,22-88-86,ALTRO,MULTIPLA,,,,,,,,,,,,,,,,,,,,,,,,,
2026-09-08 15:26:20,2026-09-08,SPY_OPEN,185,,,,,,,,,207,134,67,2745.00,2044.00,-701.00,-25.5373,122208,18,C1_exact,90-86-87,DECINA,MULTIPLA,,,,,,,,,,,,,,,,,,,,,,,,,
2026-09-08 15:26:20,2026-09-08,SPY_OPEN,185,,,,,,,,,207,134,67,2745.00,2044.00,-701.00,-25.5373,122209,9,C1_exact,90-62-89,ALTRO,MULTIPLA,,,,,,,,,,,,,,,,,,,,,,,,,
2026-09-08 15:26:20,2026-09-08,SUM9091_LAB_OPEN,185,2073,0,8,,8-82-83,REPEAT_RAW_SUM_908_FROM_E86_GAP_99_OCC_2,,,207,134,67,2745.00,2044.00,-701.00,-25.5373,,,,,,,,,,,,,,,,,,,,,,,,,,,,,,,
2026-09-08 15:30:27,2026-09-08,SPY_CLOSE_H3,186,,3,,,,,,,207,134,67,2745.00,2044.00,-701.00,-25.5373,122162,90,C1_exact,55-45-24,MOD5,MULTIPLA,3,1,0,0,24,3.00,0.00,-3.00,-100.0000,,,,,,,,,,,,,,,,
2026-09-08 15:30:27,2026-09-08,SPY_CLOSE_H3,186,,3,,,,,,,207,134,67,2745.00,2044.00,-701.00,-25.5373,122163,50,C1_exact,45-39-81,ALTRO,MULTIPLA,3,0,0,0,,3.00,0.00,-3.00,-100.0000,,,,,,,,,,,,,,,,
2026-09-08 15:30:27,2026-09-08,SPY_CLOSE_H3,186,,3,,,,,,,207,134,67,2745.00,2044.00,-701.00,-25.5373,122164,32,NC3_W5_gap,56-1-47,ALTRO,MULTIPLA,3,1,0,0,1,3.00,0.00,-3.00,-100.0000,,,,,,,,,,,,,,,,
2026-09-08 15:30:27,2026-09-08,SPY_CLOSE_H3,186,,3,,,,,,,207,134,67,2745.00,2044.00,-701.00,-25.5373,122165,35,C1_exact,30-85-48,MOD5,MULTIPLA,3,1,0,0,85,3.00,0.00,-3.00,-100.0000,,,,,,,,,,,,,,,,
2026-09-08 15:30:27,2026-09-08,SPY_CLOSE_H3,186,,3,,,,,,,207,134,67,2745.00,2044.00,-701.00,-25.5373,122166,57,C2_exact,55-87-15,ALTRO,MULTIPLA,3,0,0,0,,3.00,0.00,-3.00,-100.0000,,,,,,,,,,,,,,,,
2026-09-08 15:30:27,2026-09-08,SPY_CLOSE_H3,186,,3,,,,,,,207,134,67,2745.00,2044.00,-701.00,-25.5373,122167,58,NC3_W5_gap,35-10-13,ALTRO,MULTIPLA,3,1,1,0,10-13,3.00,0.00,-3.00,-100.0000,,,,,,,,,,,,,,,,
2026-09-08 15:30:27,2026-09-08,SPY_CLOSE_H3,186,,3,,,,,,,207,134,67,2745.00,2044.00,-701.00,-25.5373,122168,57,NC3_W5_gap,73-28-63,MOD5,MULTIPLA,3,1,0,0,63,3.00,0.00,-3.00,-100.0000,,,,,,,,,,,,,,,,
2026-09-08 15:30:27,2026-09-08,SPY_CLOSE_H3,186,,3,,,,,,,207,134,67,2745.00,2044.00,-701.00,-25.5373,122169,35,NC2_W5,30-25-12,MOD5,MULTIPLA,3,1,1,0,25-30,3.00,0.00,-3.00,-100.0000,,,,,,,,,,,,,,,,
2026-09-08 15:30:27,2026-09-08,SPY_CLOSE_H3,186,,3,,,,,,,207,134,67,2745.00,2044.00,-701.00,-25.5373,122170,24,NC2_W3_gap,87-3-13,ALTRO,MULTIPLA,3,1,0,0,13,3.00,0.00,-3.00,-100.0000,,,,,,,,,,,,,,,,
2026-09-08 15:30:27,2026-09-08,SPY_CLOSE_H3,186,,3,,,,,,,207,134,67,2745.00,2044.00,-701.00,-25.5373,122171,39,NC2_W5,81-25-79,ALTRO,MULTIPLA,3,1,0,0,79,3.00,0.00,-3.00,-100.0000,,,,,,,,,,,,,,,,
2026-09-08 15:30:27,2026-09-08,SPY_CLOSE_H3,186,,3,,,,,,,207,134,67,2745.00,2044.00,-701.00,-25.5373,122172,27,C1_exact,7-40-88,ALTRO,MULTIPLA,3,1,0,0,40,3.00,0.00,-3.00,-100.0000,,,,,,,,,,,,,,,,
2026-09-08 15:30:27,2026-09-08,SPY_CLOSE_H3,186,,3,,,,,,,207,134,67,2745.00,2044.00,-701.00,-25.5373,122173,29,C1_exact,81-8-77,ALTRO,MULTIPLA,3,0,0,0,,3.00,0.00,-3.00,-100.0000,,,,,,,,,,,,,,,,
2026-09-08 15:30:27,2026-09-08,SPY_CLOSE_H3,186,,3,,,,,,,207,134,67,2745.00,2044.00,-701.00,-25.5373,122174,80,NC2_W5,22-88-86,ALTRO,MULTIPLA,3,1,0,0,22,3.00,0.00,-3.00,-100.0000,,,,,,,,,,,,,,,,
2026-09-08 15:30:27,2026-09-08,SPY_CLOSE_H3,186,,3,,,,,,,207,134,67,2745.00,2044.00,-701.00,-25.5373,122175,21,C1_exact,51-88-84,ALTRO,MULTIPLA,3,1,0,0,51,3.00,0.00,-3.00,-100.0000,,,,,,,,,,,,,,,,
2026-09-08 15:30:27,2026-09-08,SPY_CLOSE_H3,186,,3,,,,,,,207,134,67,2745.00,2044.00,-701.00,-25.5373,122176,13,C1_exact,89-90-50,ALTRO,MULTIPLA,3,1,0,0,90,3.00,0.00,-3.00,-100.0000,,,,,,,,,,,,,,,,
2026-09-08 15:30:27,2026-09-08,SPY_CLOSE_H3,186,,3,,,,,,,207,134,67,2745.00,2044.00,-701.00,-25.5373,122177,24,C1_exact,88-69-87,ALTRO,MULTIPLA,3,1,0,0,69,3.00,0.00,-3.00,-100.0000,,,,,,,,,,,,,,,,
2026-09-08 15:30:27,2026-09-08,SPY_CLOSE_H3,186,,3,,,,,,,207,134,67,2745.00,2044.00,-701.00,-25.5373,122178,9,C1_exact,90-62-89,ALTRO,MULTIPLA,3,1,0,0,90,3.00,0.00,-3.00,-100.0000,,,,,,,,,,,,,,,,
2026-09-08 15:30:27,2026-09-08,SPY_CLOSE_H3,186,,3,,,,,,,207,134,67,2745.00,2044.00,-701.00,-25.5373,122179,90,NC2_W5,87-89-88,DECINA,NORMALE,3,0,0,0,,3.00,0.00,-3.00,-100.0000,,,,,,,,,,,,,,,,
2026-09-08 15:30:27,2026-09-08,SPY_CLOSE_H2,186,,2,,,,,,,207,134,67,2745.00,2044.00,-701.00,-25.5373,122180,26,NC2_W3_gap,19-27-14,ALTRO,MULTIPLA,2,0,0,0,,2.00,0.00,-2.00,-100.0000,,,,,,,,,,,,,,,,
2026-09-08 15:30:27,2026-09-08,SPY_CLOSE_H2,186,,2,,,,,,,207,134,67,2745.00,2044.00,-701.00,-25.5373,122181,52,NC2_W3_gap,5-8-1,DECINA,MULTIPLA,2,1,0,0,1,2.00,0.00,-2.00,-100.0000,,,,,,,,,,,,,,,,
2026-09-08 15:30:27,2026-09-08,SPY_CLOSE_H2,186,,2,,,,,,,207,134,67,2745.00,2044.00,-701.00,-25.5373,122182,79,NC2_W3_gap,32-31-49,ALTRO,MULTIPLA,2,1,1,0,31-32,2.00,0.00,-2.00,-100.0000,,,,,,,,,,,,,,,,
2026-09-08 15:30:27,2026-09-08,SPY_CLOSE_H2,186,,2,,,,,,,207,134,67,2745.00,2044.00,-701.00,-25.5373,122183,21,C2_exact,40-12-25,ALTRO,MULTIPLA,2,1,1,0,12-40,2.00,0.00,-2.00,-100.0000,,,,,,,,,,,,,,,,
2026-09-08 15:30:27,2026-09-08,SPY_CLOSE_H2,186,,2,,,,,,,207,134,67,2745.00,2044.00,-701.00,-25.5373,122184,13,C2_exact,43-61-70,ALTRO,MULTIPLA,2,1,0,0,61,2.00,0.00,-2.00,-100.0000,,,,,,,,,,,,,,,,
2026-09-08 15:30:27,2026-09-08,SPY_CLOSE_H2,186,,2,,,,,,,207,134,67,2745.00,2044.00,-701.00,-25.5373,122185,32,NC3_W5_gap,56-1-47,ALTRO,MULTIPLA,2,1,0,0,1,2.00,0.00,-2.00,-100.0000,,,,,,,,,,,,,,,,
2026-09-08 15:30:27,2026-09-08,SPY_CLOSE_H2,186,,2,,,,,,,207,134,67,2745.00,2044.00,-701.00,-25.5373,122186,58,NC3_W5_gap,35-10-13,ALTRO,MULTIPLA,2,0,0,0,,2.00,0.00,-2.00,-100.0000,,,,,,,,,,,,,,,,
2026-09-08 15:30:27,2026-09-08,SPY_CLOSE_H2,186,,2,,,,,,,207,134,67,2745.00,2044.00,-701.00,-25.5373,122187,85,C1_exact,55-49-48,ALTRO,MULTIPLA,2,1,0,0,49,2.00,0.00,-2.00,-100.0000,,,,,,,,,,,,,,,,
2026-09-08 15:30:27,2026-09-08,SPY_CLOSE_H2,186,,2,,,,,,,207,134,67,2745.00,2044.00,-701.00,-25.5373,122188,10,NC2_W5,5-1-23,DECINA,MULTIPLA,2,1,1,0,1-23,2.00,0.00,-2.00,-100.0000,,,,,,,,,,,,,,,,
2026-09-08 15:30:27,2026-09-08,SPY_CLOSE_H2,186,,2,,,,,,,207,134,67,2745.00,2044.00,-701.00,-25.5373,122189,57,NC3_W5_gap,73-28-63,MOD5,MULTIPLA,2,1,0,0,63,2.00,0.00,-2.00,-100.0000,,,,,,,,,,,,,,,,
2026-09-08 15:30:27,2026-09-08,SPY_CLOSE_H2,186,,2,,,,,,,207,134,67,2745.00,2044.00,-701.00,-25.5373,122190,80,C1_exact,3-55-44,ALTRO,MULTIPLA,2,1,0,0,3,2.00,0.00,-2.00,-100.0000,,,,,,,,,,,,,,,,
2026-09-08 15:30:27,2026-09-08,SPY_CLOSE_H2,186,,2,,,,,,,207,134,67,2745.00,2044.00,-701.00,-25.5373,122191,69,NC2_W5,51-39-21,ALTRO,MULTIPLA,2,0,0,0,,2.00,0.00,-2.00,-100.0000,,,,,,,,,,,,,,,,
2026-09-08 15:30:27,2026-09-08,SPY_CLOSE_H2,186,,2,,,,,,,207,134,67,2745.00,2044.00,-701.00,-25.5373,122192,20,C1_exact,15-90-87,MOD5,MULTIPLA,2,1,0,0,90,2.00,0.00,-2.00,-100.0000,,,,,,,,,,,,,,,,
2026-09-08 15:30:27,2026-09-08,SPY_CLOSE_H2,186,,2,,,,,,,207,134,67,2745.00,2044.00,-701.00,-25.5373,122193,80,NC2_W5,22-88-86,ALTRO,MULTIPLA,2,1,0,0,22,2.00,0.00,-2.00,-100.0000,,,,,,,,,,,,,,,,
2026-09-08 15:30:27,2026-09-08,SPY_CLOSE_H2,186,,2,,,,,,,207,134,67,2745.00,2044.00,-701.00,-25.5373,122194,23,C1_exact,88-57-14,ALTRO,MULTIPLA,2,1,0,0,57,2.00,0.00,-2.00,-100.0000,,,,,,,,,,,,,,,,
2026-09-08 15:30:27,2026-09-08,SPY_CLOSE_H2,186,,2,,,,,,,207,134,67,2745.00,2044.00,-701.00,-25.5373,122195,10,C1_exact,5-90-89,MOD5,MULTIPLA,2,1,0,0,90,2.00,0.00,-2.00,-100.0000,,,,,,,,,,,,,,,,
2026-09-08 15:30:27,2026-09-08,SPY_CLOSE_H2,186,,2,,,,,,,207,134,67,2745.00,2044.00,-701.00,-25.5373,122196,11,C1_exact,90-88-86,DECINA,MULTIPLA,2,1,0,0,90,2.00,0.00,-2.00,-100.0000,,,,,,,,,,,,,,,,
2026-09-08 15:30:27,2026-09-08,SPY_CLOSE_H2,186,,2,,,,,,,207,134,67,2745.00,2044.00,-701.00,-25.5373,122197,17,C1_exact,90-86-88,DECINA,MULTIPLA,2,1,0,0,90,2.00,0.00,-2.00,-100.0000,,,,,,,,,,,,,,,,
2026-09-08 15:30:27,2026-09-08,SPY_CLOSE_H2,186,,2,,,,,,,207,134,67,2745.00,2044.00,-701.00,-25.5373,122198,14,C1_exact,90-89-88,DECINA,MULTIPLA,2,1,0,0,90,2.00,0.00,-2.00,-100.0000,,,,,,,,,,,,,,,,
2026-09-08 15:30:27,2026-09-08,SPY_CLOSE_H2,186,,2,,,,,,,207,134,67,2745.00,2044.00,-701.00,-25.5373,122199,1,C1_exact,86-90-85,DECINA,MULTIPLA,2,1,0,0,90,2.00,0.00,-2.00,-100.0000,,,,,,,,,,,,,,,,
2026-09-08 15:30:27,2026-09-08,SPY_CLOSE_H1,186,,1,,,,,,,207,134,67,2745.00,2044.00,-701.00,-25.5373,122200,32,NC3_W5_gap,56-1-47,ALTRO,MULTIPLA,1,0,0,0,,1.00,0.00,-1.00,-100.0000,,,,,,,,,,,,,,,,
2026-09-08 15:30:27,2026-09-08,SPY_CLOSE_H1,186,,1,,,,,,,207,134,67,2745.00,2044.00,-701.00,-25.5373,122201,25,NC2_W5,20-46-6,ALTRO,MULTIPLA,1,1,1,0,6-20,1.00,0.00,-1.00,-100.0000,,,,,,,,,,,,,,,,
2026-09-08 15:30:27,2026-09-08,SPY_CLOSE_H1,186,,1,,,,,,,207,134,67,2745.00,2044.00,-701.00,-25.5373,122202,62,NC2_W3_gap,83-9-90,ALTRO,MULTIPLA,1,1,0,0,90,1.00,0.00,-1.00,-100.0000,,,,,,,,,,,,,,,,
2026-09-08 15:30:27,2026-09-08,SPY_CLOSE_H1,186,,1,,,,,,,207,134,67,2745.00,2044.00,-701.00,-25.5373,122203,10,NC2_W5,5-1-23,DECINA,MULTIPLA,1,0,0,0,,1.00,0.00,-1.00,-100.0000,,,,,,,,,,,,,,,,
2026-09-08 15:30:27,2026-09-08,SPY_CLOSE_H1,186,,1,,,,,,,207,134,67,2745.00,2044.00,-701.00,-25.5373,122204,25,C1_exact,20-90-36,MOD5,MULTIPLA,1,1,1,0,20-90,1.00,0.00,-1.00,-100.0000,,,,,,,,,,,,,,,,
2026-09-08 15:30:27,2026-09-08,SPY_CLOSE_H1,186,,1,,,,,,,207,134,67,2745.00,2044.00,-701.00,-25.5373,122205,46,NC2_W5,11-22-21,MOD5,MULTIPLA,1,1,0,0,22,1.00,0.00,-1.00,-100.0000,,,,,,,,,,,,,,,,
2026-09-08 15:30:27,2026-09-08,SPY_CLOSE_H1,186,,1,,,,,,,207,134,67,2745.00,2044.00,-701.00,-25.5373,122206,9,NC2_W3_gap,88-90-89,DECINA,MULTIPLA,1,1,0,0,90,1.00,0.00,-1.00,-100.0000,,,,,,,,,,,,,,,,
2026-09-08 15:30:27,2026-09-08,SPY_CLOSE_H1,186,,1,,,,,,,207,134,67,2745.00,2044.00,-701.00,-25.5373,122207,80,NC2_W5,22-88-86,ALTRO,MULTIPLA,1,1,0,0,22,1.00,0.00,-1.00,-100.0000,,,,,,,,,,,,,,,,
2026-09-08 15:30:27,2026-09-08,SPY_CLOSE_H1,186,,1,,,,,,,207,134,67,2745.00,2044.00,-701.00,-25.5373,122208,18,C1_exact,90-86-87,DECINA,MULTIPLA,1,1,0,0,90,1.00,0.00,-1.00,-100.0000,,,,,,,,,,,,,,,,
2026-09-08 15:30:27,2026-09-08,SPY_CLOSE_H1,186,,1,,,,,,,207,134,67,2745.00,2044.00,-701.00,-25.5373,122209,9,C1_exact,90-62-89,ALTRO,MULTIPLA,1,1,0,0,90,1.00,0.00,-1.00,-100.0000,,,,,,,,,,,,,,,,
2026-09-08 15:30:27,2026-09-08,SPY_OPEN,186,,,,,,,,,207,134,67,2745.00,2044.00,-701.00,-25.5373,122210,90,C1_exact,55-45-24,MOD5,MULTIPLA,,,,,,,,,,,,,,,,,,,,,,,,,
2026-09-08 15:30:27,2026-09-08,SPY_OPEN,186,,,,,,,,,207,134,67,2745.00,2044.00,-701.00,-25.5373,122211,63,C2_exact,5-61-67,DECINA,MULTIPLA,,,,,,,,,,,,,,,,,,,,,,,,,
2026-09-08 15:30:27,2026-09-08,SPY_OPEN,186,,,,,,,,,207,134,67,2745.00,2044.00,-701.00,-25.5373,122212,66,C2_exact,25-69-26,ALTRO,MULTIPLA,,,,,,,,,,,,,,,,,,,,,,,,,
2026-09-08 15:30:27,2026-09-08,SPY_OPEN,186,,,,,,,,,207,134,67,2745.00,2044.00,-701.00,-25.5373,122213,32,NC3_W5_gap,56-1-47,ALTRO,MULTIPLA,,,,,,,,,,,,,,,,,,,,,,,,,
2026-09-08 15:30:27,2026-09-08,SPY_OPEN,186,,,,,,,,,207,134,67,2745.00,2044.00,-701.00,-25.5373,122214,53,C2_exact,82-3-83,MOD5,MULTIPLA,,,,,,,,,,,,,,,,,,,,,,,,,
2026-09-08 15:30:27,2026-09-08,SPY_OPEN,186,,,,,,,,,207,134,67,2745.00,2044.00,-701.00,-25.5373,122215,57,NC3_W5_gap,73-28-63,MOD5,MULTIPLA,,,,,,,,,,,,,,,,,,,,,,,,,
2026-09-08 15:30:27,2026-09-08,SPY_OPEN,186,,,,,,,,,207,134,67,2745.00,2044.00,-701.00,-25.5373,122216,61,C1_exact,19-59-83,ALTRO,MULTIPLA,,,,,,,,,,,,,,,,,,,,,,,,,
2026-09-08 15:30:27,2026-09-08,SPY_OPEN,186,,,,,,,,,207,134,67,2745.00,2044.00,-701.00,-25.5373,122217,20,NC2_W3_gap,90-87-88,DECINA,MULTIPLA,,,,,,,,,,,,,,,,,,,,,,,,,
2026-09-08 15:30:27,2026-09-08,SPY_OPEN,186,,,,,,,,,207,134,67,2745.00,2044.00,-701.00,-25.5373,122218,20,C1_exact,15-90-87,MOD5,MULTIPLA,,,,,,,,,,,,,,,,,,,,,,,,,
2026-09-08 15:30:27,2026-09-08,SPY_OPEN,186,,,,,,,,,207,134,67,2745.00,2044.00,-701.00,-25.5373,122219,12,C1_exact,89-86-90,DECINA,MULTIPLA,,,,,,,,,,,,,,,,,,,,,,,,,
2026-09-08 15:30:27,2026-09-08,SPY_OPEN,186,,,,,,,,,207,134,67,2745.00,2044.00,-701.00,-25.5373,122220,3,C1_exact,90-89-9,ALTRO,MULTIPLA,,,,,,,,,,,,,,,,,,,,,,,,,
2026-09-08 15:30:27,2026-09-08,SPY_OPEN,186,,,,,,,,,207,134,67,2745.00,2044.00,-701.00,-25.5373,122221,24,C1_exact,88-69-87,ALTRO,MULTIPLA,,,,,,,,,,,,,,,,,,,,,,,,,
2026-09-08 15:30:27,2026-09-08,SUM9091_LAB_OPEN,186,2074,0,81,,81-9-10,REPEAT_RAW_SUM_801_FROM_E1_GAP_185_OCC_2,,,207,134,67,2745.00,2044.00,-701.00,-25.5373,,,,,,,,,,,,,,,,,,,,,,,,,,,,,,,
2026-09-08 15:35:36,2026-09-08,SPY_CLOSE_H3,187,,3,,,,,,,207,134,67,2745.00,2044.00,-701.00,-25.5373,122180,26,NC2_W3_gap,19-27-14,ALTRO,MULTIPLA,3,0,0,0,,3.00,0.00,-3.00,-100.0000,,,,,,,,,,,,,,,,
2026-09-08 15:35:36,2026-09-08,SPY_CLOSE_H3,187,,3,,,,,,,207,134,67,2745.00,2044.00,-701.00,-25.5373,122181,52,NC2_W3_gap,5-8-1,DECINA,MULTIPLA,3,1,0,0,1,3.00,0.00,-3.00,-100.0000,,,,,,,,,,,,,,,,
2026-09-08 15:35:36,2026-09-08,SPY_CLOSE_H3,187,,3,,,,,,,207,134,67,2745.00,2044.00,-701.00,-25.5373,122182,79,NC2_W3_gap,32-31-49,ALTRO,MULTIPLA,3,1,1,0,31-32,3.00,0.00,-3.00,-100.0000,,,,,,,,,,,,,,,,
2026-09-08 15:35:36,2026-09-08,SPY_CLOSE_H3,187,,3,,,,,,,207,134,67,2745.00,2044.00,-701.00,-25.5373,122183,21,C2_exact,40-12-25,ALTRO,MULTIPLA,3,1,1,0,12-40,3.00,0.00,-3.00,-100.0000,,,,,,,,,,,,,,,,
2026-09-08 15:35:36,2026-09-08,SPY_CLOSE_H3,187,,3,,,,,,,207,134,67,2745.00,2044.00,-701.00,-25.5373,122184,13,C2_exact,43-61-70,ALTRO,MULTIPLA,3,1,0,0,61,3.00,0.00,-3.00,-100.0000,,,,,,,,,,,,,,,,
2026-09-08 15:35:36,2026-09-08,SPY_CLOSE_H3,187,,3,,,,,,,207,134,67,2745.00,2044.00,-701.00,-25.5373,122185,32,NC3_W5_gap,56-1-47,ALTRO,MULTIPLA,3,1,0,0,1,3.00,0.00,-3.00,-100.0000,,,,,,,,,,,,,,,,
2026-09-08 15:35:36,2026-09-08,SPY_CLOSE_H3,187,,3,,,,,,,207,134,67,2745.00,2044.00,-701.00,-25.5373,122186,58,NC3_W5_gap,35-10-13,ALTRO,MULTIPLA,3,1,0,0,10,3.00,0.00,-3.00,-100.0000,,,,,,,,,,,,,,,,
2026-09-08 15:35:36,2026-09-08,SPY_CLOSE_H3,187,,3,,,,,,,207,134,67,2745.00,2044.00,-701.00,-25.5373,122187,85,C1_exact,55-49-48,ALTRO,MULTIPLA,3,1,0,0,49,3.00,0.00,-3.00,-100.0000,,,,,,,,,,,,,,,,
2026-09-08 15:35:36,2026-09-08,SPY_CLOSE_H3,187,,3,,,,,,,207,134,67,2745.00,2044.00,-701.00,-25.5373,122188,10,NC2_W5,5-1-23,DECINA,MULTIPLA,3,1,1,0,1-23,3.00,0.00,-3.00,-100.0000,,,,,,,,,,,,,,,,
2026-09-08 15:35:36,2026-09-08,SPY_CLOSE_H3,187,,3,,,,,,,207,134,67,2745.00,2044.00,-701.00,-25.5373,122189,57,NC3_W5_gap,73-28-63,MOD5,MULTIPLA,3,1,0,0,63,3.00,0.00,-3.00,-100.0000,,,,,,,,,,,,,,,,
2026-09-08 15:35:36,2026-09-08,SPY_CLOSE_H3,187,,3,,,,,,,207,134,67,2745.00,2044.00,-701.00,-25.5373,122190,80,C1_exact,3-55-44,ALTRO,MULTIPLA,3,1,0,0,3,3.00,0.00,-3.00,-100.0000,,,,,,,,,,,,,,,,
2026-09-08 15:35:36,2026-09-08,SPY_CLOSE_H3,187,,3,,,,,,,207,134,67,2745.00,2044.00,-701.00,-25.5373,122191,69,NC2_W5,51-39-21,ALTRO,MULTIPLA,3,0,0,0,,3.00,0.00,-3.00,-100.0000,,,,,,,,,,,,,,,,
2026-09-08 15:35:36,2026-09-08,SPY_CLOSE_H3,187,,3,,,,,,,207,134,67,2745.00,2044.00,-701.00,-25.5373,122192,20,C1_exact,15-90-87,MOD5,MULTIPLA,3,1,0,0,90,3.00,0.00,-3.00,-100.0000,,,,,,,,,,,,,,,,
2026-09-08 15:35:36,2026-09-08,SPY_CLOSE_H3,187,,3,,,,,,,207,134,67,2745.00,2044.00,-701.00,-25.5373,122193,80,NC2_W5,22-88-86,ALTRO,MULTIPLA,3,1,0,0,22,3.00,0.00,-3.00,-100.0000,,,,,,,,,,,,,,,,
2026-09-08 15:35:36,2026-09-08,SPY_CLOSE_H3,187,,3,,,,,,,207,134,67,2745.00,2044.00,-701.00,-25.5373,122194,23,C1_exact,88-57-14,ALTRO,MULTIPLA,3,1,0,0,57,3.00,0.00,-3.00,-100.0000,,,,,,,,,,,,,,,,
2026-09-08 15:35:36,2026-09-08,SPY_CLOSE_H3,187,,3,,,,,,,207,134,67,2745.00,2044.00,-701.00,-25.5373,122195,10,C1_exact,5-90-89,MOD5,MULTIPLA,3,1,0,0,90,3.00,0.00,-3.00,-100.0000,,,,,,,,,,,,,,,,
2026-09-08 15:35:36,2026-09-08,SPY_CLOSE_H3,187,,3,,,,,,,207,134,67,2745.00,2044.00,-701.00,-25.5373,122196,11,C1_exact,90-88-86,DECINA,MULTIPLA,3,1,0,0,90,3.00,0.00,-3.00,-100.0000,,,,,,,,,,,,,,,,
2026-09-08 15:35:36,2026-09-08,SPY_CLOSE_H3,187,,3,,,,,,,207,134,67,2745.00,2044.00,-701.00,-25.5373,122197,17,C1_exact,90-86-88,DECINA,MULTIPLA,3,1,0,0,90,3.00,0.00,-3.00,-100.0000,,,,,,,,,,,,,,,,
2026-09-08 15:35:36,2026-09-08,SPY_CLOSE_H3,187,,3,,,,,,,207,134,67,2745.00,2044.00,-701.00,-25.5373,122198,14,C1_exact,90-89-88,DECINA,MULTIPLA,3,1,0,0,90,3.00,0.00,-3.00,-100.0000,,,,,,,,,,,,,,,,
2026-09-08 15:35:36,2026-09-08,SPY_CLOSE_H3,187,,3,,,,,,,207,134,67,2745.00,2044.00,-701.00,-25.5373,122199,1,C1_exact,86-90-85,DECINA,MULTIPLA,3,1,0,0,90,3.00,0.00,-3.00,-100.0000,,,,,,,,,,,,,,,,
2026-09-08 15:35:36,2026-09-08,SPY_CLOSE_H2,187,,2,,,,,,,207,134,67,2745.00,2044.00,-701.00,-25.5373,122200,32,NC3_W5_gap,56-1-47,ALTRO,MULTIPLA,2,0,0,0,,2.00,0.00,-2.00,-100.0000,,,,,,,,,,,,,,,,
2026-09-08 15:35:36,2026-09-08,SPY_CLOSE_H2,187,,2,,,,,,,207,134,67,2745.00,2044.00,-701.00,-25.5373,122201,25,NC2_W5,20-46-6,ALTRO,MULTIPLA,2,1,1,0,6-20,2.00,0.00,-2.00,-100.0000,,,,,,,,,,,,,,,,
2026-09-08 15:35:36,2026-09-08,SPY_CLOSE_H2,187,,2,,,,,,,207,134,67,2745.00,2044.00,-701.00,-25.5373,122202,62,NC2_W3_gap,83-9-90,ALTRO,MULTIPLA,2,1,0,0,90,2.00,0.00,-2.00,-100.0000,,,,,,,,,,,,,,,,
2026-09-08 15:35:36,2026-09-08,SPY_CLOSE_H2,187,,2,,,,,,,207,134,67,2745.00,2044.00,-701.00,-25.5373,122203,10,NC2_W5,5-1-23,DECINA,MULTIPLA,2,1,0,0,23,2.00,0.00,-2.00,-100.0000,,,,,,,,,,,,,,,,
2026-09-08 15:35:36,2026-09-08,SPY_CLOSE_H2,187,,2,,,,,,,207,134,67,2745.00,2044.00,-701.00,-25.5373,122204,25,C1_exact,20-90-36,MOD5,MULTIPLA,2,1,1,0,20-90,2.00,0.00,-2.00,-100.0000,,,,,,,,,,,,,,,,
2026-09-08 15:35:36,2026-09-08,SPY_CLOSE_H2,187,,2,,,,,,,207,134,67,2745.00,2044.00,-701.00,-25.5373,122205,46,NC2_W5,11-22-21,MOD5,MULTIPLA,2,1,0,0,22,2.00,0.00,-2.00,-100.0000,,,,,,,,,,,,,,,,
2026-09-08 15:35:36,2026-09-08,SPY_CLOSE_H2,187,,2,,,,,,,207,134,67,2745.00,2044.00,-701.00,-25.5373,122206,9,NC2_W3_gap,88-90-89,DECINA,MULTIPLA,2,1,0,0,90,2.00,0.00,-2.00,-100.0000,,,,,,,,,,,,,,,,
2026-09-08 15:35:36,2026-09-08,SPY_CLOSE_H2,187,,2,,,,,,,207,134,67,2745.00,2044.00,-701.00,-25.5373,122207,80,NC2_W5,22-88-86,ALTRO,MULTIPLA,2,1,0,0,22,2.00,0.00,-2.00,-100.0000,,,,,,,,,,,,,,,,
2026-09-08 15:35:36,2026-09-08,SPY_CLOSE_H2,187,,2,,,,,,,207,134,67,2745.00,2044.00,-701.00,-25.5373,122208,18,C1_exact,90-86-87,DECINA,MULTIPLA,2,1,0,0,90,2.00,0.00,-2.00,-100.0000,,,,,,,,,,,,,,,,
2026-09-08 15:35:36,2026-09-08,SPY_CLOSE_H2,187,,2,,,,,,,207,134,67,2745.00,2044.00,-701.00,-25.5373,122209,9,C1_exact,90-62-89,ALTRO,MULTIPLA,2,1,0,0,90,2.00,0.00,-2.00,-100.0000,,,,,,,,,,,,,,,,
2026-09-08 15:35:36,2026-09-08,SPY_CLOSE_H1,187,,1,,,,,,,207,134,67,2745.00,2044.00,-701.00,-25.5373,122210,90,C1_exact,55-45-24,MOD5,MULTIPLA,1,0,0,0,,1.00,0.00,-1.00,-100.0000,,,,,,,,,,,,,,,,
2026-09-08 15:35:36,2026-09-08,SPY_CLOSE_H1,187,,1,,,,,,,207,134,67,2745.00,2044.00,-701.00,-25.5373,122211,63,C2_exact,5-61-67,DECINA,MULTIPLA,1,0,0,0,,1.00,0.00,-1.00,-100.0000,,,,,,,,,,,,,,,,
2026-09-08 15:35:36,2026-09-08,SPY_CLOSE_H1,187,,1,,,,,,,207,134,67,2745.00,2044.00,-701.00,-25.5373,122212,66,C2_exact,25-69-26,ALTRO,MULTIPLA,1,1,1,0,26-69,1.00,0.00,-1.00,-100.0000,,,,,,,,,,,,,,,,
2026-09-08 15:35:36,2026-09-08,SPY_CLOSE_H1,187,,1,,,,,,,207,134,67,2745.00,2044.00,-701.00,-25.5373,122213,32,NC3_W5_gap,56-1-47,ALTRO,MULTIPLA,1,0,0,0,,1.00,0.00,-1.00,-100.0000,,,,,,,,,,,,,,,,
2026-09-08 15:35:36,2026-09-08,SPY_CLOSE_H1,187,,1,,,,,,,207,134,67,2745.00,2044.00,-701.00,-25.5373,122214,53,C2_exact,82-3-83,MOD5,MULTIPLA,1,0,0,0,,1.00,0.00,-1.00,-100.0000,,,,,,,,,,,,,,,,
2026-09-08 15:35:36,2026-09-08,SPY_CLOSE_H1,187,,1,,,,,,,207,134,67,2745.00,2044.00,-701.00,-25.5373,122215,57,NC3_W5_gap,73-28-63,MOD5,MULTIPLA,1,1,0,0,28,1.00,0.00,-1.00,-100.0000,,,,,,,,,,,,,,,,
2026-09-08 15:35:36,2026-09-08,SPY_CLOSE_H1,187,,1,,,,,,,207,134,67,2745.00,2044.00,-701.00,-25.5373,122216,61,C1_exact,19-59-83,ALTRO,MULTIPLA,1,1,0,0,59,1.00,0.00,-1.00,-100.0000,,,,,,,,,,,,,,,,
2026-09-08 15:35:36,2026-09-08,SPY_CLOSE_H1,187,,1,,,,,,,207,134,67,2745.00,2044.00,-701.00,-25.5373,122217,20,NC2_W3_gap,90-87-88,DECINA,MULTIPLA,1,1,0,0,87,1.00,0.00,-1.00,-100.0000,,,,,,,,,,,,,,,,
2026-09-08 15:35:36,2026-09-08,SPY_CLOSE_H1,187,,1,,,,,,,207,134,67,2745.00,2044.00,-701.00,-25.5373,122218,20,C1_exact,15-90-87,MOD5,MULTIPLA,1,1,0,0,87,1.00,0.00,-1.00,-100.0000,,,,,,,,,,,,,,,,
2026-09-08 15:35:36,2026-09-08,SPY_CLOSE_H1,187,,1,,,,,,,207,134,67,2745.00,2044.00,-701.00,-25.5373,122219,12,C1_exact,89-86-90,DECINA,MULTIPLA,1,0,0,0,,1.00,0.00,-1.00,-100.0000,,,,,,,,,,,,,,,,
2026-09-08 15:35:36,2026-09-08,SPY_CLOSE_H1,187,,1,,,,,,,207,134,67,2745.00,2044.00,-701.00,-25.5373,122220,3,C1_exact,90-89-9,ALTRO,MULTIPLA,1,0,0,0,,1.00,0.00,-1.00,-100.0000,,,,,,,,,,,,,,,,
2026-09-08 15:35:36,2026-09-08,SPY_CLOSE_H1,187,,1,,,,,,,207,134,67,2745.00,2044.00,-701.00,-25.5373,122221,24,C1_exact,88-69-87,ALTRO,MULTIPLA,1,1,1,0,69-87,1.00,0.00,-1.00,-100.0000,,,,,,,,,,,,,,,,
2026-09-08 15:35:36,2026-09-08,SPY_OPEN,187,,,,,,,,,207,134,67,2745.00,2044.00,-701.00,-25.5373,122222,20,C2_exact,15-10-5,CATENA_5,MULTIPLA,,,,,,,,,,,,,,,,,,,,,,,,,
2026-09-08 15:35:36,2026-09-08,SPY_OPEN,187,,,,,,,,,207,134,67,2745.00,2044.00,-701.00,-25.5373,122223,87,C1_exact,55-6-3,ALTRO,MULTIPLA,,,,,,,,,,,,,,,,,,,,,,,,,
2026-09-08 15:35:36,2026-09-08,SPY_OPEN,187,,,,,,,,,207,134,67,2745.00,2044.00,-701.00,-25.5373,122224,30,NC2_W3_gap,25-2-10,CATENA_5,MULTIPLA,,,,,,,,,,,,,,,,,,,,,,,,,
2026-09-08 15:35:36,2026-09-08,SPY_OPEN,187,,,,,,,,,207,134,67,2745.00,2044.00,-701.00,-25.5373,122225,20,NC3_W5_gap,10-5-15,CATENA_5,MULTIPLA,,,,,,,,,,,,,,,,,,,,,,,,,
2026-09-08 15:35:36,2026-09-08,SPY_OPEN,187,,,,,,,,,207,134,67,2745.00,2044.00,-701.00,-25.5373,122226,85,C1_exact,55-49-48,ALTRO,MULTIPLA,,,,,,,,,,,,,,,,,,,,,,,,,
2026-09-08 15:35:36,2026-09-08,SPY_OPEN,187,,,,,,,,,207,134,67,2745.00,2044.00,-701.00,-25.5373,122227,62,NC2_W3_gap,83-9-90,ALTRO,MULTIPLA,,,,,,,,,,,,,,,,,,,,,,,,,
2026-09-08 15:35:36,2026-09-08,SPY_OPEN,187,,,,,,,,,207,134,67,2745.00,2044.00,-701.00,-25.5373,122228,10,NC2_W5,5-1-23,DECINA,MULTIPLA,,,,,,,,,,,,,,,,,,,,,,,,,
2026-09-08 15:35:36,2026-09-08,SPY_OPEN,187,,,,,,,,,207,134,67,2745.00,2044.00,-701.00,-25.5373,122229,85,NC2_W5,89-90-88,DECINA,MULTIPLA,,,,,,,,,,,,,,,,,,,,,,,,,
2026-09-08 15:35:36,2026-09-08,SPY_OPEN,187,,,,,,,,,207,134,67,2745.00,2044.00,-701.00,-25.5373,122230,23,NC2_W3_gap,88-89-83,MOD5,MULTIPLA,,,,,,,,,,,,,,,,,,,,,,,,,
2026-09-08 15:35:36,2026-09-08,SPY_OPEN,187,,,,,,,,,207,134,67,2745.00,2044.00,-701.00,-25.5373,122231,69,NC2_W5,51-39-21,ALTRO,MULTIPLA,,,,,,,,,,,,,,,,,,,,,,,,,
2026-09-08 15:35:36,2026-09-08,SPY_OPEN,187,,,,,,,,,207,134,67,2745.00,2044.00,-701.00,-25.5373,122232,23,C1_exact,88-57-14,ALTRO,MULTIPLA,,,,,,,,,,,,,,,,,,,,,,,,,
2026-09-08 15:35:36,2026-09-08,SPY_OPEN,187,,,,,,,,,207,134,67,2745.00,2044.00,-701.00,-25.5373,122233,10,C1_exact,5-90-89,MOD5,MULTIPLA,,,,,,,,,,,,,,,,,,,,,,,,,
2026-09-08 15:35:36,2026-09-08,SPY_OPEN,187,,,,,,,,,207,134,67,2745.00,2044.00,-701.00,-25.5373,122234,16,C1_exact,88-90-59,ALTRO,MULTIPLA,,,,,,,,,,,,,,,,,,,,,,,,,
2026-09-08 15:40:46,2026-09-08,SPY_CLOSE_H3,188,,3,,,,,,,207,134,67,2745.00,2044.00,-701.00,-25.5373,122200,32,NC3_W5_gap,56-1-47,ALTRO,MULTIPLA,3,1,1,0,1-56,3.00,0.00,-3.00,-100.0000,,,,,,,,,,,,,,,,
2026-09-08 15:40:46,2026-09-08,SPY_CLOSE_H3,188,,3,,,,,,,207,134,67,2745.00,2044.00,-701.00,-25.5373,122201,25,NC2_W5,20-46-6,ALTRO,MULTIPLA,3,1,1,0,6-20,3.00,0.00,-3.00,-100.0000,,,,,,,,,,,,,,,,
2026-09-08 15:40:46,2026-09-08,SPY_CLOSE_H3,188,,3,,,,,,,207,134,67,2745.00,2044.00,-701.00,-25.5373,122202,62,NC2_W3_gap,83-9-90,ALTRO,MULTIPLA,3,1,0,0,90,3.00,0.00,-3.00,-100.0000,,,,,,,,,,,,,,,,
2026-09-08 15:40:46,2026-09-08,SPY_CLOSE_H3,188,,3,,,,,,,207,134,67,2745.00,2044.00,-701.00,-25.5373,122203,10,NC2_W5,5-1-23,DECINA,MULTIPLA,3,1,0,0,23,3.00,0.00,-3.00,-100.0000,,,,,,,,,,,,,,,,
2026-09-08 15:40:46,2026-09-08,SPY_CLOSE_H3,188,,3,,,,,,,207,134,67,2745.00,2044.00,-701.00,-25.5373,122204,25,C1_exact,20-90-36,MOD5,MULTIPLA,3,1,1,0,20-90,3.00,0.00,-3.00,-100.0000,,,,,,,,,,,,,,,,
2026-09-08 15:40:46,2026-09-08,SPY_CLOSE_H3,188,,3,,,,,,,207,134,67,2745.00,2044.00,-701.00,-25.5373,122205,46,NC2_W5,11-22-21,MOD5,MULTIPLA,3,1,0,0,22,3.00,0.00,-3.00,-100.0000,,,,,,,,,,,,,,,,
2026-09-08 15:40:46,2026-09-08,SPY_CLOSE_H3,188,,3,,,,,,,207,134,67,2745.00,2044.00,-701.00,-25.5373,122206,9,NC2_W3_gap,88-90-89,DECINA,MULTIPLA,3,1,0,0,90,3.00,0.00,-3.00,-100.0000,,,,,,,,,,,,,,,,
2026-09-08 15:40:46,2026-09-08,SPY_CLOSE_H3,188,,3,,,,,,,207,134,67,2745.00,2044.00,-701.00,-25.5373,122207,80,NC2_W5,22-88-86,ALTRO,MULTIPLA,3,1,0,0,22,3.00,0.00,-3.00,-100.0000,,,,,,,,,,,,,,,,
2026-09-08 15:40:46,2026-09-08,SPY_CLOSE_H3,188,,3,,,,,,,207,134,67,2745.00,2044.00,-701.00,-25.5373,122208,18,C1_exact,90-86-87,DECINA,MULTIPLA,3,1,0,0,90,3.00,0.00,-3.00,-100.0000,,,,,,,,,,,,,,,,
2026-09-08 15:40:46,2026-09-08,SPY_CLOSE_H3,188,,3,,,,,,,207,134,67,2745.00,2044.00,-701.00,-25.5373,122209,9,C1_exact,90-62-89,ALTRO,MULTIPLA,3,1,0,0,90,3.00,0.00,-3.00,-100.0000,,,,,,,,,,,,,,,,
2026-09-08 15:40:46,2026-09-08,SPY_CLOSE_H2,188,,2,,,,,,,207,134,67,2745.00,2044.00,-701.00,-25.5373,122210,90,C1_exact,55-45-24,MOD5,MULTIPLA,2,0,0,0,,2.00,0.00,-2.00,-100.0000,,,,,,,,,,,,,,,,
2026-09-08 15:40:46,2026-09-08,SPY_CLOSE_H2,188,,2,,,,,,,207,134,67,2745.00,2044.00,-701.00,-25.5373,122211,63,C2_exact,5-61-67,DECINA,MULTIPLA,2,1,0,0,61,2.00,0.00,-2.00,-100.0000,,,,,,,,,,,,,,,,
2026-09-08 15:40:46,2026-09-08,SPY_CLOSE_H2,188,,2,,,,,,,207,134,67,2745.00,2044.00,-701.00,-25.5373,122212,66,C2_exact,25-69-26,ALTRO,MULTIPLA,2,1,1,0,26-69,2.00,0.00,-2.00,-100.0000,,,,,,,,,,,,,,,,
2026-09-08 15:40:46,2026-09-08,SPY_CLOSE_H2,188,,2,,,,,,,207,134,67,2745.00,2044.00,-701.00,-25.5373,122213,32,NC3_W5_gap,56-1-47,ALTRO,MULTIPLA,2,1,1,0,1-56,2.00,0.00,-2.00,-100.0000,,,,,,,,,,,,,,,,
2026-09-08 15:40:46,2026-09-08,SPY_CLOSE_H2,188,,2,,,,,,,207,134,67,2745.00,2044.00,-701.00,-25.5373,122214,53,C2_exact,82-3-83,MOD5,MULTIPLA,2,0,0,0,,2.00,0.00,-2.00,-100.0000,,,,,,,,,,,,,,,,
2026-09-08 15:40:46,2026-09-08,SPY_CLOSE_H2,188,,2,,,,,,,207,134,67,2745.00,2044.00,-701.00,-25.5373,122215,57,NC3_W5_gap,73-28-63,MOD5,MULTIPLA,2,1,0,0,28,2.00,0.00,-2.00,-100.0000,,,,,,,,,,,,,,,,
2026-09-08 15:40:46,2026-09-08,SPY_CLOSE_H2,188,,2,,,,,,,207,134,67,2745.00,2044.00,-701.00,-25.5373,122216,61,C1_exact,19-59-83,ALTRO,MULTIPLA,2,1,0,0,59,2.00,0.00,-2.00,-100.0000,,,,,,,,,,,,,,,,
2026-09-08 15:40:46,2026-09-08,SPY_CLOSE_H2,188,,2,,,,,,,207,134,67,2745.00,2044.00,-701.00,-25.5373,122217,20,NC2_W3_gap,90-87-88,DECINA,MULTIPLA,2,1,0,0,87,2.00,0.00,-2.00,-100.0000,,,,,,,,,,,,,,,,
2026-09-08 15:40:46,2026-09-08,SPY_CLOSE_H2,188,,2,,,,,,,207,134,67,2745.00,2044.00,-701.00,-25.5373,122218,20,C1_exact,15-90-87,MOD5,MULTIPLA,2,1,0,0,87,2.00,0.00,-2.00,-100.0000,,,,,,,,,,,,,,,,
2026-09-08 15:40:46,2026-09-08,SPY_CLOSE_H2,188,,2,,,,,,,207,134,67,2745.00,2044.00,-701.00,-25.5373,122219,12,C1_exact,89-86-90,DECINA,MULTIPLA,2,0,0,0,,2.00,0.00,-2.00,-100.0000,,,,,,,,,,,,,,,,
2026-09-08 15:40:46,2026-09-08,SPY_CLOSE_H2,188,,2,,,,,,,207,134,67,2745.00,2044.00,-701.00,-25.5373,122220,3,C1_exact,90-89-9,ALTRO,MULTIPLA,2,0,0,0,,2.00,0.00,-2.00,-100.0000,,,,,,,,,,,,,,,,
2026-09-08 15:40:46,2026-09-08,SPY_CLOSE_H2,188,,2,,,,,,,207,134,67,2745.00,2044.00,-701.00,-25.5373,122221,24,C1_exact,88-69-87,ALTRO,MULTIPLA,2,1,1,0,69-87,2.00,0.00,-2.00,-100.0000,,,,,,,,,,,,,,,,
2026-09-08 15:40:46,2026-09-08,SPY_CLOSE_H1,188,,1,,,,,,,207,134,67,2745.00,2044.00,-701.00,-25.5373,122222,20,C2_exact,15-10-5,CATENA_5,MULTIPLA,1,0,0,0,,1.00,0.00,-1.00,-100.0000,,,,,,,,,,,,,,,,
2026-09-08 15:40:46,2026-09-08,SPY_CLOSE_H1,188,,1,,,,,,,207,134,67,2745.00,2044.00,-701.00,-25.5373,122223,87,C1_exact,55-6-3,ALTRO,MULTIPLA,1,1,0,0,6,1.00,0.00,-1.00,-100.0000,,,,,,,,,,,,,,,,
2026-09-08 15:40:46,2026-09-08,SPY_CLOSE_H1,188,,1,,,,,,,207,134,67,2745.00,2044.00,-701.00,-25.5373,122224,30,NC2_W3_gap,25-2-10,CATENA_5,MULTIPLA,1,1,0,0,2,1.00,0.00,-1.00,-100.0000,,,,,,,,,,,,,,,,
2026-09-08 15:40:46,2026-09-08,SPY_CLOSE_H1,188,,1,,,,,,,207,134,67,2745.00,2044.00,-701.00,-25.5373,122225,20,NC3_W5_gap,10-5-15,CATENA_5,MULTIPLA,1,0,0,0,,1.00,0.00,-1.00,-100.0000,,,,,,,,,,,,,,,,
2026-09-08 15:40:46,2026-09-08,SPY_CLOSE_H1,188,,1,,,,,,,207,134,67,2745.00,2044.00,-701.00,-25.5373,122226,85,C1_exact,55-49-48,ALTRO,MULTIPLA,1,0,0,0,,1.00,0.00,-1.00,-100.0000,,,,,,,,,,,,,,,,
2026-09-08 15:40:46,2026-09-08,SPY_CLOSE_H1,188,,1,,,,,,,207,134,67,2745.00,2044.00,-701.00,-25.5373,122227,62,NC2_W3_gap,83-9-90,ALTRO,MULTIPLA,1,0,0,0,,1.00,0.00,-1.00,-100.0000,,,,,,,,,,,,,,,,
2026-09-08 15:40:46,2026-09-08,SPY_CLOSE_H1,188,,1,,,,,,,207,134,67,2745.00,2044.00,-701.00,-25.5373,122228,10,NC2_W5,5-1-23,DECINA,MULTIPLA,1,1,0,0,1,1.00,0.00,-1.00,-100.0000,,,,,,,,,,,,,,,,
2026-09-08 15:40:46,2026-09-08,SPY_CLOSE_H1,188,,1,,,,,,,207,134,67,2745.00,2044.00,-701.00,-25.5373,122229,85,NC2_W5,89-90-88,DECINA,MULTIPLA,1,0,0,0,,1.00,0.00,-1.00,-100.0000,,,,,,,,,,,,,,,,
2026-09-08 15:40:46,2026-09-08,SPY_CLOSE_H1,188,,1,,,,,,,207,134,67,2745.00,2044.00,-701.00,-25.5373,122230,23,NC2_W3_gap,88-89-83,MOD5,MULTIPLA,1,0,0,0,,1.00,0.00,-1.00,-100.0000,,,,,,,,,,,,,,,,
2026-09-08 15:40:46,2026-09-08,SPY_CLOSE_H1,188,,1,,,,,,,207,134,67,2745.00,2044.00,-701.00,-25.5373,122231,69,NC2_W5,51-39-21,ALTRO,MULTIPLA,1,0,0,0,,1.00,0.00,-1.00,-100.0000,,,,,,,,,,,,,,,,
2026-09-08 15:40:46,2026-09-08,SPY_CLOSE_H1,188,,1,,,,,,,207,134,67,2745.00,2044.00,-701.00,-25.5373,122232,23,C1_exact,88-57-14,ALTRO,MULTIPLA,1,1,0,0,14,1.00,0.00,-1.00,-100.0000,,,,,,,,,,,,,,,,
2026-09-08 15:40:46,2026-09-08,SPY_CLOSE_H1,188,,1,,,,,,,207,134,67,2745.00,2044.00,-701.00,-25.5373,122233,10,C1_exact,5-90-89,MOD5,MULTIPLA,1,0,0,0,,1.00,0.00,-1.00,-100.0000,,,,,,,,,,,,,,,,
2026-09-08 15:40:46,2026-09-08,SPY_CLOSE_H1,188,,1,,,,,,,207,134,67,2745.00,2044.00,-701.00,-25.5373,122234,16,C1_exact,88-90-59,ALTRO,MULTIPLA,1,0,0,0,,1.00,0.00,-1.00,-100.0000,,,,,,,,,,,,,,,,
2026-09-08 15:40:46,2026-09-08,SPY_OPEN,188,,,,,,,,,207,134,67,2745.00,2044.00,-701.00,-25.5373,122235,87,C2_exact,90-89-85,DECINA,MULTIPLA,,,,,,,,,,,,,,,,,,,,,,,,,
2026-09-08 15:40:46,2026-09-08,SPY_OPEN,188,,,,,,,,,207,134,67,2745.00,2044.00,-701.00,-25.5373,122236,40,NC2_W3_gap,35-32-43,DECINA,MULTIPLA,,,,,,,,,,,,,,,,,,,,,,,,,
2026-09-08 15:40:46,2026-09-08,SPY_OPEN,188,,,,,,,,,207,134,67,2745.00,2044.00,-701.00,-25.5373,122237,66,NC3_W5_gap,25-40-1,ALTRO,MULTIPLA,,,,,,,,,,,,,,,,,,,,,,,,,
2026-09-08 15:40:46,2026-09-08,SPY_OPEN,188,,,,,,,,,207,134,67,2745.00,2044.00,-701.00,-25.5373,122238,66,NC2_W3_gap,72-25-70,ALTRO,MULTIPLA,,,,,,,,,,,,,,,,,,,,,,,,,
2026-09-08 15:40:46,2026-09-08,SPY_OPEN,188,,,,,,,,,207,134,67,2745.00,2044.00,-701.00,-25.5373,122239,10,NC2_W5,5-1-23,DECINA,MULTIPLA,,,,,,,,,,,,,,,,,,,,,,,,,
2026-09-08 15:40:46,2026-09-08,SPY_OPEN,188,,,,,,,,,207,134,67,2745.00,2044.00,-701.00,-25.5373,122240,6,NC2_W3_gap,90-87-88,DECINA,MULTIPLA,,,,,,,,,,,,,,,,,,,,,,,,,
2026-09-08 15:40:46,2026-09-08,SPY_OPEN,188,,,,,,,,,207,134,67,2745.00,2044.00,-701.00,-25.5373,122241,90,NC2_W5,87-89-88,DECINA,MULTIPLA,,,,,,,,,,,,,,,,,,,,,,,,,
2026-09-08 15:40:46,2026-09-08,SPY_OPEN,188,,,,,,,,,207,134,67,2745.00,2044.00,-701.00,-25.5373,122242,1,NC3_W5_gap,29-8-89,ALTRO,MULTIPLA,,,,,,,,,,,,,,,,,,,,,,,,,
2026-09-08 15:40:46,2026-09-08,SPY_OPEN,188,,,,,,,,,207,134,67,2745.00,2044.00,-701.00,-25.5373,122243,76,C1_exact,45-55-16,ALTRO,MULTIPLA,,,,,,,,,,,,,,,,,,,,,,,,,
2026-09-08 15:40:46,2026-09-08,SPY_OPEN,188,,,,,,,,,207,134,67,2745.00,2044.00,-701.00,-25.5373,122244,61,C1_exact,19-59-83,ALTRO,MULTIPLA,,,,,,,,,,,,,,,,,,,,,,,,,
2026-09-08 15:40:46,2026-09-08,SPY_OPEN,188,,,,,,,,,207,134,67,2745.00,2044.00,-701.00,-25.5373,122245,85,NC2_W5,89-90-88,DECINA,MULTIPLA,,,,,,,,,,,,,,,,,,,,,,,,,
2026-09-08 15:40:46,2026-09-08,SPY_OPEN,188,,,,,,,,,207,134,67,2745.00,2044.00,-701.00,-25.5373,122246,22,NC2_W3_gap,89-88-90,DECINA,MULTIPLA,,,,,,,,,,,,,,,,,,,,,,,,,
2026-09-08 15:40:46,2026-09-08,SPY_OPEN,188,,,,,,,,,207,134,67,2745.00,2044.00,-701.00,-25.5373,122247,13,C1_exact,89-90-50,ALTRO,MULTIPLA,,,,,,,,,,,,,,,,,,,,,,,,,
2026-09-08 15:40:46,2026-09-08,SPY_OPEN,188,,,,,,,,,207,134,67,2745.00,2044.00,-701.00,-25.5373,122248,14,C1_exact,90-89-88,DECINA,MULTIPLA,,,,,,,,,,,,,,,,,,,,,,,,,
2026-09-08 15:40:46,2026-09-08,SPY_OPEN,188,,,,,,,,,207,134,67,2745.00,2044.00,-701.00,-25.5373,122249,1,C1_exact,86-90-85,DECINA,MULTIPLA,,,,,,,,,,,,,,,,,,,,,,,,,
2026-09-08 15:40:46,2026-09-08,SPY_OPEN,188,,,,,,,,,207,134,67,2745.00,2044.00,-701.00,-25.5373,122250,20,NC3_W5_gap,10-5-15,CATENA_5,FORTE,,,,,,,,,,,,,,,,,,,,,,,,,
2026-09-08 15:45:57,2026-09-08,SPY_CLOSE_H3,189,,3,,,,,,,207,134,67,2745.00,2044.00,-701.00,-25.5373,122210,90,C1_exact,55-45-24,MOD5,MULTIPLA,3,1,0,0,55,3.00,0.00,-3.00,-100.0000,,,,,,,,,,,,,,,,
2026-09-08 15:45:57,2026-09-08,SPY_CLOSE_H3,189,,3,,,,,,,207,134,67,2745.00,2044.00,-701.00,-25.5373,122211,63,C2_exact,5-61-67,DECINA,MULTIPLA,3,1,0,0,61,3.00,0.00,-3.00,-100.0000,,,,,,,,,,,,,,,,
2026-09-08 15:45:57,2026-09-08,SPY_CLOSE_H3,189,,3,,,,,,,207,134,67,2745.00,2044.00,-701.00,-25.5373,122212,66,C2_exact,25-69-26,ALTRO,MULTIPLA,3,1,1,0,26-69,3.00,0.00,-3.00,-100.0000,,,,,,,,,,,,,,,,
2026-09-08 15:45:57,2026-09-08,SPY_CLOSE_H3,189,,3,,,,,,,207,134,67,2745.00,2044.00,-701.00,-25.5373,122213,32,NC3_W5_gap,56-1-47,ALTRO,MULTIPLA,3,1,1,0,1-56,3.00,0.00,-3.00,-100.0000,,,,,,,,,,,,,,,,
2026-09-08 15:45:57,2026-09-08,SPY_CLOSE_H3,189,,3,,,,,,,207,134,67,2745.00,2044.00,-701.00,-25.5373,122214,53,C2_exact,82-3-83,MOD5,MULTIPLA,3,1,0,0,83,3.00,0.00,-3.00,-100.0000,,,,,,,,,,,,,,,,
2026-09-08 15:45:57,2026-09-08,SPY_CLOSE_H3,189,,3,,,,,,,207,134,67,2745.00,2044.00,-701.00,-25.5373,122215,57,NC3_W5_gap,73-28-63,MOD5,MULTIPLA,3,1,0,0,28,3.00,0.00,-3.00,-100.0000,,,,,,,,,,,,,,,,
2026-09-08 15:45:57,2026-09-08,SPY_CLOSE_H3,189,,3,,,,,,,207,134,67,2745.00,2044.00,-701.00,-25.5373,122216,61,C1_exact,19-59-83,ALTRO,MULTIPLA,3,1,0,0,59,3.00,0.00,-3.00,-100.0000,,,,,,,,,,,,,,,,
2026-09-08 15:45:57,2026-09-08,SPY_CLOSE_H3,189,,3,,,,,,,207,134,67,2745.00,2044.00,-701.00,-25.5373,122217,20,NC2_W3_gap,90-87-88,DECINA,MULTIPLA,3,1,0,0,87,3.00,0.00,-3.00,-100.0000,,,,,,,,,,,,,,,,
2026-09-08 15:45:57,2026-09-08,SPY_CLOSE_H3,189,,3,,,,,,,207,134,67,2745.00,2044.00,-701.00,-25.5373,122218,20,C1_exact,15-90-87,MOD5,MULTIPLA,3,1,0,0,87,3.00,0.00,-3.00,-100.0000,,,,,,,,,,,,,,,,
2026-09-08 15:45:57,2026-09-08,SPY_CLOSE_H3,189,,3,,,,,,,207,134,67,2745.00,2044.00,-701.00,-25.5373,122219,12,C1_exact,89-86-90,DECINA,MULTIPLA,3,1,0,0,86,3.00,0.00,-3.00,-100.0000,,,,,,,,,,,,,,,,
2026-09-08 15:45:57,2026-09-08,SPY_CLOSE_H3,189,,3,,,,,,,207,134,67,2745.00,2044.00,-701.00,-25.5373,122220,3,C1_exact,90-89-9,ALTRO,MULTIPLA,3,0,0,0,,3.00,0.00,-3.00,-100.0000,,,,,,,,,,,,,,,,
2026-09-08 15:45:57,2026-09-08,SPY_CLOSE_H3,189,,3,,,,,,,207,134,67,2745.00,2044.00,-701.00,-25.5373,122221,24,C1_exact,88-69-87,ALTRO,MULTIPLA,3,1,1,0,69-87,3.00,0.00,-3.00,-100.0000,,,,,,,,,,,,,,,,
2026-09-08 15:45:57,2026-09-08,SPY_CLOSE_H2,189,,2,,,,,,,207,134,67,2745.00,2044.00,-701.00,-25.5373,122222,20,C2_exact,15-10-5,CATENA_5,MULTIPLA,2,1,0,0,10,2.00,0.00,-2.00,-100.0000,,,,,,,,,,,,,,,,
2026-09-08 15:45:57,2026-09-08,SPY_CLOSE_H2,189,,2,,,,,,,207,134,67,2745.00,2044.00,-701.00,-25.5373,122223,87,C1_exact,55-6-3,ALTRO,MULTIPLA,2,1,0,0,6,2.00,0.00,-2.00,-100.0000,,,,,,,,,,,,,,,,
2026-09-08 15:45:57,2026-09-08,SPY_CLOSE_H2,189,,2,,,,,,,207,134,67,2745.00,2044.00,-701.00,-25.5373,122224,30,NC2_W3_gap,25-2-10,CATENA_5,MULTIPLA,2,1,1,0,10-25,2.00,0.00,-2.00,-100.0000,,,,,,,,,,,,,,,,
2026-09-08 15:45:57,2026-09-08,SPY_CLOSE_H2,189,,2,,,,,,,207,134,67,2745.00,2044.00,-701.00,-25.5373,122225,20,NC3_W5_gap,10-5-15,CATENA_5,MULTIPLA,2,1,0,0,10,2.00,0.00,-2.00,-100.0000,,,,,,,,,,,,,,,,
2026-09-08 15:45:57,2026-09-08,SPY_CLOSE_H2,189,,2,,,,,,,207,134,67,2745.00,2044.00,-701.00,-25.5373,122226,85,C1_exact,55-49-48,ALTRO,MULTIPLA,2,1,0,0,55,2.00,0.00,-2.00,-100.0000,,,,,,,,,,,,,,,,
2026-09-08 15:45:57,2026-09-08,SPY_CLOSE_H2,189,,2,,,,,,,207,134,67,2745.00,2044.00,-701.00,-25.5373,122227,62,NC2_W3_gap,83-9-90,ALTRO,MULTIPLA,2,1,0,0,83,2.00,0.00,-2.00,-100.0000,,,,,,,,,,,,,,,,
2026-09-08 15:45:57,2026-09-08,SPY_CLOSE_H2,189,,2,,,,,,,207,134,67,2745.00,2044.00,-701.00,-25.5373,122228,10,NC2_W5,5-1-23,DECINA,MULTIPLA,2,1,0,0,1,2.00,0.00,-2.00,-100.0000,,,,,,,,,,,,,,,,
2026-09-08 15:45:57,2026-09-08,SPY_CLOSE_H2,189,,2,,,,,,,207,134,67,2745.00,2044.00,-701.00,-25.5373,122229,85,NC2_W5,89-90-88,DECINA,MULTIPLA,2,1,0,0,88,2.00,0.00,-2.00,-100.0000,,,,,,,,,,,,,,,,
2026-09-08 15:45:57,2026-09-08,SPY_CLOSE_H2,189,,2,,,,,,,207,134,67,2745.00,2044.00,-701.00,-25.5373,122230,23,NC2_W3_gap,88-89-83,MOD5,MULTIPLA,2,1,1,0,83-88,2.00,0.00,-2.00,-100.0000,,,,,,,,,,,,,,,,
2026-09-08 15:45:57,2026-09-08,SPY_CLOSE_H2,189,,2,,,,,,,207,134,67,2745.00,2044.00,-701.00,-25.5373,122231,69,NC2_W5,51-39-21,ALTRO,MULTIPLA,2,0,0,0,,2.00,0.00,-2.00,-100.0000,,,,,,,,,,,,,,,,
2026-09-08 15:45:57,2026-09-08,SPY_CLOSE_H2,189,,2,,,,,,,207,134,67,2745.00,2044.00,-701.00,-25.5373,122232,23,C1_exact,88-57-14,ALTRO,MULTIPLA,2,1,1,0,57-88,2.00,0.00,-2.00,-100.0000,,,,,,,,,,,,,,,,
2026-09-08 15:45:57,2026-09-08,SPY_CLOSE_H2,189,,2,,,,,,,207,134,67,2745.00,2044.00,-701.00,-25.5373,122233,10,C1_exact,5-90-89,MOD5,MULTIPLA,2,0,0,0,,2.00,0.00,-2.00,-100.0000,,,,,,,,,,,,,,,,
2026-09-08 15:45:57,2026-09-08,SPY_CLOSE_H2,189,,2,,,,,,,207,134,67,2745.00,2044.00,-701.00,-25.5373,122234,16,C1_exact,88-90-59,ALTRO,MULTIPLA,2,1,0,0,88,2.00,0.00,-2.00,-100.0000,,,,,,,,,,,,,,,,
2026-09-08 15:45:57,2026-09-08,SPY_CLOSE_H1,189,,1,,,,,,,207,134,67,2745.00,2044.00,-701.00,-25.5373,122235,87,C2_exact,90-89-85,DECINA,MULTIPLA,1,1,0,0,85,1.00,0.00,-1.00,-100.0000,,,,,,,,,,,,,,,,
2026-09-08 15:45:57,2026-09-08,SPY_CLOSE_H1,189,,1,,,,,,,207,134,67,2745.00,2044.00,-701.00,-25.5373,122236,40,NC2_W3_gap,35-32-43,DECINA,MULTIPLA,1,1,0,0,32,1.00,0.00,-1.00,-100.0000,,,,,,,,,,,,,,,,
2026-09-08 15:45:57,2026-09-08,SPY_CLOSE_H1,189,,1,,,,,,,207,134,67,2745.00,2044.00,-701.00,-25.5373,122237,66,NC3_W5_gap,25-40-1,ALTRO,MULTIPLA,1,1,0,0,25,1.00,0.00,-1.00,-100.0000,,,,,,,,,,,,,,,,
2026-09-08 15:45:57,2026-09-08,SPY_CLOSE_H1,189,,1,,,,,,,207,134,67,2745.00,2044.00,-701.00,-25.5373,122238,66,NC2_W3_gap,72-25-70,ALTRO,MULTIPLA,1,1,0,0,25,1.00,0.00,-1.00,-100.0000,,,,,,,,,,,,,,,,
2026-09-08 15:45:57,2026-09-08,SPY_CLOSE_H1,189,,1,,,,,,,207,134,67,2745.00,2044.00,-701.00,-25.5373,122239,10,NC2_W5,5-1-23,DECINA,MULTIPLA,1,0,0,0,,1.00,0.00,-1.00,-100.0000,,,,,,,,,,,,,,,,
2026-09-08 15:45:57,2026-09-08,SPY_CLOSE_H1,189,,1,,,,,,,207,134,67,2745.00,2044.00,-701.00,-25.5373,122240,6,NC2_W3_gap,90-87-88,DECINA,MULTIPLA,1,1,0,0,88,1.00,0.00,-1.00,-100.0000,,,,,,,,,,,,,,,,
2026-09-08 15:45:57,2026-09-08,SPY_CLOSE_H1,189,,1,,,,,,,207,134,67,2745.00,2044.00,-701.00,-25.5373,122241,90,NC2_W5,87-89-88,DECINA,MULTIPLA,1,1,0,0,88,1.00,0.00,-1.00,-100.0000,,,,,,,,,,,,,,,,
2026-09-08 15:45:57,2026-09-08,SPY_CLOSE_H1,189,,1,,,,,,,207,134,67,2745.00,2044.00,-701.00,-25.5373,122242,1,NC3_W5_gap,29-8-89,ALTRO,MULTIPLA,1,0,0,0,,1.00,0.00,-1.00,-100.0000,,,,,,,,,,,,,,,,
2026-09-08 15:45:57,2026-09-08,SPY_CLOSE_H1,189,,1,,,,,,,207,134,67,2745.00,2044.00,-701.00,-25.5373,122243,76,C1_exact,45-55-16,ALTRO,MULTIPLA,1,1,0,0,55,1.00,0.00,-1.00,-100.0000,,,,,,,,,,,,,,,,
2026-09-08 15:45:57,2026-09-08,SPY_CLOSE_H1,189,,1,,,,,,,207,134,67,2745.00,2044.00,-701.00,-25.5373,122244,61,C1_exact,19-59-83,ALTRO,MULTIPLA,1,1,0,0,83,1.00,0.00,-1.00,-100.0000,,,,,,,,,,,,,,,,
2026-09-08 15:45:57,2026-09-08,SPY_CLOSE_H1,189,,1,,,,,,,207,134,67,2745.00,2044.00,-701.00,-25.5373,122245,85,NC2_W5,89-90-88,DECINA,MULTIPLA,1,1,0,0,88,1.00,0.00,-1.00,-100.0000,,,,,,,,,,,,,,,,
2026-09-08 15:45:57,2026-09-08,SPY_CLOSE_H1,189,,1,,,,,,,207,134,67,2745.00,2044.00,-701.00,-25.5373,122246,22,NC2_W3_gap,89-88-90,DECINA,MULTIPLA,1,1,0,0,88,1.00,0.00,-1.00,-100.0000,,,,,,,,,,,,,,,,
2026-09-08 15:45:57,2026-09-08,SPY_CLOSE_H1,189,,1,,,,,,,207,134,67,2745.00,2044.00,-701.00,-25.5373,122247,13,C1_exact,89-90-50,ALTRO,MULTIPLA,1,0,0,0,,1.00,0.00,-1.00,-100.0000,,,,,,,,,,,,,,,,
2026-09-08 15:45:57,2026-09-08,SPY_CLOSE_H1,189,,1,,,,,,,207,134,67,2745.00,2044.00,-701.00,-25.5373,122248,14,C1_exact,90-89-88,DECINA,MULTIPLA,1,1,0,0,88,1.00,0.00,-1.00,-100.0000,,,,,,,,,,,,,,,,
2026-09-08 15:45:57,2026-09-08,SPY_CLOSE_H1,189,,1,,,,,,,207,134,67,2745.00,2044.00,-701.00,-25.5373,122249,1,C1_exact,86-90-85,DECINA,MULTIPLA,1,1,1,0,85-86,1.00,0.00,-1.00,-100.0000,,,,,,,,,,,,,,,,
2026-09-08 15:45:57,2026-09-08,SPY_CLOSE_H1,189,,1,,,,,,,207,134,67,2745.00,2044.00,-701.00,-25.5373,122250,20,NC3_W5_gap,10-5-15,CATENA_5,FORTE,1,1,0,0,10,1.00,0.00,-1.00,-100.0000,,,,,,,,,,,,,,,,
2026-09-08 15:45:57,2026-09-08,SUM9091_LAB_CLOSE,189,2069,10,20,,20-70-71,RAW_SUM_830_REPEAT_FROM_E5_GAP_174_BEST_3_3_H1,,,207,134,67,2745.00,2044.00,-701.00,-25.5373,,,,,,,,,,,,,,,,,,,,,,,,,,,,,,,
2026-09-08 15:45:57,2026-09-08,SPY_OPEN,189,,,,,,,,,207,134,67,2745.00,2044.00,-701.00,-25.5373,122251,36,C2_exact,31-33-25,DECINA,MULTIPLA,,,,,,,,,,,,,,,,,,,,,,,,,
2026-09-08 15:45:57,2026-09-08,SPY_OPEN,189,,,,,,,,,207,134,67,2745.00,2044.00,-701.00,-25.5373,122252,30,NC2_W3_gap,25-2-10,CATENA_5,MULTIPLA,,,,,,,,,,,,,,,,,,,,,,,,,
2026-09-08 15:45:57,2026-09-08,SPY_OPEN,189,,,,,,,,,207,134,67,2745.00,2044.00,-701.00,-25.5373,122253,13,C2_exact,43-61-70,ALTRO,MULTIPLA,,,,,,,,,,,,,,,,,,,,,,,,,
2026-09-08 15:45:57,2026-09-08,SPY_OPEN,189,,,,,,,,,207,134,67,2745.00,2044.00,-701.00,-25.5373,122254,66,NC3_W5_gap,25-40-1,ALTRO,MULTIPLA,,,,,,,,,,,,,,,,,,,,,,,,,
2026-09-08 15:45:57,2026-09-08,SPY_OPEN,189,,,,,,,,,207,134,67,2745.00,2044.00,-701.00,-25.5373,122255,85,C1_exact,55-49-48,ALTRO,MULTIPLA,,,,,,,,,,,,,,,,,,,,,,,,,
2026-09-08 15:45:57,2026-09-08,SPY_OPEN,189,,,,,,,,,207,134,67,2745.00,2044.00,-701.00,-25.5373,122256,64,NC3_W5_gap,69-44-83,MOD5,MULTIPLA,,,,,,,,,,,,,,,,,,,,,,,,,
2026-09-08 15:45:57,2026-09-08,SPY_OPEN,189,,,,,,,,,207,134,67,2745.00,2044.00,-701.00,-25.5373,122257,25,NC2_W5,20-46-6,ALTRO,MULTIPLA,,,,,,,,,,,,,,,,,,,,,,,,,
2026-09-08 15:45:57,2026-09-08,SPY_OPEN,189,,,,,,,,,207,134,67,2745.00,2044.00,-701.00,-25.5373,122258,10,NC2_W5,5-1-23,DECINA,MULTIPLA,,,,,,,,,,,,,,,,,,,,,,,,,
2026-09-08 15:45:57,2026-09-08,SPY_OPEN,189,,,,,,,,,207,134,67,2745.00,2044.00,-701.00,-25.5373,122259,30,NC3_W5_gap,10-25-15,CATENA_5,MULTIPLA,,,,,,,,,,,,,,,,,,,,,,,,,
2026-09-08 15:45:57,2026-09-08,SPY_OPEN,189,,,,,,,,,207,134,67,2745.00,2044.00,-701.00,-25.5373,122260,25,C1_exact,20-90-36,MOD5,MULTIPLA,,,,,,,,,,,,,,,,,,,,,,,,,
2026-09-08 15:45:57,2026-09-08,SPY_OPEN,189,,,,,,,,,207,134,67,2745.00,2044.00,-701.00,-25.5373,122261,22,C2_exact,61-27-74,ALTRO,MULTIPLA,,,,,,,,,,,,,,,,,,,,,,,,,
2026-09-08 15:45:57,2026-09-08,SPY_OPEN,189,,,,,,,,,207,134,67,2745.00,2044.00,-701.00,-25.5373,122262,80,C1_exact,3-55-44,ALTRO,MULTIPLA,,,,,,,,,,,,,,,,,,,,,,,,,
2026-09-08 15:45:57,2026-09-08,SPY_OPEN,189,,,,,,,,,207,134,67,2745.00,2044.00,-701.00,-25.5373,122263,10,NC2_W3_gap,90-89-50,MOD5,MULTIPLA,,,,,,,,,,,,,,,,,,,,,,,,,
2026-09-08 15:45:57,2026-09-08,SPY_OPEN,189,,,,,,,,,207,134,67,2745.00,2044.00,-701.00,-25.5373,122264,85,NC2_W5,89-90-88,DECINA,MULTIPLA,,,,,,,,,,,,,,,,,,,,,,,,,
2026-09-08 15:45:57,2026-09-08,SPY_OPEN,189,,,,,,,,,207,134,67,2745.00,2044.00,-701.00,-25.5373,122265,22,NC3_W5_gap,88-83-89,DECINA,MULTIPLA,,,,,,,,,,,,,,,,,,,,,,,,,
2026-09-08 15:45:57,2026-09-08,SPY_OPEN,189,,,,,,,,,207,134,67,2745.00,2044.00,-701.00,-25.5373,122266,27,C1_exact,7-40-88,ALTRO,MULTIPLA,,,,,,,,,,,,,,,,,,,,,,,,,
2026-09-08 15:45:57,2026-09-08,SPY_OPEN,189,,,,,,,,,207,134,67,2745.00,2044.00,-701.00,-25.5373,122267,10,C1_exact,5-90-89,MOD5,MULTIPLA,,,,,,,,,,,,,,,,,,,,,,,,,
2026-09-08 15:45:57,2026-09-08,SUM9091_LAB_OPEN,189,2075,0,13,,13-77-78,REPEAT_RAW_SUM_1003_FROM_E78_GAP_111_OCC_3,,,207,134,67,2745.00,2044.00,-701.00,-25.5373,,,,,,,,,,,,,,,,,,,,,,,,,,,,,,,
2026-09-08 15:51:07,2026-09-08,SPY_CLOSE_H3,190,,3,,,,,,,207,134,67,2745.00,2044.00,-701.00,-25.5373,122222,20,C2_exact,15-10-5,CATENA_5,MULTIPLA,3,1,0,0,10,3.00,0.00,-3.00,-100.0000,,,,,,,,,,,,,,,,
2026-09-08 15:51:07,2026-09-08,SPY_CLOSE_H3,190,,3,,,,,,,207,134,67,2745.00,2044.00,-701.00,-25.5373,122223,87,C1_exact,55-6-3,ALTRO,MULTIPLA,3,1,0,0,6,3.00,0.00,-3.00,-100.0000,,,,,,,,,,,,,,,,
2026-09-08 15:51:07,2026-09-08,SPY_CLOSE_H3,190,,3,,,,,,,207,134,67,2745.00,2044.00,-701.00,-25.5373,122224,30,NC2_W3_gap,25-2-10,CATENA_5,MULTIPLA,3,1,1,0,10-25,3.00,0.00,-3.00,-100.0000,,,,,,,,,,,,,,,,
2026-09-08 15:51:07,2026-09-08,SPY_CLOSE_H3,190,,3,,,,,,,207,134,67,2745.00,2044.00,-701.00,-25.5373,122225,20,NC3_W5_gap,10-5-15,CATENA_5,MULTIPLA,3,1,0,0,10,3.00,0.00,-3.00,-100.0000,,,,,,,,,,,,,,,,
2026-09-08 15:51:07,2026-09-08,SPY_CLOSE_H3,190,,3,,,,,,,207,134,67,2745.00,2044.00,-701.00,-25.5373,122226,85,C1_exact,55-49-48,ALTRO,MULTIPLA,3,1,0,0,55,3.00,0.00,-3.00,-100.0000,,,,,,,,,,,,,,,,
2026-09-08 15:51:07,2026-09-08,SPY_CLOSE_H3,190,,3,,,,,,,207,134,67,2745.00,2044.00,-701.00,-25.5373,122227,62,NC2_W3_gap,83-9-90,ALTRO,MULTIPLA,3,1,0,0,83,3.00,0.00,-3.00,-100.0000,,,,,,,,,,,,,,,,
2026-09-08 15:51:07,2026-09-08,SPY_CLOSE_H3,190,,3,,,,,,,207,134,67,2745.00,2044.00,-701.00,-25.5373,122228,10,NC2_W5,5-1-23,DECINA,MULTIPLA,3,1,0,0,1,3.00,0.00,-3.00,-100.0000,,,,,,,,,,,,,,,,
2026-09-08 15:51:07,2026-09-08,SPY_CLOSE_H3,190,,3,,,,,,,207,134,67,2745.00,2044.00,-701.00,-25.5373,122229,85,NC2_W5,89-90-88,DECINA,MULTIPLA,3,1,0,0,88,3.00,0.00,-3.00,-100.0000,,,,,,,,,,,,,,,,
2026-09-08 15:51:07,2026-09-08,SPY_CLOSE_H3,190,,3,,,,,,,207,134,67,2745.00,2044.00,-701.00,-25.5373,122230,23,NC2_W3_gap,88-89-83,MOD5,MULTIPLA,3,1,1,0,83-88,3.00,0.00,-3.00,-100.0000,,,,,,,,,,,,,,,,
2026-09-08 15:51:07,2026-09-08,SPY_CLOSE_H3,190,,3,,,,,,,207,134,67,2745.00,2044.00,-701.00,-25.5373,122231,69,NC2_W5,51-39-21,ALTRO,MULTIPLA,3,1,0,0,51,3.00,0.00,-3.00,-100.0000,,,,,,,,,,,,,,,,
2026-09-08 15:51:07,2026-09-08,SPY_CLOSE_H3,190,,3,,,,,,,207,134,67,2745.00,2044.00,-701.00,-25.5373,122232,23,C1_exact,88-57-14,ALTRO,MULTIPLA,3,1,1,0,57-88,3.00,0.00,-3.00,-100.0000,,,,,,,,,,,,,,,,
2026-09-08 15:51:07,2026-09-08,SPY_CLOSE_H3,190,,3,,,,,,,207,134,67,2745.00,2044.00,-701.00,-25.5373,122233,10,C1_exact,5-90-89,MOD5,MULTIPLA,3,1,0,0,90,3.00,0.00,-3.00,-100.0000,,,,,,,,,,,,,,,,
2026-09-08 15:51:07,2026-09-08,SPY_CLOSE_H3,190,,3,,,,,,,207,134,67,2745.00,2044.00,-701.00,-25.5373,122234,16,C1_exact,88-90-59,ALTRO,MULTIPLA,3,1,0,0,88,3.00,0.00,-3.00,-100.0000,,,,,,,,,,,,,,,,
2026-09-08 15:51:07,2026-09-08,SPY_CLOSE_H2,190,,2,,,,,,,207,134,67,2745.00,2044.00,-701.00,-25.5373,122235,87,C2_exact,90-89-85,DECINA,MULTIPLA,2,1,1,0,85-90,2.00,0.00,-2.00,-100.0000,,,,,,,,,,,,,,,,
2026-09-08 15:51:07,2026-09-08,SPY_CLOSE_H2,190,,2,,,,,,,207,134,67,2745.00,2044.00,-701.00,-25.5373,122236,40,NC2_W3_gap,35-32-43,DECINA,MULTIPLA,2,1,0,0,32,2.00,0.00,-2.00,-100.0000,,,,,,,,,,,,,,,,
2026-09-08 15:51:07,2026-09-08,SPY_CLOSE_H2,190,,2,,,,,,,207,134,67,2745.00,2044.00,-701.00,-25.5373,122237,66,NC3_W5_gap,25-40-1,ALTRO,MULTIPLA,2,1,0,0,25,2.00,0.00,-2.00,-100.0000,,,,,,,,,,,,,,,,
2026-09-08 15:51:07,2026-09-08,SPY_CLOSE_H2,190,,2,,,,,,,207,134,67,2745.00,2044.00,-701.00,-25.5373,122238,66,NC2_W3_gap,72-25-70,ALTRO,MULTIPLA,2,1,0,0,25,2.00,0.00,-2.00,-100.0000,,,,,,,,,,,,,,,,
2026-09-08 15:51:07,2026-09-08,SPY_CLOSE_H2,190,,2,,,,,,,207,134,67,2745.00,2044.00,-701.00,-25.5373,122239,10,NC2_W5,5-1-23,DECINA,MULTIPLA,2,1,0,0,23,2.00,0.00,-2.00,-100.0000,,,,,,,,,,,,,,,,
2026-09-08 15:51:07,2026-09-08,SPY_CLOSE_H2,190,,2,,,,,,,207,134,67,2745.00,2044.00,-701.00,-25.5373,122240,6,NC2_W3_gap,90-87-88,DECINA,MULTIPLA,2,1,0,0,88,2.00,0.00,-2.00,-100.0000,,,,,,,,,,,,,,,,
2026-09-08 15:51:07,2026-09-08,SPY_CLOSE_H2,190,,2,,,,,,,207,134,67,2745.00,2044.00,-701.00,-25.5373,122241,90,NC2_W5,87-89-88,DECINA,MULTIPLA,2,1,0,0,88,2.00,0.00,-2.00,-100.0000,,,,,,,,,,,,,,,,
2026-09-08 15:51:07,2026-09-08,SPY_CLOSE_H2,190,,2,,,,,,,207,134,67,2745.00,2044.00,-701.00,-25.5373,122242,1,NC3_W5_gap,29-8-89,ALTRO,MULTIPLA,2,1,1,0,8-29,2.00,0.00,-2.00,-100.0000,,,,,,,,,,,,,,,,
2026-09-08 15:51:07,2026-09-08,SPY_CLOSE_H2,190,,2,,,,,,,207,134,67,2745.00,2044.00,-701.00,-25.5373,122243,76,C1_exact,45-55-16,ALTRO,MULTIPLA,2,1,0,0,55,2.00,0.00,-2.00,-100.0000,,,,,,,,,,,,,,,,
2026-09-08 15:51:07,2026-09-08,SPY_CLOSE_H2,190,,2,,,,,,,207,134,67,2745.00,2044.00,-701.00,-25.5373,122244,61,C1_exact,19-59-83,ALTRO,MULTIPLA,2,1,0,0,83,2.00,0.00,-2.00,-100.0000,,,,,,,,,,,,,,,,
2026-09-08 15:51:07,2026-09-08,SPY_CLOSE_H2,190,,2,,,,,,,207,134,67,2745.00,2044.00,-701.00,-25.5373,122245,85,NC2_W5,89-90-88,DECINA,MULTIPLA,2,1,0,0,88,2.00,0.00,-2.00,-100.0000,,,,,,,,,,,,,,,,
2026-09-08 15:51:07,2026-09-08,SPY_CLOSE_H2,190,,2,,,,,,,207,134,67,2745.00,2044.00,-701.00,-25.5373,122246,22,NC2_W3_gap,89-88-90,DECINA,MULTIPLA,2,1,0,0,88,2.00,0.00,-2.00,-100.0000,,,,,,,,,,,,,,,,
2026-09-08 15:51:07,2026-09-08,SPY_CLOSE_H2,190,,2,,,,,,,207,134,67,2745.00,2044.00,-701.00,-25.5373,122247,13,C1_exact,89-90-50,ALTRO,MULTIPLA,2,1,0,0,90,2.00,0.00,-2.00,-100.0000,,,,,,,,,,,,,,,,
2026-09-08 15:51:07,2026-09-08,SPY_CLOSE_H2,190,,2,,,,,,,207,134,67,2745.00,2044.00,-701.00,-25.5373,122248,14,C1_exact,90-89-88,DECINA,MULTIPLA,2,1,0,0,88,2.00,0.00,-2.00,-100.0000,,,,,,,,,,,,,,,,
2026-09-08 15:51:07,2026-09-08,SPY_CLOSE_H2,190,,2,,,,,,,207,134,67,2745.00,2044.00,-701.00,-25.5373,122249,1,C1_exact,86-90-85,DECINA,MULTIPLA,2,1,1,1,85-86-90,2.00,45.00,43.00,2150.0000,,,,,,,,,,,,,,,,
2026-09-08 15:51:07,2026-09-08,SPY_CLOSE_H2,190,,2,,,,,,,207,134,67,2745.00,2044.00,-701.00,-25.5373,122250,20,NC3_W5_gap,10-5-15,CATENA_5,FORTE,2,1,0,0,10,2.00,0.00,-2.00,-100.0000,,,,,,,,,,,,,,,,
2026-09-08 15:51:07,2026-09-08,SPY_CLOSE_H1,190,,1,,,,,,,207,134,67,2745.00,2044.00,-701.00,-25.5373,122251,36,C2_exact,31-33-25,DECINA,MULTIPLA,1,0,0,0,,1.00,0.00,-1.00,-100.0000,,,,,,,,,,,,,,,,
2026-09-08 15:51:07,2026-09-08,SPY_CLOSE_H1,190,,1,,,,,,,207,134,67,2745.00,2044.00,-701.00,-25.5373,122252,30,NC2_W3_gap,25-2-10,CATENA_5,MULTIPLA,1,0,0,0,,1.00,0.00,-1.00,-100.0000,,,,,,,,,,,,,,,,
2026-09-08 15:51:07,2026-09-08,SPY_CLOSE_H1,190,,1,,,,,,,207,134,67,2745.00,2044.00,-701.00,-25.5373,122253,13,C2_exact,43-61-70,ALTRO,MULTIPLA,1,0,0,0,,1.00,0.00,-1.00,-100.0000,,,,,,,,,,,,,,,,
2026-09-08 15:51:07,2026-09-08,SPY_CLOSE_H1,190,,1,,,,,,,207,134,67,2745.00,2044.00,-701.00,-25.5373,122254,66,NC3_W5_gap,25-40-1,ALTRO,MULTIPLA,1,0,0,0,,1.00,0.00,-1.00,-100.0000,,,,,,,,,,,,,,,,
2026-09-08 15:51:07,2026-09-08,SPY_CLOSE_H1,190,,1,,,,,,,207,134,67,2745.00,2044.00,-701.00,-25.5373,122255,85,C1_exact,55-49-48,ALTRO,MULTIPLA,1,1,0,0,49,1.00,0.00,-1.00,-100.0000,,,,,,,,,,,,,,,,
2026-09-08 15:51:07,2026-09-08,SPY_CLOSE_H1,190,,1,,,,,,,207,134,67,2745.00,2044.00,-701.00,-25.5373,122256,64,NC3_W5_gap,69-44-83,MOD5,MULTIPLA,1,0,0,0,,1.00,0.00,-1.00,-100.0000,,,,,,,,,,,,,,,,
2026-09-08 15:51:07,2026-09-08,SPY_CLOSE_H1,190,,1,,,,,,,207,134,67,2745.00,2044.00,-701.00,-25.5373,122257,25,NC2_W5,20-46-6,ALTRO,MULTIPLA,1,0,0,0,,1.00,0.00,-1.00,-100.0000,,,,,,,,,,,,,,,,
2026-09-08 15:51:07,2026-09-08,SPY_CLOSE_H1,190,,1,,,,,,,207,134,67,2745.00,2044.00,-701.00,-25.5373,122258,10,NC2_W5,5-1-23,DECINA,MULTIPLA,1,1,0,0,23,1.00,0.00,-1.00,-100.0000,,,,,,,,,,,,,,,,
2026-09-08 15:51:07,2026-09-08,SPY_CLOSE_H1,190,,1,,,,,,,207,134,67,2745.00,2044.00,-701.00,-25.5373,122259,30,NC3_W5_gap,10-25-15,CATENA_5,MULTIPLA,1,1,0,0,15,1.00,0.00,-1.00,-100.0000,,,,,,,,,,,,,,,,
2026-09-08 15:51:07,2026-09-08,SPY_CLOSE_H1,190,,1,,,,,,,207,134,67,2745.00,2044.00,-701.00,-25.5373,122260,25,C1_exact,20-90-36,MOD5,MULTIPLA,1,1,0,0,90,1.00,0.00,-1.00,-100.0000,,,,,,,,,,,,,,,,
2026-09-08 15:51:07,2026-09-08,SPY_CLOSE_H1,190,,1,,,,,,,207,134,67,2745.00,2044.00,-701.00,-25.5373,122261,22,C2_exact,61-27-74,ALTRO,MULTIPLA,1,0,0,0,,1.00,0.00,-1.00,-100.0000,,,,,,,,,,,,,,,,
2026-09-08 15:51:07,2026-09-08,SPY_CLOSE_H1,190,,1,,,,,,,207,134,67,2745.00,2044.00,-701.00,-25.5373,122262,80,C1_exact,3-55-44,ALTRO,MULTIPLA,1,0,0,0,,1.00,0.00,-1.00,-100.0000,,,,,,,,,,,,,,,,
2026-09-08 15:51:07,2026-09-08,SPY_CLOSE_H1,190,,1,,,,,,,207,134,67,2745.00,2044.00,-701.00,-25.5373,122263,10,NC2_W3_gap,90-89-50,MOD5,MULTIPLA,1,1,0,0,90,1.00,0.00,-1.00,-100.0000,,,,,,,,,,,,,,,,
2026-09-08 15:51:07,2026-09-08,SPY_CLOSE_H1,190,,1,,,,,,,207,134,67,2745.00,2044.00,-701.00,-25.5373,122264,85,NC2_W5,89-90-88,DECINA,MULTIPLA,1,1,0,0,90,1.00,0.00,-1.00,-100.0000,,,,,,,,,,,,,,,,
2026-09-08 15:51:07,2026-09-08,SPY_CLOSE_H1,190,,1,,,,,,,207,134,67,2745.00,2044.00,-701.00,-25.5373,122265,22,NC3_W5_gap,88-83-89,DECINA,MULTIPLA,1,0,0,0,,1.00,0.00,-1.00,-100.0000,,,,,,,,,,,,,,,,
2026-09-08 15:51:07,2026-09-08,SPY_CLOSE_H1,190,,1,,,,,,,207,134,67,2745.00,2044.00,-701.00,-25.5373,122266,27,C1_exact,7-40-88,ALTRO,MULTIPLA,1,1,0,0,7,1.00,0.00,-1.00,-100.0000,,,,,,,,,,,,,,,,
2026-09-08 15:51:07,2026-09-08,SPY_CLOSE_H1,190,,1,,,,,,,207,134,67,2745.00,2044.00,-701.00,-25.5373,122267,10,C1_exact,5-90-89,MOD5,MULTIPLA,1,1,0,0,90,1.00,0.00,-1.00,-100.0000,,,,,,,,,,,,,,,,
2026-09-08 15:51:07,2026-09-08,SPY_OPEN,190,,,,,,,,,207,134,67,2745.00,2044.00,-701.00,-25.5373,122268,30,C2_exact,25-20-1,CATENA_5,MULTIPLA,,,,,,,,,,,,,,,,,,,,,,,,,
2026-09-08 15:51:07,2026-09-08,SPY_OPEN,190,,,,,,,,,207,134,67,2745.00,2044.00,-701.00,-25.5373,122269,90,C1_exact,55-45-24,MOD5,MULTIPLA,,,,,,,,,,,,,,,,,,,,,,,,,
2026-09-08 15:51:07,2026-09-08,SPY_OPEN,190,,,,,,,,,207,134,67,2745.00,2044.00,-701.00,-25.5373,122270,86,C2_exact,89-90-88,DECINA,MULTIPLA,,,,,,,,,,,,,,,,,,,,,,,,,
2026-09-08 15:51:07,2026-09-08,SPY_OPEN,190,,,,,,,,,207,134,67,2745.00,2044.00,-701.00,-25.5373,122271,66,NC3_W5_gap,25-40-1,ALTRO,MULTIPLA,,,,,,,,,,,,,,,,,,,,,,,,,
2026-09-08 15:51:07,2026-09-08,SPY_OPEN,190,,,,,,,,,207,134,67,2745.00,2044.00,-701.00,-25.5373,122272,32,C2_exact,35-33-13,DECINA,MULTIPLA,,,,,,,,,,,,,,,,,,,,,,,,,
2026-09-08 15:51:07,2026-09-08,SPY_OPEN,190,,,,,,,,,207,134,67,2745.00,2044.00,-701.00,-25.5373,122273,32,NC3_W5_gap,56-1-47,ALTRO,MULTIPLA,,,,,,,,,,,,,,,,,,,,,,,,,
2026-09-08 15:51:07,2026-09-08,SPY_OPEN,190,,,,,,,,,207,134,67,2745.00,2044.00,-701.00,-25.5373,122274,66,NC2_W3_gap,72-25-70,ALTRO,MULTIPLA,,,,,,,,,,,,,,,,,,,,,,,,,
2026-09-08 15:51:07,2026-09-08,SPY_OPEN,190,,,,,,,,,207,134,67,2745.00,2044.00,-701.00,-25.5373,122275,85,C2_exact,88-82-87,DECINA,MULTIPLA,,,,,,,,,,,,,,,,,,,,,,,,,
2026-09-08 15:51:07,2026-09-08,SPY_OPEN,190,,,,,,,,,207,134,67,2745.00,2044.00,-701.00,-25.5373,122276,85,NC3_W5_gap,88-41-90,DECINA,MULTIPLA,,,,,,,,,,,,,,,,,,,,,,,,,
2026-09-08 15:51:07,2026-09-08,SPY_OPEN,190,,,,,,,,,207,134,67,2745.00,2044.00,-701.00,-25.5373,122277,10,NC2_W5,5-1-23,DECINA,MULTIPLA,,,,,,,,,,,,,,,,,,,,,,,,,
2026-09-08 15:51:07,2026-09-08,SPY_OPEN,190,,,,,,,,,207,134,67,2745.00,2044.00,-701.00,-25.5373,122278,30,NC3_W5_gap,10-25-15,CATENA_5,MULTIPLA,,,,,,,,,,,,,,,,,,,,,,,,,
2026-09-08 15:51:07,2026-09-08,SPY_OPEN,190,,,,,,,,,207,134,67,2745.00,2044.00,-701.00,-25.5373,122279,90,NC2_W5,87-89-88,DECINA,MULTIPLA,,,,,,,,,,,,,,,,,,,,,,,,,
2026-09-08 15:51:07,2026-09-08,SPY_OPEN,190,,,,,,,,,207,134,67,2745.00,2044.00,-701.00,-25.5373,122280,22,NC3_W5_gap,88-83-89,DECINA,MULTIPLA,,,,,,,,,,,,,,,,,,,,,,,,,
2026-09-08 15:51:07,2026-09-08,SPY_OPEN,190,,,,,,,,,207,134,67,2745.00,2044.00,-701.00,-25.5373,122281,29,C1_exact,81-8-77,ALTRO,MULTIPLA,,,,,,,,,,,,,,,,,,,,,,,,,
2026-09-08 15:51:07,2026-09-08,SPY_OPEN,190,,,,,,,,,207,134,67,2745.00,2044.00,-701.00,-25.5373,122282,7,C1_exact,69-89-4,MOD5,MULTIPLA,,,,,,,,,,,,,,,,,,,,,,,,,
2026-09-08 15:51:07,2026-09-08,SPY_OPEN,190,,,,,,,,,207,134,67,2745.00,2044.00,-701.00,-25.5373,122283,23,C1_exact,88-57-14,ALTRO,MULTIPLA,,,,,,,,,,,,,,,,,,,,,,,,,
2026-09-08 15:51:07,2026-09-08,SPY_OPEN,190,,,,,,,,,207,134,67,2745.00,2044.00,-701.00,-25.5373,122284,15,C1_exact,10-89-88,ALTRO,MULTIPLA,,,,,,,,,,,,,,,,,,,,,,,,,
2026-09-08 15:51:07,2026-09-08,SPY_OPEN,190,,,,,,,,,207,134,67,2745.00,2044.00,-701.00,-25.5373,122285,8,C1_exact,87-90-89,DECINA,MULTIPLA,,,,,,,,,,,,,,,,,,,,,,,,,
2026-09-08 15:51:07,2026-09-08,SPY_OPEN,190,,,,,,,,,207,134,67,2745.00,2044.00,-701.00,-25.5373,122286,4,C1_exact,88-89-90,DECINA,MULTIPLA,,,,,,,,,,,,,,,,,,,,,,,,,
2026-09-08 15:51:07,2026-09-08,SUM9091_LAB_OPEN,190,2076,0,35,,35-55-56,REPEAT_RAW_SUM_935_FROM_E23_GAP_167_OCC_2,,,207,134,67,2745.00,2044.00,-701.00,-25.5373,,,,,,,,,,,,,,,,,,,,,,,,,,,,,,,
2026-09-08 15:51:07,2026-09-08,PAIRLAB_OPEN,190,,,,,,,,,207,134,67,2745.00,2044.00,-701.00,-25.5373,,,,,,,,,,,,,,,,,,,88-89,SHADOW_OPEN,,,raw=10|ind=6,,,,,,,,
2026-09-08 15:51:07,2026-09-08,PAIRLAB_OPEN,190,,,,,,,,,207,134,67,2745.00,2044.00,-701.00,-25.5373,,,,,,,,,,,,,,,,,,,89-90,SHADOW_OPEN,,,raw=8|ind=7,,,,,,,,
2026-09-08 15:51:07,2026-09-08,PAIRLAB_OPEN,190,,,,,,,,,207,134,67,2745.00,2044.00,-701.00,-25.5373,,,,,,,,,,,,,,,,,,,88-90,SHADOW_OPEN,,,raw=8|ind=6,,,,,,,,
2026-09-08 15:51:07,2026-09-08,STRICTLAB_FORWARD_OPEN,190,,,,,,,,,207,134,67,2745.00,2044.00,-701.00,-25.5373,,,,,,,,,,,,,,,,,,,89-90,STRICT_FORWARD_OPEN,,,raw=8|ind=7|pairlab=352,,,,,,,,
2026-09-08 15:55:17,2026-09-08,SPY_CLOSE_H3,191,,3,,,,,,,207,134,67,2745.00,2044.00,-701.00,-25.5373,122235,87,C2_exact,90-89-85,DECINA,MULTIPLA,3,1,1,0,85-90,3.00,0.00,-3.00,-100.0000,,,,,,,,,,,,,,,,
2026-09-08 15:55:17,2026-09-08,SPY_CLOSE_H3,191,,3,,,,,,,207,134,67,2745.00,2044.00,-701.00,-25.5373,122236,40,NC2_W3_gap,35-32-43,DECINA,MULTIPLA,3,1,0,0,32,3.00,0.00,-3.00,-100.0000,,,,,,,,,,,,,,,,
2026-09-08 15:55:17,2026-09-08,SPY_CLOSE_H3,191,,3,,,,,,,207,134,67,2745.00,2044.00,-701.00,-25.5373,122237,66,NC3_W5_gap,25-40-1,ALTRO,MULTIPLA,3,1,0,0,25,3.00,0.00,-3.00,-100.0000,,,,,,,,,,,,,,,,
2026-09-08 15:55:17,2026-09-08,SPY_CLOSE_H3,191,,3,,,,,,,207,134,67,2745.00,2044.00,-701.00,-25.5373,122238,66,NC2_W3_gap,72-25-70,ALTRO,MULTIPLA,3,1,0,0,25,3.00,0.00,-3.00,-100.0000,,,,,,,,,,,,,,,,
2026-09-08 15:55:17,2026-09-08,SPY_CLOSE_H3,191,,3,,,,,,,207,134,67,2745.00,2044.00,-701.00,-25.5373,122239,10,NC2_W5,5-1-23,DECINA,MULTIPLA,3,1,0,0,23,3.00,0.00,-3.00,-100.0000,,,,,,,,,,,,,,,,
2026-09-08 15:55:17,2026-09-08,SPY_CLOSE_H3,191,,3,,,,,,,207,134,67,2745.00,2044.00,-701.00,-25.5373,122240,6,NC2_W3_gap,90-87-88,DECINA,MULTIPLA,3,1,0,0,88,3.00,0.00,-3.00,-100.0000,,,,,,,,,,,,,,,,
2026-09-08 15:55:17,2026-09-08,SPY_CLOSE_H3,191,,3,,,,,,,207,134,67,2745.00,2044.00,-701.00,-25.5373,122241,90,NC2_W5,87-89-88,DECINA,MULTIPLA,3,1,0,0,88,3.00,0.00,-3.00,-100.0000,,,,,,,,,,,,,,,,
2026-09-08 15:55:17,2026-09-08,SPY_CLOSE_H3,191,,3,,,,,,,207,134,67,2745.00,2044.00,-701.00,-25.5373,122242,1,NC3_W5_gap,29-8-89,ALTRO,MULTIPLA,3,1,1,0,8-29,3.00,0.00,-3.00,-100.0000,,,,,,,,,,,,,,,,
2026-09-08 15:55:17,2026-09-08,SPY_CLOSE_H3,191,,3,,,,,,,207,134,67,2745.00,2044.00,-701.00,-25.5373,122243,76,C1_exact,45-55-16,ALTRO,MULTIPLA,3,1,0,0,55,3.00,0.00,-3.00,-100.0000,,,,,,,,,,,,,,,,
2026-09-08 15:55:17,2026-09-08,SPY_CLOSE_H3,191,,3,,,,,,,207,134,67,2745.00,2044.00,-701.00,-25.5373,122244,61,C1_exact,19-59-83,ALTRO,MULTIPLA,3,1,0,0,83,3.00,0.00,-3.00,-100.0000,,,,,,,,,,,,,,,,
2026-09-08 15:55:17,2026-09-08,SPY_CLOSE_H3,191,,3,,,,,,,207,134,67,2745.00,2044.00,-701.00,-25.5373,122245,85,NC2_W5,89-90-88,DECINA,MULTIPLA,3,1,0,0,88,3.00,0.00,-3.00,-100.0000,,,,,,,,,,,,,,,,
2026-09-08 15:55:17,2026-09-08,SPY_CLOSE_H3,191,,3,,,,,,,207,134,67,2745.00,2044.00,-701.00,-25.5373,122246,22,NC2_W3_gap,89-88-90,DECINA,MULTIPLA,3,1,0,0,88,3.00,0.00,-3.00,-100.0000,,,,,,,,,,,,,,,,
2026-09-08 15:55:17,2026-09-08,SPY_CLOSE_H3,191,,3,,,,,,,207,134,67,2745.00,2044.00,-701.00,-25.5373,122247,13,C1_exact,89-90-50,ALTRO,MULTIPLA,3,1,0,0,90,3.00,0.00,-3.00,-100.0000,,,,,,,,,,,,,,,,
2026-09-08 15:55:17,2026-09-08,SPY_CLOSE_H3,191,,3,,,,,,,207,134,67,2745.00,2044.00,-701.00,-25.5373,122248,14,C1_exact,90-89-88,DECINA,MULTIPLA,3,1,0,0,88,3.00,0.00,-3.00,-100.0000,,,,,,,,,,,,,,,,
2026-09-08 15:55:17,2026-09-08,SPY_CLOSE_H3,191,,3,,,,,,,207,134,67,2745.00,2044.00,-701.00,-25.5373,122249,1,C1_exact,86-90-85,DECINA,MULTIPLA,3,1,1,1,85-86-90,2.00,45.00,43.00,2150.0000,,,,,,,,,,,,,,,,
2026-09-08 15:55:17,2026-09-08,SPY_CLOSE_H3,191,,3,,,,,,,207,134,67,2745.00,2044.00,-701.00,-25.5373,122250,20,NC3_W5_gap,10-5-15,CATENA_5,FORTE,3,1,0,0,10,3.00,0.00,-3.00,-100.0000,,,,,,,,,,,,,,,,
2026-09-08 15:55:17,2026-09-08,SPY_CLOSE_H2,191,,2,,,,,,,207,134,67,2745.00,2044.00,-701.00,-25.5373,122251,36,C2_exact,31-33-25,DECINA,MULTIPLA,2,0,0,0,,2.00,0.00,-2.00,-100.0000,,,,,,,,,,,,,,,,
2026-09-08 15:55:17,2026-09-08,SPY_CLOSE_H2,191,,2,,,,,,,207,134,67,2745.00,2044.00,-701.00,-25.5373,122252,30,NC2_W3_gap,25-2-10,CATENA_5,MULTIPLA,2,0,0,0,,2.00,0.00,-2.00,-100.0000,,,,,,,,,,,,,,,,
2026-09-08 15:55:17,2026-09-08,SPY_CLOSE_H2,191,,2,,,,,,,207,134,67,2745.00,2044.00,-701.00,-25.5373,122253,13,C2_exact,43-61-70,ALTRO,MULTIPLA,2,1,0,0,70,2.00,0.00,-2.00,-100.0000,,,,,,,,,,,,,,,,
2026-09-08 15:55:17,2026-09-08,SPY_CLOSE_H2,191,,2,,,,,,,207,134,67,2745.00,2044.00,-701.00,-25.5373,122254,66,NC3_W5_gap,25-40-1,ALTRO,MULTIPLA,2,0,0,0,,2.00,0.00,-2.00,-100.0000,,,,,,,,,,,,,,,,
2026-09-08 15:55:17,2026-09-08,SPY_CLOSE_H2,191,,2,,,,,,,207,134,67,2745.00,2044.00,-701.00,-25.5373,122255,85,C1_exact,55-49-48,ALTRO,MULTIPLA,2,1,0,0,49,2.00,0.00,-2.00,-100.0000,,,,,,,,,,,,,,,,
2026-09-08 15:55:17,2026-09-08,SPY_CLOSE_H2,191,,2,,,,,,,207,134,67,2745.00,2044.00,-701.00,-25.5373,122256,64,NC3_W5_gap,69-44-83,MOD5,MULTIPLA,2,1,0,0,69,2.00,0.00,-2.00,-100.0000,,,,,,,,,,,,,,,,
2026-09-08 15:55:17,2026-09-08,SPY_CLOSE_H2,191,,2,,,,,,,207,134,67,2745.00,2044.00,-701.00,-25.5373,122257,25,NC2_W5,20-46-6,ALTRO,MULTIPLA,2,0,0,0,,2.00,0.00,-2.00,-100.0000,,,,,,,,,,,,,,,,
2026-09-08 15:55:17,2026-09-08,SPY_CLOSE_H2,191,,2,,,,,,,207,134,67,2745.00,2044.00,-701.00,-25.5373,122258,10,NC2_W5,5-1-23,DECINA,MULTIPLA,2,1,0,0,23,2.00,0.00,-2.00,-100.0000,,,,,,,,,,,,,,,,
2026-09-08 15:55:17,2026-09-08,SPY_CLOSE_H2,191,,2,,,,,,,207,134,67,2745.00,2044.00,-701.00,-25.5373,122259,30,NC3_W5_gap,10-25-15,CATENA_5,MULTIPLA,2,1,0,0,15,2.00,0.00,-2.00,-100.0000,,,,,,,,,,,,,,,,
2026-09-08 15:55:17,2026-09-08,SPY_CLOSE_H2,191,,2,,,,,,,207,134,67,2745.00,2044.00,-701.00,-25.5373,122260,25,C1_exact,20-90-36,MOD5,MULTIPLA,2,1,0,0,90,2.00,0.00,-2.00,-100.0000,,,,,,,,,,,,,,,,
2026-09-08 15:55:17,2026-09-08,SPY_CLOSE_H2,191,,2,,,,,,,207,134,67,2745.00,2044.00,-701.00,-25.5373,122261,22,C2_exact,61-27-74,ALTRO,MULTIPLA,2,1,0,0,27,2.00,0.00,-2.00,-100.0000,,,,,,,,,,,,,,,,
2026-09-08 15:55:17,2026-09-08,SPY_CLOSE_H2,191,,2,,,,,,,207,134,67,2745.00,2044.00,-701.00,-25.5373,122262,80,C1_exact,3-55-44,ALTRO,MULTIPLA,2,0,0,0,,2.00,0.00,-2.00,-100.0000,,,,,,,,,,,,,,,,
2026-09-08 15:55:17,2026-09-08,SPY_CLOSE_H2,191,,2,,,,,,,207,134,67,2745.00,2044.00,-701.00,-25.5373,122263,10,NC2_W3_gap,90-89-50,MOD5,MULTIPLA,2,1,0,0,90,2.00,0.00,-2.00,-100.0000,,,,,,,,,,,,,,,,
2026-09-08 15:55:17,2026-09-08,SPY_CLOSE_H2,191,,2,,,,,,,207,134,67,2745.00,2044.00,-701.00,-25.5373,122264,85,NC2_W5,89-90-88,DECINA,MULTIPLA,2,1,0,0,90,2.00,0.00,-2.00,-100.0000,,,,,,,,,,,,,,,,
2026-09-08 15:55:17,2026-09-08,SPY_CLOSE_H2,191,,2,,,,,,,207,134,67,2745.00,2044.00,-701.00,-25.5373,122265,22,NC3_W5_gap,88-83-89,DECINA,MULTIPLA,2,1,0,0,88,2.00,0.00,-2.00,-100.0000,,,,,,,,,,,,,,,,
2026-09-08 15:55:17,2026-09-08,SPY_CLOSE_H2,191,,2,,,,,,,207,134,67,2745.00,2044.00,-701.00,-25.5373,122266,27,C1_exact,7-40-88,ALTRO,MULTIPLA,2,1,0,0,7,2.00,0.00,-2.00,-100.0000,,,,,,,,,,,,,,,,
2026-09-08 15:55:17,2026-09-08,SPY_CLOSE_H2,191,,2,,,,,,,207,134,67,2745.00,2044.00,-701.00,-25.5373,122267,10,C1_exact,5-90-89,MOD5,MULTIPLA,2,1,0,0,90,2.00,0.00,-2.00,-100.0000,,,,,,,,,,,,,,,,
2026-09-08 15:55:17,2026-09-08,SPY_CLOSE_H1,191,,1,,,,,,,207,134,67,2745.00,2044.00,-701.00,-25.5373,122268,30,C2_exact,25-20-1,CATENA_5,MULTIPLA,1,0,0,0,,1.00,0.00,-1.00,-100.0000,,,,,,,,,,,,,,,,
2026-09-08 15:55:17,2026-09-08,SPY_CLOSE_H1,191,,1,,,,,,,207,134,67,2745.00,2044.00,-701.00,-25.5373,122269,90,C1_exact,55-45-24,MOD5,MULTIPLA,1,0,0,0,,1.00,0.00,-1.00,-100.0000,,,,,,,,,,,,,,,,
2026-09-08 15:55:17,2026-09-08,SPY_CLOSE_H1,191,,1,,,,,,,207,134,67,2745.00,2044.00,-701.00,-25.5373,122270,86,C2_exact,89-90-88,DECINA,MULTIPLA,1,1,0,0,88,1.00,0.00,-1.00,-100.0000,,,,,,,,,,,,,,,,
2026-09-08 15:55:17,2026-09-08,SPY_CLOSE_H1,191,,1,,,,,,,207,134,67,2745.00,2044.00,-701.00,-25.5373,122271,66,NC3_W5_gap,25-40-1,ALTRO,MULTIPLA,1,0,0,0,,1.00,0.00,-1.00,-100.0000,,,,,,,,,,,,,,,,
2026-09-08 15:55:17,2026-09-08,SPY_CLOSE_H1,191,,1,,,,,,,207,134,67,2745.00,2044.00,-701.00,-25.5373,122272,32,C2_exact,35-33-13,DECINA,MULTIPLA,1,0,0,0,,1.00,0.00,-1.00,-100.0000,,,,,,,,,,,,,,,,
2026-09-08 15:55:17,2026-09-08,SPY_CLOSE_H1,191,,1,,,,,,,207,134,67,2745.00,2044.00,-701.00,-25.5373,122273,32,NC3_W5_gap,56-1-47,ALTRO,MULTIPLA,1,1,0,0,47,1.00,0.00,-1.00,-100.0000,,,,,,,,,,,,,,,,
2026-09-08 15:55:17,2026-09-08,SPY_CLOSE_H1,191,,1,,,,,,,207,134,67,2745.00,2044.00,-701.00,-25.5373,122274,66,NC2_W3_gap,72-25-70,ALTRO,MULTIPLA,1,1,0,0,70,1.00,0.00,-1.00,-100.0000,,,,,,,,,,,,,,,,
2026-09-08 15:55:17,2026-09-08,SPY_CLOSE_H1,191,,1,,,,,,,207,134,67,2745.00,2044.00,-701.00,-25.5373,122275,85,C2_exact,88-82-87,DECINA,MULTIPLA,1,1,1,0,82-88,1.00,0.00,-1.00,-100.0000,,,,,,,,,,,,,,,,
2026-09-08 15:55:17,2026-09-08,SPY_CLOSE_H1,191,,1,,,,,,,207,134,67,2745.00,2044.00,-701.00,-25.5373,122276,85,NC3_W5_gap,88-41-90,DECINA,MULTIPLA,1,1,0,0,88,1.00,0.00,-1.00,-100.0000,,,,,,,,,,,,,,,,
2026-09-08 15:55:17,2026-09-08,SPY_CLOSE_H1,191,,1,,,,,,,207,134,67,2745.00,2044.00,-701.00,-25.5373,122277,10,NC2_W5,5-1-23,DECINA,MULTIPLA,1,0,0,0,,1.00,0.00,-1.00,-100.0000,,,,,,,,,,,,,,,,
2026-09-08 15:55:17,2026-09-08,SPY_CLOSE_H1,191,,1,,,,,,,207,134,67,2745.00,2044.00,-701.00,-25.5373,122278,30,NC3_W5_gap,10-25-15,CATENA_5,MULTIPLA,1,0,0,0,,1.00,0.00,-1.00,-100.0000,,,,,,,,,,,,,,,,
2026-09-08 15:55:17,2026-09-08,SPY_CLOSE_H1,191,,1,,,,,,,207,134,67,2745.00,2044.00,-701.00,-25.5373,122279,90,NC2_W5,87-89-88,DECINA,MULTIPLA,1,1,0,0,88,1.00,0.00,-1.00,-100.0000,,,,,,,,,,,,,,,,
2026-09-08 15:55:17,2026-09-08,SPY_CLOSE_H1,191,,1,,,,,,,207,134,67,2745.00,2044.00,-701.00,-25.5373,122280,22,NC3_W5_gap,88-83-89,DECINA,MULTIPLA,1,1,0,0,88,1.00,0.00,-1.00,-100.0000,,,,,,,,,,,,,,,,
2026-09-08 15:55:17,2026-09-08,SPY_CLOSE_H1,191,,1,,,,,,,207,134,67,2745.00,2044.00,-701.00,-25.5373,122281,29,C1_exact,81-8-77,ALTRO,MULTIPLA,1,1,0,0,77,1.00,0.00,-1.00,-100.0000,,,,,,,,,,,,,,,,
2026-09-08 15:55:17,2026-09-08,SPY_CLOSE_H1,191,,1,,,,,,,207,134,67,2745.00,2044.00,-701.00,-25.5373,122282,7,C1_exact,69-89-4,MOD5,MULTIPLA,1,1,0,0,69,1.00,0.00,-1.00,-100.0000,,,,,,,,,,,,,,,,
2026-09-08 15:55:17,2026-09-08,SPY_CLOSE_H1,191,,1,,,,,,,207,134,67,2745.00,2044.00,-701.00,-25.5373,122283,23,C1_exact,88-57-14,ALTRO,MULTIPLA,1,1,0,0,88,1.00,0.00,-1.00,-100.0000,,,,,,,,,,,,,,,,
2026-09-08 15:55:17,2026-09-08,SPY_CLOSE_H1,191,,1,,,,,,,207,134,67,2745.00,2044.00,-701.00,-25.5373,122284,15,C1_exact,10-89-88,ALTRO,MULTIPLA,1,1,0,0,88,1.00,0.00,-1.00,-100.0000,,,,,,,,,,,,,,,,
2026-09-08 15:55:17,2026-09-08,SPY_CLOSE_H1,191,,1,,,,,,,207,134,67,2745.00,2044.00,-701.00,-25.5373,122285,8,C1_exact,87-90-89,DECINA,MULTIPLA,1,0,0,0,,1.00,0.00,-1.00,-100.0000,,,,,,,,,,,,,,,,
2026-09-08 15:55:17,2026-09-08,SPY_CLOSE_H1,191,,1,,,,,,,207,134,67,2745.00,2044.00,-701.00,-25.5373,122286,4,C1_exact,88-89-90,DECINA,MULTIPLA,1,1,0,0,88,1.00,0.00,-1.00,-100.0000,,,,,,,,,,,,,,,,
2026-09-08 15:55:17,2026-09-08,SUM9091_LAB_CLOSE,191,2070,10,76,,76-14-15,RAW_SUM_886_REPEAT_FROM_E11_GAP_170_BEST_2_3_H7,,,207,134,67,2745.00,2044.00,-701.00,-25.5373,,,,,,,,,,,,,,,,,,,,,,,,,,,,,,,
2026-09-08 15:55:17,2026-09-08,SPY_OPEN,191,,,,,,,,,207,134,67,2745.00,2044.00,-701.00,-25.5373,122287,88,NC2_W3_gap,67-6-55,ALTRO,MULTIPLA,,,,,,,,,,,,,,,,,,,,,,,,,
2026-09-08 15:55:17,2026-09-08,SPY_OPEN,191,,,,,,,,,207,134,67,2745.00,2044.00,-701.00,-25.5373,122288,66,C2_exact,25-69-26,ALTRO,MULTIPLA,,,,,,,,,,,,,,,,,,,,,,,,,
2026-09-08 15:55:17,2026-09-08,SPY_OPEN,191,,,,,,,,,207,134,67,2745.00,2044.00,-701.00,-25.5373,122289,66,NC3_W5_gap,25-40-1,ALTRO,MULTIPLA,,,,,,,,,,,,,,,,,,,,,,,,,
2026-09-08 15:55:17,2026-09-08,SPY_OPEN,191,,,,,,,,,207,134,67,2745.00,2044.00,-701.00,-25.5373,122290,29,C2_exact,84-59-54,MOD5,MULTIPLA,,,,,,,,,,,,,,,,,,,,,,,,,
2026-09-08 15:55:17,2026-09-08,SPY_OPEN,191,,,,,,,,,207,134,67,2745.00,2044.00,-701.00,-25.5373,122291,42,NC2_W3_gap,66-72-19,ALTRO,MULTIPLA,,,,,,,,,,,,,,,,,,,,,,,,,
2026-09-08 15:55:17,2026-09-08,SPY_OPEN,191,,,,,,,,,207,134,67,2745.00,2044.00,-701.00,-25.5373,122292,64,NC3_W5_gap,69-44-83,MOD5,MULTIPLA,,,,,,,,,,,,,,,,,,,,,,,,,
2026-09-08 15:55:17,2026-09-08,SPY_OPEN,191,,,,,,,,,207,134,67,2745.00,2044.00,-701.00,-25.5373,122293,85,NC3_W5_gap,88-41-90,DECINA,MULTIPLA,,,,,,,,,,,,,,,,,,,,,,,,,
2026-09-08 15:55:17,2026-09-08,SPY_OPEN,191,,,,,,,,,207,134,67,2745.00,2044.00,-701.00,-25.5373,122294,10,NC2_W5,5-1-23,DECINA,MULTIPLA,,,,,,,,,,,,,,,,,,,,,,,,,
2026-09-08 15:55:17,2026-09-08,SPY_OPEN,191,,,,,,,,,207,134,67,2745.00,2044.00,-701.00,-25.5373,122295,88,NC2_W5,89-90-87,DECINA,MULTIPLA,,,,,,,,,,,,,,,,,,,,,,,,,
2026-09-08 15:55:17,2026-09-08,SPY_OPEN,191,,,,,,,,,207,134,67,2745.00,2044.00,-701.00,-25.5373,122296,22,NC2_W3_gap,89-88-90,DECINA,MULTIPLA,,,,,,,,,,,,,,,,,,,,,,,,,
2026-09-08 15:55:17,2026-09-08,SPY_OPEN,191,,,,,,,,,207,134,67,2745.00,2044.00,-701.00,-25.5373,122297,22,NC3_W5_gap,88-83-89,DECINA,MULTIPLA,,,,,,,,,,,,,,,,,,,,,,,,,
2026-09-08 15:55:17,2026-09-08,SPY_OPEN,191,,,,,,,,,207,134,67,2745.00,2044.00,-701.00,-25.5373,122298,27,C1_exact,7-40-88,ALTRO,MULTIPLA,,,,,,,,,,,,,,,,,,,,,,,,,
2026-09-08 15:55:17,2026-09-08,SPY_OPEN,191,,,,,,,,,207,134,67,2745.00,2044.00,-701.00,-25.5373,122299,30,NC3_W5_gap,10-25-15,CATENA_5,FORTE,,,,,,,,,,,,,,,,,,,,,,,,,
2026-09-08 15:55:17,2026-09-08,STRICTLAB_FORWARD_OPEN,191,,,,,,,,,207,134,67,2745.00,2044.00,-701.00,-25.5373,,,,,,,,,,,,,,,,,,,88-89,STRICT_FORWARD_OPEN,,,raw=8|ind=5|pairlab=190,,,,,,,,
2026-09-08 16:00:26,2026-09-08,SPY_CLOSE_H3,192,,3,,,,,,,207,134,67,2745.00,2044.00,-701.00,-25.5373,122251,36,C2_exact,31-33-25,DECINA,MULTIPLA,3,0,0,0,,3.00,0.00,-3.00,-100.0000,,,,,,,,,,,,,,,,
2026-09-08 16:00:26,2026-09-08,SPY_CLOSE_H3,192,,3,,,,,,,207,134,67,2745.00,2044.00,-701.00,-25.5373,122252,30,NC2_W3_gap,25-2-10,CATENA_5,MULTIPLA,3,1,0,0,2,3.00,0.00,-3.00,-100.0000,,,,,,,,,,,,,,,,
2026-09-08 16:00:26,2026-09-08,SPY_CLOSE_H3,192,,3,,,,,,,207,134,67,2745.00,2044.00,-701.00,-25.5373,122253,13,C2_exact,43-61-70,ALTRO,MULTIPLA,3,1,0,0,70,3.00,0.00,-3.00,-100.0000,,,,,,,,,,,,,,,,
2026-09-08 16:00:26,2026-09-08,SPY_CLOSE_H3,192,,3,,,,,,,207,134,67,2745.00,2044.00,-701.00,-25.5373,122254,66,NC3_W5_gap,25-40-1,ALTRO,MULTIPLA,3,1,0,0,1,3.00,0.00,-3.00,-100.0000,,,,,,,,,,,,,,,,
2026-09-08 16:00:26,2026-09-08,SPY_CLOSE_H3,192,,3,,,,,,,207,134,67,2745.00,2044.00,-701.00,-25.5373,122255,85,C1_exact,55-49-48,ALTRO,MULTIPLA,3,1,1,0,48-49,3.00,0.00,-3.00,-100.0000,,,,,,,,,,,,,,,,
2026-09-08 16:00:26,2026-09-08,SPY_CLOSE_H3,192,,3,,,,,,,207,134,67,2745.00,2044.00,-701.00,-25.5373,122256,64,NC3_W5_gap,69-44-83,MOD5,MULTIPLA,3,1,0,0,69,3.00,0.00,-3.00,-100.0000,,,,,,,,,,,,,,,,
2026-09-08 16:00:26,2026-09-08,SPY_CLOSE_H3,192,,3,,,,,,,207,134,67,2745.00,2044.00,-701.00,-25.5373,122257,25,NC2_W5,20-46-6,ALTRO,MULTIPLA,3,1,0,0,6,3.00,0.00,-3.00,-100.0000,,,,,,,,,,,,,,,,
2026-09-08 16:00:26,2026-09-08,SPY_CLOSE_H3,192,,3,,,,,,,207,134,67,2745.00,2044.00,-701.00,-25.5373,122258,10,NC2_W5,5-1-23,DECINA,MULTIPLA,3,1,0,0,23,3.00,0.00,-3.00,-100.0000,,,,,,,,,,,,,,,,
2026-09-08 16:00:26,2026-09-08,SPY_CLOSE_H3,192,,3,,,,,,,207,134,67,2745.00,2044.00,-701.00,-25.5373,122259,30,NC3_W5_gap,10-25-15,CATENA_5,MULTIPLA,3,1,0,0,15,3.00,0.00,-3.00,-100.0000,,,,,,,,,,,,,,,,
2026-09-08 16:00:26,2026-09-08,SPY_CLOSE_H3,192,,3,,,,,,,207,134,67,2745.00,2044.00,-701.00,-25.5373,122260,25,C1_exact,20-90-36,MOD5,MULTIPLA,3,1,0,0,90,3.00,0.00,-3.00,-100.0000,,,,,,,,,,,,,,,,
2026-09-08 16:00:26,2026-09-08,SPY_CLOSE_H3,192,,3,,,,,,,207,134,67,2745.00,2044.00,-701.00,-25.5373,122261,22,C2_exact,61-27-74,ALTRO,MULTIPLA,3,1,0,0,27,3.00,0.00,-3.00,-100.0000,,,,,,,,,,,,,,,,
2026-09-08 16:00:26,2026-09-08,SPY_CLOSE_H3,192,,3,,,,,,,207,134,67,2745.00,2044.00,-701.00,-25.5373,122262,80,C1_exact,3-55-44,ALTRO,MULTIPLA,3,0,0,0,,3.00,0.00,-3.00,-100.0000,,,,,,,,,,,,,,,,
2026-09-08 16:00:26,2026-09-08,SPY_CLOSE_H3,192,,3,,,,,,,207,134,67,2745.00,2044.00,-701.00,-25.5373,122263,10,NC2_W3_gap,90-89-50,MOD5,MULTIPLA,3,1,0,0,90,3.00,0.00,-3.00,-100.0000,,,,,,,,,,,,,,,,
2026-09-08 16:00:26,2026-09-08,SPY_CLOSE_H3,192,,3,,,,,,,207,134,67,2745.00,2044.00,-701.00,-25.5373,122264,85,NC2_W5,89-90-88,DECINA,MULTIPLA,3,1,0,0,90,3.00,0.00,-3.00,-100.0000,,,,,,,,,,,,,,,,
2026-09-08 16:00:26,2026-09-08,SPY_CLOSE_H3,192,,3,,,,,,,207,134,67,2745.00,2044.00,-701.00,-25.5373,122265,22,NC3_W5_gap,88-83-89,DECINA,MULTIPLA,3,1,0,0,88,3.00,0.00,-3.00,-100.0000,,,,,,,,,,,,,,,,
2026-09-08 16:00:26,2026-09-08,SPY_CLOSE_H3,192,,3,,,,,,,207,134,67,2745.00,2044.00,-701.00,-25.5373,122266,27,C1_exact,7-40-88,ALTRO,MULTIPLA,3,1,0,0,7,3.00,0.00,-3.00,-100.0000,,,,,,,,,,,,,,,,
2026-09-08 16:00:26,2026-09-08,SPY_CLOSE_H3,192,,3,,,,,,,207,134,67,2745.00,2044.00,-701.00,-25.5373,122267,10,C1_exact,5-90-89,MOD5,MULTIPLA,3,1,0,0,90,3.00,0.00,-3.00,-100.0000,,,,,,,,,,,,,,,,
2026-09-08 16:00:26,2026-09-08,SPY_CLOSE_H2,192,,2,,,,,,,207,134,67,2745.00,2044.00,-701.00,-25.5373,122268,30,C2_exact,25-20-1,CATENA_5,MULTIPLA,2,1,0,0,1,2.00,0.00,-2.00,-100.0000,,,,,,,,,,,,,,,,
2026-09-08 16:00:26,2026-09-08,SPY_CLOSE_H2,192,,2,,,,,,,207,134,67,2745.00,2044.00,-701.00,-25.5373,122269,90,C1_exact,55-45-24,MOD5,MULTIPLA,2,0,0,0,,2.00,0.00,-2.00,-100.0000,,,,,,,,,,,,,,,,
2026-09-08 16:00:26,2026-09-08,SPY_CLOSE_H2,192,,2,,,,,,,207,134,67,2745.00,2044.00,-701.00,-25.5373,122270,86,C2_exact,89-90-88,DECINA,MULTIPLA,2,1,0,0,88,2.00,0.00,-2.00,-100.0000,,,,,,,,,,,,,,,,
2026-09-08 16:00:26,2026-09-08,SPY_CLOSE_H2,192,,2,,,,,,,207,134,67,2745.00,2044.00,-701.00,-25.5373,122271,66,NC3_W5_gap,25-40-1,ALTRO,MULTIPLA,2,1,0,0,1,2.00,0.00,-2.00,-100.0000,,,,,,,,,,,,,,,,
2026-09-08 16:00:26,2026-09-08,SPY_CLOSE_H2,192,,2,,,,,,,207,134,67,2745.00,2044.00,-701.00,-25.5373,122272,32,C2_exact,35-33-13,DECINA,MULTIPLA,2,0,0,0,,2.00,0.00,-2.00,-100.0000,,,,,,,,,,,,,,,,
2026-09-08 16:00:26,2026-09-08,SPY_CLOSE_H2,192,,2,,,,,,,207,134,67,2745.00,2044.00,-701.00,-25.5373,122273,32,NC3_W5_gap,56-1-47,ALTRO,MULTIPLA,2,1,0,0,47,2.00,0.00,-2.00,-100.0000,,,,,,,,,,,,,,,,
2026-09-08 16:00:26,2026-09-08,SPY_CLOSE_H2,192,,2,,,,,,,207,134,67,2745.00,2044.00,-701.00,-25.5373,122274,66,NC2_W3_gap,72-25-70,ALTRO,MULTIPLA,2,1,0,0,70,2.00,0.00,-2.00,-100.0000,,,,,,,,,,,,,,,,
2026-09-08 16:00:26,2026-09-08,SPY_CLOSE_H2,192,,2,,,,,,,207,134,67,2745.00,2044.00,-701.00,-25.5373,122275,85,C2_exact,88-82-87,DECINA,MULTIPLA,2,1,1,0,82-88,2.00,0.00,-2.00,-100.0000,,,,,,,,,,,,,,,,
2026-09-08 16:00:26,2026-09-08,SPY_CLOSE_H2,192,,2,,,,,,,207,134,67,2745.00,2044.00,-701.00,-25.5373,122276,85,NC3_W5_gap,88-41-90,DECINA,MULTIPLA,2,1,0,0,88,2.00,0.00,-2.00,-100.0000,,,,,,,,,,,,,,,,
2026-09-08 16:00:26,2026-09-08,SPY_CLOSE_H2,192,,2,,,,,,,207,134,67,2745.00,2044.00,-701.00,-25.5373,122277,10,NC2_W5,5-1-23,DECINA,MULTIPLA,2,1,0,0,1,2.00,0.00,-2.00,-100.0000,,,,,,,,,,,,,,,,
2026-09-08 16:00:26,2026-09-08,SPY_CLOSE_H2,192,,2,,,,,,,207,134,67,2745.00,2044.00,-701.00,-25.5373,122278,30,NC3_W5_gap,10-25-15,CATENA_5,MULTIPLA,2,0,0,0,,2.00,0.00,-2.00,-100.0000,,,,,,,,,,,,,,,,
2026-09-08 16:00:26,2026-09-08,SPY_CLOSE_H2,192,,2,,,,,,,207,134,67,2745.00,2044.00,-701.00,-25.5373,122279,90,NC2_W5,87-89-88,DECINA,MULTIPLA,2,1,0,0,88,2.00,0.00,-2.00,-100.0000,,,,,,,,,,,,,,,,
2026-09-08 16:00:26,2026-09-08,SPY_CLOSE_H2,192,,2,,,,,,,207,134,67,2745.00,2044.00,-701.00,-25.5373,122280,22,NC3_W5_gap,88-83-89,DECINA,MULTIPLA,2,1,0,0,88,2.00,0.00,-2.00,-100.0000,,,,,,,,,,,,,,,,
2026-09-08 16:00:26,2026-09-08,SPY_CLOSE_H2,192,,2,,,,,,,207,134,67,2745.00,2044.00,-701.00,-25.5373,122281,29,C1_exact,81-8-77,ALTRO,MULTIPLA,2,1,0,0,77,2.00,0.00,-2.00,-100.0000,,,,,,,,,,,,,,,,
2026-09-08 16:00:26,2026-09-08,SPY_CLOSE_H2,192,,2,,,,,,,207,134,67,2745.00,2044.00,-701.00,-25.5373,122282,7,C1_exact,69-89-4,MOD5,MULTIPLA,2,1,0,0,69,2.00,0.00,-2.00,-100.0000,,,,,,,,,,,,,,,,
2026-09-08 16:00:26,2026-09-08,SPY_CLOSE_H2,192,,2,,,,,,,207,134,67,2745.00,2044.00,-701.00,-25.5373,122283,23,C1_exact,88-57-14,ALTRO,MULTIPLA,2,1,0,0,88,2.00,0.00,-2.00,-100.0000,,,,,,,,,,,,,,,,
2026-09-08 16:00:26,2026-09-08,SPY_CLOSE_H2,192,,2,,,,,,,207,134,67,2745.00,2044.00,-701.00,-25.5373,122284,15,C1_exact,10-89-88,ALTRO,MULTIPLA,2,1,0,0,88,2.00,0.00,-2.00,-100.0000,,,,,,,,,,,,,,,,
2026-09-08 16:00:26,2026-09-08,SPY_CLOSE_H2,192,,2,,,,,,,207,134,67,2745.00,2044.00,-701.00,-25.5373,122285,8,C1_exact,87-90-89,DECINA,MULTIPLA,2,0,0,0,,2.00,0.00,-2.00,-100.0000,,,,,,,,,,,,,,,,
2026-09-08 16:00:26,2026-09-08,SPY_CLOSE_H2,192,,2,,,,,,,207,134,67,2745.00,2044.00,-701.00,-25.5373,122286,4,C1_exact,88-89-90,DECINA,MULTIPLA,2,1,0,0,88,2.00,0.00,-2.00,-100.0000,,,,,,,,,,,,,,,,
2026-09-08 16:00:26,2026-09-08,SPY_CLOSE_H1,192,,1,,,,,,,207,134,67,2745.00,2044.00,-701.00,-25.5373,122287,88,NC2_W3_gap,67-6-55,ALTRO,MULTIPLA,1,1,1,0,6-67,1.00,0.00,-1.00,-100.0000,,,,,,,,,,,,,,,,
2026-09-08 16:00:26,2026-09-08,SPY_CLOSE_H1,192,,1,,,,,,,207,134,67,2745.00,2044.00,-701.00,-25.5373,122288,66,C2_exact,25-69-26,ALTRO,MULTIPLA,1,1,0,0,26,1.00,0.00,-1.00,-100.0000,,,,,,,,,,,,,,,,
2026-09-08 16:00:26,2026-09-08,SPY_CLOSE_H1,192,,1,,,,,,,207,134,67,2745.00,2044.00,-701.00,-25.5373,122289,66,NC3_W5_gap,25-40-1,ALTRO,MULTIPLA,1,1,0,0,1,1.00,0.00,-1.00,-100.0000,,,,,,,,,,,,,,,,
2026-09-08 16:00:26,2026-09-08,SPY_CLOSE_H1,192,,1,,,,,,,207,134,67,2745.00,2044.00,-701.00,-25.5373,122290,29,C2_exact,84-59-54,MOD5,MULTIPLA,1,0,0,0,,1.00,0.00,-1.00,-100.0000,,,,,,,,,,,,,,,,
2026-09-08 16:00:26,2026-09-08,SPY_CLOSE_H1,192,,1,,,,,,,207,134,67,2745.00,2044.00,-701.00,-25.5373,122291,42,NC2_W3_gap,66-72-19,ALTRO,MULTIPLA,1,1,0,0,66,1.00,0.00,-1.00,-100.0000,,,,,,,,,,,,,,,,
2026-09-08 16:00:26,2026-09-08,SPY_CLOSE_H1,192,,1,,,,,,,207,134,67,2745.00,2044.00,-701.00,-25.5373,122292,64,NC3_W5_gap,69-44-83,MOD5,MULTIPLA,1,0,0,0,,1.00,0.00,-1.00,-100.0000,,,,,,,,,,,,,,,,
2026-09-08 16:00:26,2026-09-08,SPY_CLOSE_H1,192,,1,,,,,,,207,134,67,2745.00,2044.00,-701.00,-25.5373,122293,85,NC3_W5_gap,88-41-90,DECINA,MULTIPLA,1,1,0,0,41,1.00,0.00,-1.00,-100.0000,,,,,,,,,,,,,,,,
2026-09-08 16:00:26,2026-09-08,SPY_CLOSE_H1,192,,1,,,,,,,207,134,67,2745.00,2044.00,-701.00,-25.5373,122294,10,NC2_W5,5-1-23,DECINA,MULTIPLA,1,1,0,0,1,1.00,0.00,-1.00,-100.0000,,,,,,,,,,,,,,,,
2026-09-08 16:00:26,2026-09-08,SPY_CLOSE_H1,192,,1,,,,,,,207,134,67,2745.00,2044.00,-701.00,-25.5373,122295,88,NC2_W5,89-90-87,DECINA,MULTIPLA,1,0,0,0,,1.00,0.00,-1.00,-100.0000,,,,,,,,,,,,,,,,
2026-09-08 16:00:26,2026-09-08,SPY_CLOSE_H1,192,,1,,,,,,,207,134,67,2745.00,2044.00,-701.00,-25.5373,122296,22,NC2_W3_gap,89-88-90,DECINA,MULTIPLA,1,0,0,0,,1.00,0.00,-1.00,-100.0000,,,,,,,,,,,,,,,,
2026-09-08 16:00:26,2026-09-08,SPY_CLOSE_H1,192,,1,,,,,,,207,134,67,2745.00,2044.00,-701.00,-25.5373,122297,22,NC3_W5_gap,88-83-89,DECINA,MULTIPLA,1,0,0,0,,1.00,0.00,-1.00,-100.0000,,,,,,,,,,,,,,,,
2026-09-08 16:00:26,2026-09-08,SPY_CLOSE_H1,192,,1,,,,,,,207,134,67,2745.00,2044.00,-701.00,-25.5373,122298,27,C1_exact,7-40-88,ALTRO,MULTIPLA,1,0,0,0,,1.00,0.00,-1.00,-100.0000,,,,,,,,,,,,,,,,
2026-09-08 16:00:26,2026-09-08,SPY_CLOSE_H1,192,,1,,,,,,,207,134,67,2745.00,2044.00,-701.00,-25.5373,122299,30,NC3_W5_gap,10-25-15,CATENA_5,FORTE,1,0,0,0,,1.00,0.00,-1.00,-100.0000,,,,,,,,,,,,,,,,
2026-09-08 16:00:26,2026-09-08,SUM9091_LAB_CLOSE,192,2071,10,7,,7-83-84,RAW_SUM_907_REPEAT_FROM_E83_GAP_99_BEST_1_3_H1,,,207,134,67,2745.00,2044.00,-701.00,-25.5373,,,,,,,,,,,,,,,,,,,,,,,,,,,,,,,
2026-09-08 16:00:26,2026-09-08,SPY_OPEN,192,,,,,,,,,207,134,67,2745.00,2044.00,-701.00,-25.5373,122300,66,C3plus,49-28-76,ALTRO,MULTIPLA,,,,,,,,,,,,,,,,,,,,,,,,,
2026-09-08 16:00:26,2026-09-08,SPY_OPEN,192,,,,,,,,,207,134,67,2745.00,2044.00,-701.00,-25.5373,122301,79,NC2_W3_gap,32-31-49,ALTRO,MULTIPLA,,,,,,,,,,,,,,,,,,,,,,,,,
2026-09-08 16:00:26,2026-09-08,SPY_OPEN,192,,,,,,,,,207,134,67,2745.00,2044.00,-701.00,-25.5373,122302,49,NC2_W3_gap,15-81-42,ALTRO,MULTIPLA,,,,,,,,,,,,,,,,,,,,,,,,,
2026-09-08 16:00:26,2026-09-08,SPY_OPEN,192,,,,,,,,,207,134,67,2745.00,2044.00,-701.00,-25.5373,122303,86,NC3_W5_gap,16-90-74,ALTRO,MULTIPLA,,,,,,,,,,,,,,,,,,,,,,,,,
2026-09-08 16:00:26,2026-09-08,SPY_OPEN,192,,,,,,,,,207,134,67,2745.00,2044.00,-701.00,-25.5373,122304,50,C1_exact,45-39-81,ALTRO,MULTIPLA,,,,,,,,,,,,,,,,,,,,,,,,,
2026-09-08 16:00:26,2026-09-08,SPY_OPEN,192,,,,,,,,,207,134,67,2745.00,2044.00,-701.00,-25.5373,122305,88,NC2_W5,89-90-87,DECINA,MULTIPLA,,,,,,,,,,,,,,,,,,,,,,,,,
2026-09-08 16:00:26,2026-09-08,SPY_OPEN,192,,,,,,,,,207,134,67,2745.00,2044.00,-701.00,-25.5373,122306,67,NC2_W5,1-71-75,ALTRO,MULTIPLA,,,,,,,,,,,,,,,,,,,,,,,,,
2026-09-08 16:00:26,2026-09-08,SPY_OPEN,192,,,,,,,,,207,134,67,2745.00,2044.00,-701.00,-25.5373,122307,22,NC3_W5_gap,88-83-89,DECINA,MULTIPLA,,,,,,,,,,,,,,,,,,,,,,,,,
2026-09-08 16:00:26,2026-09-08,SPY_OPEN,192,,,,,,,,,207,134,67,2745.00,2044.00,-701.00,-25.5373,122308,69,NC2_W5,51-39-21,ALTRO,MULTIPLA,,,,,,,,,,,,,,,,,,,,,,,,,
2026-09-08 16:00:26,2026-09-08,SPY_OPEN,192,,,,,,,,,207,134,67,2745.00,2044.00,-701.00,-25.5373,122309,17,C1_exact,90-86-88,DECINA,MULTIPLA,,,,,,,,,,,,,,,,,,,,,,,,,
2026-09-08 16:00:26,2026-09-08,SPY_OPEN,192,,,,,,,,,207,134,67,2745.00,2044.00,-701.00,-25.5373,122310,1,C1_exact,86-90-85,DECINA,MULTIPLA,,,,,,,,,,,,,,,,,,,,,,,,,
2026-09-08 16:00:26,2026-09-08,SPY_OPEN,192,,,,,,,,,207,134,67,2745.00,2044.00,-701.00,-25.5373,122311,64,NC3_W5_gap,69-44-83,MOD5,NORMALE,,,,,,,,,,,,,,,,,,,,,,,,,
2026-09-08 16:00:26,2026-09-08,SUM9091_LAB_OPEN,192,2077,0,39,,39-51-52,REPEAT_RAW_SUM_939_FROM_E123_GAP_69_OCC_2,,,207,134,67,2745.00,2044.00,-701.00,-25.5373,,,,,,,,,,,,,,,,,,,,,,,,,,,,,,,
2026-09-08 16:05:38,2026-09-08,SPY_CLOSE_H3,193,,3,,,,,,,207,134,67,2745.00,2044.00,-701.00,-25.5373,122268,30,C2_exact,25-20-1,CATENA_5,MULTIPLA,3,1,0,0,1,3.00,0.00,-3.00,-100.0000,,,,,,,,,,,,,,,,
2026-09-08 16:05:38,2026-09-08,SPY_CLOSE_H3,193,,3,,,,,,,207,134,67,2745.00,2044.00,-701.00,-25.5373,122269,90,C1_exact,55-45-24,MOD5,MULTIPLA,3,1,0,0,24,3.00,0.00,-3.00,-100.0000,,,,,,,,,,,,,,,,
2026-09-08 16:05:38,2026-09-08,SPY_CLOSE_H3,193,,3,,,,,,,207,134,67,2745.00,2044.00,-701.00,-25.5373,122270,86,C2_exact,89-90-88,DECINA,MULTIPLA,3,1,0,0,88,3.00,0.00,-3.00,-100.0000,,,,,,,,,,,,,,,,
2026-09-08 16:05:38,2026-09-08,SPY_CLOSE_H3,193,,3,,,,,,,207,134,67,2745.00,2044.00,-701.00,-25.5373,122271,66,NC3_W5_gap,25-40-1,ALTRO,MULTIPLA,3,1,0,0,1,3.00,0.00,-3.00,-100.0000,,,,,,,,,,,,,,,,
2026-09-08 16:05:38,2026-09-08,SPY_CLOSE_H3,193,,3,,,,,,,207,134,67,2745.00,2044.00,-701.00,-25.5373,122272,32,C2_exact,35-33-13,DECINA,MULTIPLA,3,0,0,0,,3.00,0.00,-3.00,-100.0000,,,,,,,,,,,,,,,,
2026-09-08 16:05:38,2026-09-08,SPY_CLOSE_H3,193,,3,,,,,,,207,134,67,2745.00,2044.00,-701.00,-25.5373,122273,32,NC3_W5_gap,56-1-47,ALTRO,MULTIPLA,3,1,0,0,47,3.00,0.00,-3.00,-100.0000,,,,,,,,,,,,,,,,
2026-09-08 16:05:38,2026-09-08,SPY_CLOSE_H3,193,,3,,,,,,,207,134,67,2745.00,2044.00,-701.00,-25.5373,122274,66,NC2_W3_gap,72-25-70,ALTRO,MULTIPLA,3,1,1,0,70-72,3.00,0.00,-3.00,-100.0000,,,,,,,,,,,,,,,,
2026-09-08 16:05:38,2026-09-08,SPY_CLOSE_H3,193,,3,,,,,,,207,134,67,2745.00,2044.00,-701.00,-25.5373,122275,85,C2_exact,88-82-87,DECINA,MULTIPLA,3,1,1,0,82-88,3.00,0.00,-3.00,-100.0000,,,,,,,,,,,,,,,,
2026-09-08 16:05:38,2026-09-08,SPY_CLOSE_H3,193,,3,,,,,,,207,134,67,2745.00,2044.00,-701.00,-25.5373,122276,85,NC3_W5_gap,88-41-90,DECINA,MULTIPLA,3,1,0,0,88,3.00,0.00,-3.00,-100.0000,,,,,,,,,,,,,,,,
2026-09-08 16:05:38,2026-09-08,SPY_CLOSE_H3,193,,3,,,,,,,207,134,67,2745.00,2044.00,-701.00,-25.5373,122277,10,NC2_W5,5-1-23,DECINA,MULTIPLA,3,1,0,0,1,3.00,0.00,-3.00,-100.0000,,,,,,,,,,,,,,,,
2026-09-08 16:05:38,2026-09-08,SPY_CLOSE_H3,193,,3,,,,,,,207,134,67,2745.00,2044.00,-701.00,-25.5373,122278,30,NC3_W5_gap,10-25-15,CATENA_5,MULTIPLA,3,0,0,0,,3.00,0.00,-3.00,-100.0000,,,,,,,,,,,,,,,,
2026-09-08 16:05:38,2026-09-08,SPY_CLOSE_H3,193,,3,,,,,,,207,134,67,2745.00,2044.00,-701.00,-25.5373,122279,90,NC2_W5,87-89-88,DECINA,MULTIPLA,3,1,0,0,88,3.00,0.00,-3.00,-100.0000,,,,,,,,,,,,,,,,
2026-09-08 16:05:38,2026-09-08,SPY_CLOSE_H3,193,,3,,,,,,,207,134,67,2745.00,2044.00,-701.00,-25.5373,122280,22,NC3_W5_gap,88-83-89,DECINA,MULTIPLA,3,1,0,0,88,3.00,0.00,-3.00,-100.0000,,,,,,,,,,,,,,,,
2026-09-08 16:05:38,2026-09-08,SPY_CLOSE_H3,193,,3,,,,,,,207,134,67,2745.00,2044.00,-701.00,-25.5373,122281,29,C1_exact,81-8-77,ALTRO,MULTIPLA,3,1,0,0,77,3.00,0.00,-3.00,-100.0000,,,,,,,,,,,,,,,,
2026-09-08 16:05:38,2026-09-08,SPY_CLOSE_H3,193,,3,,,,,,,207,134,67,2745.00,2044.00,-701.00,-25.5373,122282,7,C1_exact,69-89-4,MOD5,MULTIPLA,3,1,0,0,69,3.00,0.00,-3.00,-100.0000,,,,,,,,,,,,,,,,
2026-09-08 16:05:38,2026-09-08,SPY_CLOSE_H3,193,,3,,,,,,,207,134,67,2745.00,2044.00,-701.00,-25.5373,122283,23,C1_exact,88-57-14,ALTRO,MULTIPLA,3,1,0,0,88,3.00,0.00,-3.00,-100.0000,,,,,,,,,,,,,,,,
2026-09-08 16:05:38,2026-09-08,SPY_CLOSE_H3,193,,3,,,,,,,207,134,67,2745.00,2044.00,-701.00,-25.5373,122284,15,C1_exact,10-89-88,ALTRO,MULTIPLA,3,1,0,0,88,3.00,0.00,-3.00,-100.0000,,,,,,,,,,,,,,,,
2026-09-08 16:05:38,2026-09-08,SPY_CLOSE_H3,193,,3,,,,,,,207,134,67,2745.00,2044.00,-701.00,-25.5373,122285,8,C1_exact,87-90-89,DECINA,MULTIPLA,3,0,0,0,,3.00,0.00,-3.00,-100.0000,,,,,,,,,,,,,,,,
2026-09-08 16:05:38,2026-09-08,SPY_CLOSE_H3,193,,3,,,,,,,207,134,67,2745.00,2044.00,-701.00,-25.5373,122286,4,C1_exact,88-89-90,DECINA,MULTIPLA,3,1,0,0,88,3.00,0.00,-3.00,-100.0000,,,,,,,,,,,,,,,,
2026-09-08 16:05:38,2026-09-08,SPY_CLOSE_H2,193,,2,,,,,,,207,134,67,2745.00,2044.00,-701.00,-25.5373,122287,88,NC2_W3_gap,67-6-55,ALTRO,MULTIPLA,2,1,1,0,6-67,2.00,0.00,-2.00,-100.0000,,,,,,,,,,,,,,,,
2026-09-08 16:05:38,2026-09-08,SPY_CLOSE_H2,193,,2,,,,,,,207,134,67,2745.00,2044.00,-701.00,-25.5373,122288,66,C2_exact,25-69-26,ALTRO,MULTIPLA,2,1,0,0,26,2.00,0.00,-2.00,-100.0000,,,,,,,,,,,,,,,,
2026-09-08 16:05:38,2026-09-08,SPY_CLOSE_H2,193,,2,,,,,,,207,134,67,2745.00,2044.00,-701.00,-25.5373,122289,66,NC3_W5_gap,25-40-1,ALTRO,MULTIPLA,2,1,0,0,1,2.00,0.00,-2.00,-100.0000,,,,,,,,,,,,,,,,
2026-09-08 16:05:38,2026-09-08,SPY_CLOSE_H2,193,,2,,,,,,,207,134,67,2745.00,2044.00,-701.00,-25.5373,122290,29,C2_exact,84-59-54,MOD5,MULTIPLA,2,1,1,0,54-84,2.00,0.00,-2.00,-100.0000,,,,,,,,,,,,,,,,
2026-09-08 16:05:38,2026-09-08,SPY_CLOSE_H2,193,,2,,,,,,,207,134,67,2745.00,2044.00,-701.00,-25.5373,122291,42,NC2_W3_gap,66-72-19,ALTRO,MULTIPLA,2,1,0,0,66,2.00,0.00,-2.00,-100.0000,,,,,,,,,,,,,,,,
2026-09-08 16:05:38,2026-09-08,SPY_CLOSE_H2,193,,2,,,,,,,207,134,67,2745.00,2044.00,-701.00,-25.5373,122292,64,NC3_W5_gap,69-44-83,MOD5,MULTIPLA,2,1,0,0,69,2.00,0.00,-2.00,-100.0000,,,,,,,,,,,,,,,,
2026-09-08 16:05:38,2026-09-08,SPY_CLOSE_H2,193,,2,,,,,,,207,134,67,2745.00,2044.00,-701.00,-25.5373,122293,85,NC3_W5_gap,88-41-90,DECINA,MULTIPLA,2,1,0,0,41,2.00,0.00,-2.00,-100.0000,,,,,,,,,,,,,,,,
2026-09-08 16:05:38,2026-09-08,SPY_CLOSE_H2,193,,2,,,,,,,207,134,67,2745.00,2044.00,-701.00,-25.5373,122294,10,NC2_W5,5-1-23,DECINA,MULTIPLA,2,1,0,0,1,2.00,0.00,-2.00,-100.0000,,,,,,,,,,,,,,,,
2026-09-08 16:05:38,2026-09-08,SPY_CLOSE_H2,193,,2,,,,,,,207,134,67,2745.00,2044.00,-701.00,-25.5373,122295,88,NC2_W5,89-90-87,DECINA,MULTIPLA,2,0,0,0,,2.00,0.00,-2.00,-100.0000,,,,,,,,,,,,,,,,
2026-09-08 16:05:38,2026-09-08,SPY_CLOSE_H2,193,,2,,,,,,,207,134,67,2745.00,2044.00,-701.00,-25.5373,122296,22,NC2_W3_gap,89-88-90,DECINA,MULTIPLA,2,0,0,0,,2.00,0.00,-2.00,-100.0000,,,,,,,,,,,,,,,,
2026-09-08 16:05:38,2026-09-08,SPY_CLOSE_H2,193,,2,,,,,,,207,134,67,2745.00,2044.00,-701.00,-25.5373,122297,22,NC3_W5_gap,88-83-89,DECINA,MULTIPLA,2,0,0,0,,2.00,0.00,-2.00,-100.0000,,,,,,,,,,,,,,,,
2026-09-08 16:05:38,2026-09-08,SPY_CLOSE_H2,193,,2,,,,,,,207,134,67,2745.00,2044.00,-701.00,-25.5373,122298,27,C1_exact,7-40-88,ALTRO,MULTIPLA,2,1,1,0,7-40,2.00,0.00,-2.00,-100.0000,,,,,,,,,,,,,,,,
2026-09-08 16:05:38,2026-09-08,SPY_CLOSE_H2,193,,2,,,,,,,207,134,67,2745.00,2044.00,-701.00,-25.5373,122299,30,NC3_W5_gap,10-25-15,CATENA_5,FORTE,2,0,0,0,,2.00,0.00,-2.00,-100.0000,,,,,,,,,,,,,,,,
2026-09-08 16:05:38,2026-09-08,SPY_CLOSE_H1,193,,1,,,,,,,207,134,67,2745.00,2044.00,-701.00,-25.5373,122300,66,C3plus,49-28-76,ALTRO,MULTIPLA,1,1,0,0,28,1.00,0.00,-1.00,-100.0000,,,,,,,,,,,,,,,,
2026-09-08 16:05:38,2026-09-08,SPY_CLOSE_H1,193,,1,,,,,,,207,134,67,2745.00,2044.00,-701.00,-25.5373,122301,79,NC2_W3_gap,32-31-49,ALTRO,MULTIPLA,1,1,0,0,31,1.00,0.00,-1.00,-100.0000,,,,,,,,,,,,,,,,
2026-09-08 16:05:38,2026-09-08,SPY_CLOSE_H1,193,,1,,,,,,,207,134,67,2745.00,2044.00,-701.00,-25.5373,122302,49,NC2_W3_gap,15-81-42,ALTRO,MULTIPLA,1,0,0,0,,1.00,0.00,-1.00,-100.0000,,,,,,,,,,,,,,,,
2026-09-08 16:05:38,2026-09-08,SPY_CLOSE_H1,193,,1,,,,,,,207,134,67,2745.00,2044.00,-701.00,-25.5373,122303,86,NC3_W5_gap,16-90-74,ALTRO,MULTIPLA,1,0,0,0,,1.00,0.00,-1.00,-100.0000,,,,,,,,,,,,,,,,
2026-09-08 16:05:38,2026-09-08,SPY_CLOSE_H1,193,,1,,,,,,,207,134,67,2745.00,2044.00,-701.00,-25.5373,122304,50,C1_exact,45-39-81,ALTRO,MULTIPLA,1,1,0,0,39,1.00,0.00,-1.00,-100.0000,,,,,,,,,,,,,,,,
2026-09-08 16:05:38,2026-09-08,SPY_CLOSE_H1,193,,1,,,,,,,207,134,67,2745.00,2044.00,-701.00,-25.5373,122305,88,NC2_W5,89-90-87,DECINA,MULTIPLA,1,0,0,0,,1.00,0.00,-1.00,-100.0000,,,,,,,,,,,,,,,,
2026-09-08 16:05:38,2026-09-08,SPY_CLOSE_H1,193,,1,,,,,,,207,134,67,2745.00,2044.00,-701.00,-25.5373,122306,67,NC2_W5,1-71-75,ALTRO,MULTIPLA,1,0,0,0,,1.00,0.00,-1.00,-100.0000,,,,,,,,,,,,,,,,
2026-09-08 16:05:38,2026-09-08,SPY_CLOSE_H1,193,,1,,,,,,,207,134,67,2745.00,2044.00,-701.00,-25.5373,122307,22,NC3_W5_gap,88-83-89,DECINA,MULTIPLA,1,0,0,0,,1.00,0.00,-1.00,-100.0000,,,,,,,,,,,,,,,,
2026-09-08 16:05:38,2026-09-08,SPY_CLOSE_H1,193,,1,,,,,,,207,134,67,2745.00,2044.00,-701.00,-25.5373,122308,69,NC2_W5,51-39-21,ALTRO,MULTIPLA,1,1,0,0,39,1.00,0.00,-1.00,-100.0000,,,,,,,,,,,,,,,,
2026-09-08 16:05:38,2026-09-08,SPY_CLOSE_H1,193,,1,,,,,,,207,134,67,2745.00,2044.00,-701.00,-25.5373,122309,17,C1_exact,90-86-88,DECINA,MULTIPLA,1,1,0,0,86,1.00,0.00,-1.00,-100.0000,,,,,,,,,,,,,,,,
2026-09-08 16:05:38,2026-09-08,SPY_CLOSE_H1,193,,1,,,,,,,207,134,67,2745.00,2044.00,-701.00,-25.5373,122310,1,C1_exact,86-90-85,DECINA,MULTIPLA,1,1,0,0,86,1.00,0.00,-1.00,-100.0000,,,,,,,,,,,,,,,,
2026-09-08 16:05:38,2026-09-08,SPY_CLOSE_H1,193,,1,,,,,,,207,134,67,2745.00,2044.00,-701.00,-25.5373,122311,64,NC3_W5_gap,69-44-83,MOD5,NORMALE,1,1,0,0,69,1.00,0.00,-1.00,-100.0000,,,,,,,,,,,,,,,,
2026-09-08 16:05:38,2026-09-08,SUM9091_LAB_CLOSE,193,2072,10,16,,16-74-75,RAW_SUM_1006_REPEAT_FROM_E80_GAP_103_BEST_3_3_H4,,,207,134,67,2745.00,2044.00,-701.00,-25.5373,,,,,,,,,,,,,,,,,,,,,,,,,,,,,,,
2026-09-08 16:05:38,2026-09-08,PAIRLAB_STOP,193,,,,,,,,,207,134,67,2745.00,2044.00,-701.00,-25.5373,,,,,,,,,,,,,,,,,3,,88-89,STOP_H3,,,,,,,,,,,
2026-09-08 16:05:38,2026-09-08,PAIRLAB_STOP,193,,,,,,,,,207,134,67,2745.00,2044.00,-701.00,-25.5373,,,,,,,,,,,,,,,,,3,,89-90,STOP_H3,,,,,,,,,,,
2026-09-08 16:05:38,2026-09-08,PAIRLAB_STOP,193,,,,,,,,,207,134,67,2745.00,2044.00,-701.00,-25.5373,,,,,,,,,,,,,,,,,3,,88-90,STOP_H3,,,,,,,,,,,
2026-09-08 16:05:38,2026-09-08,STRICTLAB_FORWARD_STOP,193,,,,,,,,,207,134,67,2745.00,2044.00,-701.00,-25.5373,,,,,,,,,,,,,,,,,3,,89-90,FORWARD_STOP_H3,,,,,,,,,,,
2026-09-08 16:05:38,2026-09-08,SPY_OPEN,193,,,,,,,,,207,134,67,2745.00,2044.00,-701.00,-25.5373,122312,86,C2_exact,89-90-88,DECINA,MULTIPLA,,,,,,,,,,,,,,,,,,,,,,,,,
2026-09-08 16:05:38,2026-09-08,SPY_OPEN,193,,,,,,,,,207,134,67,2745.00,2044.00,-701.00,-25.5373,122313,29,NC2_W3_gap,81-32-42,ALTRO,MULTIPLA,,,,,,,,,,,,,,,,,,,,,,,,,
2026-09-08 16:05:38,2026-09-08,SPY_OPEN,193,,,,,,,,,207,134,67,2745.00,2044.00,-701.00,-25.5373,122314,70,NC2_W3_gap,6-23-75,ALTRO,MULTIPLA,,,,,,,,,,,,,,,,,,,,,,,,,
2026-09-08 16:05:38,2026-09-08,SPY_OPEN,193,,,,,,,,,207,134,67,2745.00,2044.00,-701.00,-25.5373,122315,7,NC2_W5,8-15-25,ALTRO,MULTIPLA,,,,,,,,,,,,,,,,,,,,,,,,,
2026-09-08 16:05:38,2026-09-08,SPY_OPEN,193,,,,,,,,,207,134,67,2745.00,2044.00,-701.00,-25.5373,122316,67,NC3_W5_gap,57-83-42,MOD5,MULTIPLA,,,,,,,,,,,,,,,,,,,,,,,,,
2026-09-08 16:05:38,2026-09-08,SPY_OPEN,193,,,,,,,,,207,134,67,2745.00,2044.00,-701.00,-25.5373,122317,88,NC2_W5,89-90-87,DECINA,MULTIPLA,,,,,,,,,,,,,,,,,,,,,,,,,
2026-09-08 16:05:38,2026-09-08,SPY_OPEN,193,,,,,,,,,207,134,67,2745.00,2044.00,-701.00,-25.5373,122318,61,C1_exact,19-59-83,ALTRO,MULTIPLA,,,,,,,,,,,,,,,,,,,,,,,,,
2026-09-08 16:05:38,2026-09-08,SPY_OPEN,193,,,,,,,,,207,134,67,2745.00,2044.00,-701.00,-25.5373,122319,28,NC2_W3_gap,63-52-27,ALTRO,MULTIPLA,,,,,,,,,,,,,,,,,,,,,,,,,
2026-09-08 16:05:38,2026-09-08,SPY_OPEN,193,,,,,,,,,207,134,67,2745.00,2044.00,-701.00,-25.5373,122320,29,C1_exact,81-8-77,ALTRO,MULTIPLA,,,,,,,,,,,,,,,,,,,,,,,,,
2026-09-08 16:05:38,2026-09-08,SPY_OPEN,193,,,,,,,,,207,134,67,2745.00,2044.00,-701.00,-25.5373,122321,69,NC2_W5,51-39-21,ALTRO,MULTIPLA,,,,,,,,,,,,,,,,,,,,,,,,,
2026-09-08 16:05:38,2026-09-08,SPY_OPEN,193,,,,,,,,,207,134,67,2745.00,2044.00,-701.00,-25.5373,122322,7,C1_exact,69-89-4,MOD5,MULTIPLA,,,,,,,,,,,,,,,,,,,,,,,,,
2026-09-08 16:05:38,2026-09-08,SPY_OPEN,193,,,,,,,,,207,134,67,2745.00,2044.00,-701.00,-25.5373,122323,79,C2_exact,90-55-29,ALTRO,MULTIPLA,,,,,,,,,,,,,,,,,,,,,,,,,
2026-09-08 16:05:38,2026-09-08,SPY_OPEN,193,,,,,,,,,207,134,67,2745.00,2044.00,-701.00,-25.5373,122324,8,C1_exact,87-90-89,DECINA,MULTIPLA,,,,,,,,,,,,,,,,,,,,,,,,,
2026-09-08 16:05:38,2026-09-08,SPY_OPEN,193,,,,,,,,,207,134,67,2745.00,2044.00,-701.00,-25.5373,122325,24,C1_exact,88-69-87,ALTRO,MULTIPLA,,,,,,,,,,,,,,,,,,,,,,,,,
2026-09-08 16:05:38,2026-09-08,SUM9091_LAB_OPEN,193,2078,0,36,,36-54-55,REPEAT_RAW_SUM_1026_FROM_E8_GAP_185_OCC_2,,,207,134,67,2745.00,2044.00,-701.00,-25.5373,,,,,,,,,,,,,,,,,,,,,,,,,,,,,,,
2026-09-08 16:10:49,2026-09-08,SPY_CLOSE_H3,194,,3,,,,,,,207,134,67,2745.00,2044.00,-701.00,-25.5373,122287,88,NC2_W3_gap,67-6-55,ALTRO,MULTIPLA,3,1,1,0,6-67,3.00,0.00,-3.00,-100.0000,,,,,,,,,,,,,,,,
2026-09-08 16:10:49,2026-09-08,SPY_CLOSE_H3,194,,3,,,,,,,207,134,67,2745.00,2044.00,-701.00,-25.5373,122288,66,C2_exact,25-69-26,ALTRO,MULTIPLA,3,1,0,0,26,3.00,0.00,-3.00,-100.0000,,,,,,,,,,,,,,,,
2026-09-08 16:10:49,2026-09-08,SPY_CLOSE_H3,194,,3,,,,,,,207,134,67,2745.00,2044.00,-701.00,-25.5373,122289,66,NC3_W5_gap,25-40-1,ALTRO,MULTIPLA,3,1,0,0,1,3.00,0.00,-3.00,-100.0000,,,,,,,,,,,,,,,,
2026-09-08 16:10:49,2026-09-08,SPY_CLOSE_H3,194,,3,,,,,,,207,134,67,2745.00,2044.00,-701.00,-25.5373,122290,29,C2_exact,84-59-54,MOD5,MULTIPLA,3,1,1,0,54-84,3.00,0.00,-3.00,-100.0000,,,,,,,,,,,,,,,,
2026-09-08 16:10:49,2026-09-08,SPY_CLOSE_H3,194,,3,,,,,,,207,134,67,2745.00,2044.00,-701.00,-25.5373,122291,42,NC2_W3_gap,66-72-19,ALTRO,MULTIPLA,3,1,0,0,66,3.00,0.00,-3.00,-100.0000,,,,,,,,,,,,,,,,
2026-09-08 16:10:49,2026-09-08,SPY_CLOSE_H3,194,,3,,,,,,,207,134,67,2745.00,2044.00,-701.00,-25.5373,122292,64,NC3_W5_gap,69-44-83,MOD5,MULTIPLA,3,1,0,0,69,3.00,0.00,-3.00,-100.0000,,,,,,,,,,,,,,,,
2026-09-08 16:10:49,2026-09-08,SPY_CLOSE_H3,194,,3,,,,,,,207,134,67,2745.00,2044.00,-701.00,-25.5373,122293,85,NC3_W5_gap,88-41-90,DECINA,MULTIPLA,3,1,0,0,41,3.00,0.00,-3.00,-100.0000,,,,,,,,,,,,,,,,
2026-09-08 16:10:49,2026-09-08,SPY_CLOSE_H3,194,,3,,,,,,,207,134,67,2745.00,2044.00,-701.00,-25.5373,122294,10,NC2_W5,5-1-23,DECINA,MULTIPLA,3,1,0,0,1,3.00,0.00,-3.00,-100.0000,,,,,,,,,,,,,,,,
2026-09-08 16:10:49,2026-09-08,SPY_CLOSE_H3,194,,3,,,,,,,207,134,67,2745.00,2044.00,-701.00,-25.5373,122295,88,NC2_W5,89-90-87,DECINA,MULTIPLA,3,0,0,0,,3.00,0.00,-3.00,-100.0000,,,,,,,,,,,,,,,,
2026-09-08 16:10:49,2026-09-08,SPY_CLOSE_H3,194,,3,,,,,,,207,134,67,2745.00,2044.00,-701.00,-25.5373,122296,22,NC2_W3_gap,89-88-90,DECINA,MULTIPLA,3,0,0,0,,3.00,0.00,-3.00,-100.0000,,,,,,,,,,,,,,,,
2026-09-08 16:10:49,2026-09-08,SPY_CLOSE_H3,194,,3,,,,,,,207,134,67,2745.00,2044.00,-701.00,-25.5373,122297,22,NC3_W5_gap,88-83-89,DECINA,MULTIPLA,3,0,0,0,,3.00,0.00,-3.00,-100.0000,,,,,,,,,,,,,,,,
2026-09-08 16:10:49,2026-09-08,SPY_CLOSE_H3,194,,3,,,,,,,207,134,67,2745.00,2044.00,-701.00,-25.5373,122298,27,C1_exact,7-40-88,ALTRO,MULTIPLA,3,1,1,0,7-40,3.00,0.00,-3.00,-100.0000,,,,,,,,,,,,,,,,
2026-09-08 16:10:49,2026-09-08,SPY_CLOSE_H3,194,,3,,,,,,,207,134,67,2745.00,2044.00,-701.00,-25.5373,122299,30,NC3_W5_gap,10-25-15,CATENA_5,FORTE,3,0,0,0,,3.00,0.00,-3.00,-100.0000,,,,,,,,,,,,,,,,
2026-09-08 16:10:49,2026-09-08,SPY_CLOSE_H2,194,,2,,,,,,,207,134,67,2745.00,2044.00,-701.00,-25.5373,122300,66,C3plus,49-28-76,ALTRO,MULTIPLA,2,1,1,0,28-49,2.00,0.00,-2.00,-100.0000,,,,,,,,,,,,,,,,
2026-09-08 16:10:49,2026-09-08,SPY_CLOSE_H2,194,,2,,,,,,,207,134,67,2745.00,2044.00,-701.00,-25.5373,122301,79,NC2_W3_gap,32-31-49,ALTRO,MULTIPLA,2,1,1,0,31-49,2.00,0.00,-2.00,-100.0000,,,,,,,,,,,,,,,,
2026-09-08 16:10:49,2026-09-08,SPY_CLOSE_H2,194,,2,,,,,,,207,134,67,2745.00,2044.00,-701.00,-25.5373,122302,49,NC2_W3_gap,15-81-42,ALTRO,MULTIPLA,2,1,0,0,42,2.00,0.00,-2.00,-100.0000,,,,,,,,,,,,,,,,
2026-09-08 16:10:49,2026-09-08,SPY_CLOSE_H2,194,,2,,,,,,,207,134,67,2745.00,2044.00,-701.00,-25.5373,122303,86,NC3_W5_gap,16-90-74,ALTRO,MULTIPLA,2,1,0,0,74,2.00,0.00,-2.00,-100.0000,,,,,,,,,,,,,,,,
2026-09-08 16:10:49,2026-09-08,SPY_CLOSE_H2,194,,2,,,,,,,207,134,67,2745.00,2044.00,-701.00,-25.5373,122304,50,C1_exact,45-39-81,ALTRO,MULTIPLA,2,1,0,0,39,2.00,0.00,-2.00,-100.0000,,,,,,,,,,,,,,,,
2026-09-08 16:10:49,2026-09-08,SPY_CLOSE_H2,194,,2,,,,,,,207,134,67,2745.00,2044.00,-701.00,-25.5373,122305,88,NC2_W5,89-90-87,DECINA,MULTIPLA,2,0,0,0,,2.00,0.00,-2.00,-100.0000,,,,,,,,,,,,,,,,
2026-09-08 16:10:49,2026-09-08,SPY_CLOSE_H2,194,,2,,,,,,,207,134,67,2745.00,2044.00,-701.00,-25.5373,122306,67,NC2_W5,1-71-75,ALTRO,MULTIPLA,2,0,0,0,,2.00,0.00,-2.00,-100.0000,,,,,,,,,,,,,,,,
2026-09-08 16:10:49,2026-09-08,SPY_CLOSE_H2,194,,2,,,,,,,207,134,67,2745.00,2044.00,-701.00,-25.5373,122307,22,NC3_W5_gap,88-83-89,DECINA,MULTIPLA,2,0,0,0,,2.00,0.00,-2.00,-100.0000,,,,,,,,,,,,,,,,
2026-09-08 16:10:49,2026-09-08,SPY_CLOSE_H2,194,,2,,,,,,,207,134,67,2745.00,2044.00,-701.00,-25.5373,122308,69,NC2_W5,51-39-21,ALTRO,MULTIPLA,2,1,0,0,39,2.00,0.00,-2.00,-100.0000,,,,,,,,,,,,,,,,
2026-09-08 16:10:49,2026-09-08,SPY_CLOSE_H2,194,,2,,,,,,,207,134,67,2745.00,2044.00,-701.00,-25.5373,122309,17,C1_exact,90-86-88,DECINA,MULTIPLA,2,1,0,0,86,2.00,0.00,-2.00,-100.0000,,,,,,,,,,,,,,,,
2026-09-08 16:10:49,2026-09-08,SPY_CLOSE_H2,194,,2,,,,,,,207,134,67,2745.00,2044.00,-701.00,-25.5373,122310,1,C1_exact,86-90-85,DECINA,MULTIPLA,2,1,0,0,86,2.00,0.00,-2.00,-100.0000,,,,,,,,,,,,,,,,
2026-09-08 16:10:49,2026-09-08,SPY_CLOSE_H2,194,,2,,,,,,,207,134,67,2745.00,2044.00,-701.00,-25.5373,122311,64,NC3_W5_gap,69-44-83,MOD5,NORMALE,2,1,0,0,69,2.00,0.00,-2.00,-100.0000,,,,,,,,,,,,,,,,
2026-09-08 16:10:49,2026-09-08,SPY_CLOSE_H1,194,,1,,,,,,,207,134,67,2745.00,2044.00,-701.00,-25.5373,122312,86,C2_exact,89-90-88,DECINA,MULTIPLA,1,0,0,0,,1.00,0.00,-1.00,-100.0000,,,,,,,,,,,,,,,,
2026-09-08 16:10:49,2026-09-08,SPY_CLOSE_H1,194,,1,,,,,,,207,134,67,2745.00,2044.00,-701.00,-25.5373,122313,29,NC2_W3_gap,81-32-42,ALTRO,MULTIPLA,1,1,0,0,42,1.00,0.00,-1.00,-100.0000,,,,,,,,,,,,,,,,
2026-09-08 16:10:49,2026-09-08,SPY_CLOSE_H1,194,,1,,,,,,,207,134,67,2745.00,2044.00,-701.00,-25.5373,122314,70,NC2_W3_gap,6-23-75,ALTRO,MULTIPLA,1,1,0,0,6,1.00,0.00,-1.00,-100.0000,,,,,,,,,,,,,,,,
2026-09-08 16:10:49,2026-09-08,SPY_CLOSE_H1,194,,1,,,,,,,207,134,67,2745.00,2044.00,-701.00,-25.5373,122315,7,NC2_W5,8-15-25,ALTRO,MULTIPLA,1,0,0,0,,1.00,0.00,-1.00,-100.0000,,,,,,,,,,,,,,,,
2026-09-08 16:10:49,2026-09-08,SPY_CLOSE_H1,194,,1,,,,,,,207,134,67,2745.00,2044.00,-701.00,-25.5373,122316,67,NC3_W5_gap,57-83-42,MOD5,MULTIPLA,1,1,1,0,42-57,1.00,0.00,-1.00,-100.0000,,,,,,,,,,,,,,,,
2026-09-08 16:10:49,2026-09-08,SPY_CLOSE_H1,194,,1,,,,,,,207,134,67,2745.00,2044.00,-701.00,-25.5373,122317,88,NC2_W5,89-90-87,DECINA,MULTIPLA,1,0,0,0,,1.00,0.00,-1.00,-100.0000,,,,,,,,,,,,,,,,
2026-09-08 16:10:49,2026-09-08,SPY_CLOSE_H1,194,,1,,,,,,,207,134,67,2745.00,2044.00,-701.00,-25.5373,122318,61,C1_exact,19-59-83,ALTRO,MULTIPLA,1,1,0,0,19,1.00,0.00,-1.00,-100.0000,,,,,,,,,,,,,,,,
2026-09-08 16:10:49,2026-09-08,SPY_CLOSE_H1,194,,1,,,,,,,207,134,67,2745.00,2044.00,-701.00,-25.5373,122319,28,NC2_W3_gap,63-52-27,ALTRO,MULTIPLA,1,1,0,0,27,1.00,0.00,-1.00,-100.0000,,,,,,,,,,,,,,,,
2026-09-08 16:10:49,2026-09-08,SPY_CLOSE_H1,194,,1,,,,,,,207,134,67,2745.00,2044.00,-701.00,-25.5373,122320,29,C1_exact,81-8-77,ALTRO,MULTIPLA,1,1,0,0,77,1.00,0.00,-1.00,-100.0000,,,,,,,,,,,,,,,,
2026-09-08 16:10:49,2026-09-08,SPY_CLOSE_H1,194,,1,,,,,,,207,134,67,2745.00,2044.00,-701.00,-25.5373,122321,69,NC2_W5,51-39-21,ALTRO,MULTIPLA,1,0,0,0,,1.00,0.00,-1.00,-100.0000,,,,,,,,,,,,,,,,
2026-09-08 16:10:49,2026-09-08,SPY_CLOSE_H1,194,,1,,,,,,,207,134,67,2745.00,2044.00,-701.00,-25.5373,122322,7,C1_exact,69-89-4,MOD5,MULTIPLA,1,1,0,0,4,1.00,0.00,-1.00,-100.0000,,,,,,,,,,,,,,,,
2026-09-08 16:10:49,2026-09-08,SPY_CLOSE_H1,194,,1,,,,,,,207,134,67,2745.00,2044.00,-701.00,-25.5373,122323,79,C2_exact,90-55-29,ALTRO,MULTIPLA,1,1,0,0,29,1.00,0.00,-1.00,-100.0000,,,,,,,,,,,,,,,,
2026-09-08 16:10:49,2026-09-08,SPY_CLOSE_H1,194,,1,,,,,,,207,134,67,2745.00,2044.00,-701.00,-25.5373,122324,8,C1_exact,87-90-89,DECINA,MULTIPLA,1,0,0,0,,1.00,0.00,-1.00,-100.0000,,,,,,,,,,,,,,,,
2026-09-08 16:10:49,2026-09-08,SPY_CLOSE_H1,194,,1,,,,,,,207,134,67,2745.00,2044.00,-701.00,-25.5373,122325,24,C1_exact,88-69-87,ALTRO,MULTIPLA,1,0,0,0,,1.00,0.00,-1.00,-100.0000,,,,,,,,,,,,,,,,
2026-09-08 16:10:49,2026-09-08,STRICTLAB_FORWARD_STOP,194,,,,,,,,,207,134,67,2745.00,2044.00,-701.00,-25.5373,,,,,,,,,,,,,,,,,3,,88-89,FORWARD_STOP_H3,,,,,,,,,,,
2026-09-08 16:10:49,2026-09-08,SPY_OPEN,194,,,,,,,,,207,134,67,2745.00,2044.00,-701.00,-25.5373,122326,49,NC2_W3_gap,15-81-42,ALTRO,MULTIPLA,,,,,,,,,,,,,,,,,,,,,,,,,
2026-09-08 16:10:49,2026-09-08,SPY_OPEN,194,,,,,,,,,207,134,67,2745.00,2044.00,-701.00,-25.5373,122327,86,NC3_W5_gap,16-90-74,ALTRO,MULTIPLA,,,,,,,,,,,,,,,,,,,,,,,,,
2026-09-08 16:10:49,2026-09-08,SPY_OPEN,194,,,,,,,,,207,134,67,2745.00,2044.00,-701.00,-25.5373,122328,48,NC3_W5_gap,19-55-34,ALTRO,MULTIPLA,,,,,,,,,,,,,,,,,,,,,,,,,
2026-09-08 16:10:49,2026-09-08,SPY_OPEN,194,,,,,,,,,207,134,67,2745.00,2044.00,-701.00,-25.5373,122329,35,C1_exact,30-85-48,MOD5,MULTIPLA,,,,,,,,,,,,,,,,,,,,,,,,,
2026-09-08 16:10:49,2026-09-08,SPY_OPEN,194,,,,,,,,,207,134,67,2745.00,2044.00,-701.00,-25.5373,122330,57,C2_exact,55-87-15,ALTRO,MULTIPLA,,,,,,,,,,,,,,,,,,,,,,,,,
2026-09-08 16:10:49,2026-09-08,SPY_OPEN,194,,,,,,,,,207,134,67,2745.00,2044.00,-701.00,-25.5373,122331,29,C2_exact,84-59-54,MOD5,MULTIPLA,,,,,,,,,,,,,,,,,,,,,,,,,
2026-09-08 16:10:49,2026-09-08,SPY_OPEN,194,,,,,,,,,207,134,67,2745.00,2044.00,-701.00,-25.5373,122332,6,NC2_W3_gap,90-87-88,DECINA,MULTIPLA,,,,,,,,,,,,,,,,,,,,,,,,,
2026-09-08 16:10:49,2026-09-08,SPY_OPEN,194,,,,,,,,,207,134,67,2745.00,2044.00,-701.00,-25.5373,122333,49,NC3_W5_gap,89-46-81,ALTRO,MULTIPLA,,,,,,,,,,,,,,,,,,,,,,,,,
2026-09-08 16:10:49,2026-09-08,SPY_OPEN,194,,,,,,,,,207,134,67,2745.00,2044.00,-701.00,-25.5373,122334,48,NC2_W3_gap,86-84-88,DECINA,MULTIPLA,,,,,,,,,,,,,,,,,,,,,,,,,
2026-09-08 16:10:49,2026-09-08,SPY_OPEN,194,,,,,,,,,207,134,67,2745.00,2044.00,-701.00,-25.5373,122335,27,C1_exact,7-40-88,ALTRO,MULTIPLA,,,,,,,,,,,,,,,,,,,,,,,,,
2026-09-08 16:10:49,2026-09-08,SPY_OPEN,194,,,,,,,,,207,134,67,2745.00,2044.00,-701.00,-25.5373,122336,69,NC2_W5,51-39-21,ALTRO,MULTIPLA,,,,,,,,,,,,,,,,,,,,,,,,,
2026-09-08 16:10:49,2026-09-08,SPY_OPEN,194,,,,,,,,,207,134,67,2745.00,2044.00,-701.00,-25.5373,122337,19,C1_exact,89-85-90,DECINA,MULTIPLA,,,,,,,,,,,,,,,,,,,,,,,,,
2026-09-08 16:10:49,2026-09-08,SPY_OPEN,194,,,,,,,,,207,134,67,2745.00,2044.00,-701.00,-25.5373,122338,7,NC3_W5_gap,88-90-85,DECINA,MULTIPLA,,,,,,,,,,,,,,,,,,,,,,,,,
2026-09-08 16:10:49,2026-09-08,SPY_OPEN,194,,,,,,,,,207,134,67,2745.00,2044.00,-701.00,-25.5373,122339,4,C1_exact,88-89-90,DECINA,MULTIPLA,,,,,,,,,,,,,,,,,,,,,,,,,
2026-09-08 16:10:49,2026-09-08,SPY_OPEN,194,,,,,,,,,207,134,67,2745.00,2044.00,-701.00,-25.5373,122340,13,C1_exact,89-90-50,ALTRO,MULTIPLA,,,,,,,,,,,,,,,,,,,,,,,,,
2026-09-08 16:16:00,2026-09-08,SPY_CLOSE_H3,195,,3,,,,,,,207,134,67,2745.00,2044.00,-701.00,-25.5373,122300,66,C3plus,49-28-76,ALTRO,MULTIPLA,3,1,1,0,28-49,3.00,0.00,-3.00,-100.0000,,,,,,,,,,,,,,,,
2026-09-08 16:16:00,2026-09-08,SPY_CLOSE_H3,195,,3,,,,,,,207,134,67,2745.00,2044.00,-701.00,-25.5373,122301,79,NC2_W3_gap,32-31-49,ALTRO,MULTIPLA,3,1,1,0,31-49,3.00,0.00,-3.00,-100.0000,,,,,,,,,,,,,,,,
2026-09-08 16:16:00,2026-09-08,SPY_CLOSE_H3,195,,3,,,,,,,207,134,67,2745.00,2044.00,-701.00,-25.5373,122302,49,NC2_W3_gap,15-81-42,ALTRO,MULTIPLA,3,1,0,0,42,3.00,0.00,-3.00,-100.0000,,,,,,,,,,,,,,,,
2026-09-08 16:16:00,2026-09-08,SPY_CLOSE_H3,195,,3,,,,,,,207,134,67,2745.00,2044.00,-701.00,-25.5373,122303,86,NC3_W5_gap,16-90-74,ALTRO,MULTIPLA,3,1,0,0,74,3.00,0.00,-3.00,-100.0000,,,,,,,,,,,,,,,,
2026-09-08 16:16:00,2026-09-08,SPY_CLOSE_H3,195,,3,,,,,,,207,134,67,2745.00,2044.00,-701.00,-25.5373,122304,50,C1_exact,45-39-81,ALTRO,MULTIPLA,3,1,0,0,39,3.00,0.00,-3.00,-100.0000,,,,,,,,,,,,,,,,
2026-09-08 16:16:00,2026-09-08,SPY_CLOSE_H3,195,,3,,,,,,,207,134,67,2745.00,2044.00,-701.00,-25.5373,122305,88,NC2_W5,89-90-87,DECINA,MULTIPLA,3,0,0,0,,3.00,0.00,-3.00,-100.0000,,,,,,,,,,,,,,,,
2026-09-08 16:16:00,2026-09-08,SPY_CLOSE_H3,195,,3,,,,,,,207,134,67,2745.00,2044.00,-701.00,-25.5373,122306,67,NC2_W5,1-71-75,ALTRO,MULTIPLA,3,1,0,0,75,3.00,0.00,-3.00,-100.0000,,,,,,,,,,,,,,,,
2026-09-08 16:16:00,2026-09-08,SPY_CLOSE_H3,195,,3,,,,,,,207,134,67,2745.00,2044.00,-701.00,-25.5373,122307,22,NC3_W5_gap,88-83-89,DECINA,MULTIPLA,3,0,0,0,,3.00,0.00,-3.00,-100.0000,,,,,,,,,,,,,,,,
2026-09-08 16:16:00,2026-09-08,SPY_CLOSE_H3,195,,3,,,,,,,207,134,67,2745.00,2044.00,-701.00,-25.5373,122308,69,NC2_W5,51-39-21,ALTRO,MULTIPLA,3,1,0,0,39,3.00,0.00,-3.00,-100.0000,,,,,,,,,,,,,,,,
2026-09-08 16:16:00,2026-09-08,SPY_CLOSE_H3,195,,3,,,,,,,207,134,67,2745.00,2044.00,-701.00,-25.5373,122309,17,C1_exact,90-86-88,DECINA,MULTIPLA,3,1,0,0,86,3.00,0.00,-3.00,-100.0000,,,,,,,,,,,,,,,,
2026-09-08 16:16:00,2026-09-08,SPY_CLOSE_H3,195,,3,,,,,,,207,134,67,2745.00,2044.00,-701.00,-25.5373,122310,1,C1_exact,86-90-85,DECINA,MULTIPLA,3,1,0,0,86,3.00,0.00,-3.00,-100.0000,,,,,,,,,,,,,,,,
2026-09-08 16:16:00,2026-09-08,SPY_CLOSE_H3,195,,3,,,,,,,207,134,67,2745.00,2044.00,-701.00,-25.5373,122311,64,NC3_W5_gap,69-44-83,MOD5,NORMALE,3,1,1,0,44-69,3.00,0.00,-3.00,-100.0000,,,,,,,,,,,,,,,,
2026-09-08 16:16:00,2026-09-08,SPY_CLOSE_H2,195,,2,,,,,,,207,134,67,2745.00,2044.00,-701.00,-25.5373,122312,86,C2_exact,89-90-88,DECINA,MULTIPLA,2,0,0,0,,2.00,0.00,-2.00,-100.0000,,,,,,,,,,,,,,,,
2026-09-08 16:16:00,2026-09-08,SPY_CLOSE_H2,195,,2,,,,,,,207,134,67,2745.00,2044.00,-701.00,-25.5373,122313,29,NC2_W3_gap,81-32-42,ALTRO,MULTIPLA,2,1,0,0,42,2.00,0.00,-2.00,-100.0000,,,,,,,,,,,,,,,,
2026-09-08 16:16:00,2026-09-08,SPY_CLOSE_H2,195,,2,,,,,,,207,134,67,2745.00,2044.00,-701.00,-25.5373,122314,70,NC2_W3_gap,6-23-75,ALTRO,MULTIPLA,2,1,1,0,23-75,2.00,0.00,-2.00,-100.0000,,,,,,,,,,,,,,,,
2026-09-08 16:16:00,2026-09-08,SPY_CLOSE_H2,195,,2,,,,,,,207,134,67,2745.00,2044.00,-701.00,-25.5373,122315,7,NC2_W5,8-15-25,ALTRO,MULTIPLA,2,1,0,0,8,2.00,0.00,-2.00,-100.0000,,,,,,,,,,,,,,,,
2026-09-08 16:16:00,2026-09-08,SPY_CLOSE_H2,195,,2,,,,,,,207,134,67,2745.00,2044.00,-701.00,-25.5373,122316,67,NC3_W5_gap,57-83-42,MOD5,MULTIPLA,2,1,1,0,42-57,2.00,0.00,-2.00,-100.0000,,,,,,,,,,,,,,,,
2026-09-08 16:16:00,2026-09-08,SPY_CLOSE_H2,195,,2,,,,,,,207,134,67,2745.00,2044.00,-701.00,-25.5373,122317,88,NC2_W5,89-90-87,DECINA,MULTIPLA,2,0,0,0,,2.00,0.00,-2.00,-100.0000,,,,,,,,,,,,,,,,
2026-09-08 16:16:00,2026-09-08,SPY_CLOSE_H2,195,,2,,,,,,,207,134,67,2745.00,2044.00,-701.00,-25.5373,122318,61,C1_exact,19-59-83,ALTRO,MULTIPLA,2,1,1,0,19-59,2.00,0.00,-2.00,-100.0000,,,,,,,,,,,,,,,,
2026-09-08 16:16:00,2026-09-08,SPY_CLOSE_H2,195,,2,,,,,,,207,134,67,2745.00,2044.00,-701.00,-25.5373,122319,28,NC2_W3_gap,63-52-27,ALTRO,MULTIPLA,2,1,0,0,27,2.00,0.00,-2.00,-100.0000,,,,,,,,,,,,,,,,
2026-09-08 16:16:00,2026-09-08,SPY_CLOSE_H2,195,,2,,,,,,,207,134,67,2745.00,2044.00,-701.00,-25.5373,122320,29,C1_exact,81-8-77,ALTRO,MULTIPLA,2,1,1,0,8-77,2.00,0.00,-2.00,-100.0000,,,,,,,,,,,,,,,,
2026-09-08 16:16:00,2026-09-08,SPY_CLOSE_H2,195,,2,,,,,,,207,134,67,2745.00,2044.00,-701.00,-25.5373,122321,69,NC2_W5,51-39-21,ALTRO,MULTIPLA,2,0,0,0,,2.00,0.00,-2.00,-100.0000,,,,,,,,,,,,,,,,
2026-09-08 16:16:00,2026-09-08,SPY_CLOSE_H2,195,,2,,,,,,,207,134,67,2745.00,2044.00,-701.00,-25.5373,122322,7,C1_exact,69-89-4,MOD5,MULTIPLA,2,1,0,0,4,2.00,0.00,-2.00,-100.0000,,,,,,,,,,,,,,,,
2026-09-08 16:16:00,2026-09-08,SPY_CLOSE_H2,195,,2,,,,,,,207,134,67,2745.00,2044.00,-701.00,-25.5373,122323,79,C2_exact,90-55-29,ALTRO,MULTIPLA,2,1,0,0,29,2.00,0.00,-2.00,-100.0000,,,,,,,,,,,,,,,,
2026-09-08 16:16:00,2026-09-08,SPY_CLOSE_H2,195,,2,,,,,,,207,134,67,2745.00,2044.00,-701.00,-25.5373,122324,8,C1_exact,87-90-89,DECINA,MULTIPLA,2,0,0,0,,2.00,0.00,-2.00,-100.0000,,,,,,,,,,,,,,,,
2026-09-08 16:16:00,2026-09-08,SPY_CLOSE_H2,195,,2,,,,,,,207,134,67,2745.00,2044.00,-701.00,-25.5373,122325,24,C1_exact,88-69-87,ALTRO,MULTIPLA,2,1,0,0,69,2.00,0.00,-2.00,-100.0000,,,,,,,,,,,,,,,,
2026-09-08 16:16:00,2026-09-08,SPY_CLOSE_H1,195,,1,,,,,,,207,134,67,2745.00,2044.00,-701.00,-25.5373,122326,49,NC2_W3_gap,15-81-42,ALTRO,MULTIPLA,1,0,0,0,,1.00,0.00,-1.00,-100.0000,,,,,,,,,,,,,,,,
2026-09-08 16:16:00,2026-09-08,SPY_CLOSE_H1,195,,1,,,,,,,207,134,67,2745.00,2044.00,-701.00,-25.5373,122327,86,NC3_W5_gap,16-90-74,ALTRO,MULTIPLA,1,1,0,0,16,1.00,0.00,-1.00,-100.0000,,,,,,,,,,,,,,,,
2026-09-08 16:16:00,2026-09-08,SPY_CLOSE_H1,195,,1,,,,,,,207,134,67,2745.00,2044.00,-701.00,-25.5373,122328,48,NC3_W5_gap,19-55-34,ALTRO,MULTIPLA,1,1,1,0,19-34,1.00,0.00,-1.00,-100.0000,,,,,,,,,,,,,,,,
2026-09-08 16:16:00,2026-09-08,SPY_CLOSE_H1,195,,1,,,,,,,207,134,67,2745.00,2044.00,-701.00,-25.5373,122329,35,C1_exact,30-85-48,MOD5,MULTIPLA,1,0,0,0,,1.00,0.00,-1.00,-100.0000,,,,,,,,,,,,,,,,
2026-09-08 16:16:00,2026-09-08,SPY_CLOSE_H1,195,,1,,,,,,,207,134,67,2745.00,2044.00,-701.00,-25.5373,122330,57,C2_exact,55-87-15,ALTRO,MULTIPLA,1,0,0,0,,1.00,0.00,-1.00,-100.0000,,,,,,,,,,,,,,,,
2026-09-08 16:16:00,2026-09-08,SPY_CLOSE_H1,195,,1,,,,,,,207,134,67,2745.00,2044.00,-701.00,-25.5373,122331,29,C2_exact,84-59-54,MOD5,MULTIPLA,1,1,0,0,59,1.00,0.00,-1.00,-100.0000,,,,,,,,,,,,,,,,
2026-09-08 16:16:00,2026-09-08,SPY_CLOSE_H1,195,,1,,,,,,,207,134,67,2745.00,2044.00,-701.00,-25.5373,122332,6,NC2_W3_gap,90-87-88,DECINA,MULTIPLA,1,0,0,0,,1.00,0.00,-1.00,-100.0000,,,,,,,,,,,,,,,,
2026-09-08 16:16:00,2026-09-08,SPY_CLOSE_H1,195,,1,,,,,,,207,134,67,2745.00,2044.00,-701.00,-25.5373,122333,49,NC3_W5_gap,89-46-81,ALTRO,MULTIPLA,1,0,0,0,,1.00,0.00,-1.00,-100.0000,,,,,,,,,,,,,,,,
2026-09-08 16:16:00,2026-09-08,SPY_CLOSE_H1,195,,1,,,,,,,207,134,67,2745.00,2044.00,-701.00,-25.5373,122334,48,NC2_W3_gap,86-84-88,DECINA,MULTIPLA,1,0,0,0,,1.00,0.00,-1.00,-100.0000,,,,,,,,,,,,,,,,
2026-09-08 16:16:00,2026-09-08,SPY_CLOSE_H1,195,,1,,,,,,,207,134,67,2745.00,2044.00,-701.00,-25.5373,122335,27,C1_exact,7-40-88,ALTRO,MULTIPLA,1,0,0,0,,1.00,0.00,-1.00,-100.0000,,,,,,,,,,,,,,,,
2026-09-08 16:16:00,2026-09-08,SPY_CLOSE_H1,195,,1,,,,,,,207,134,67,2745.00,2044.00,-701.00,-25.5373,122336,69,NC2_W5,51-39-21,ALTRO,MULTIPLA,1,0,0,0,,1.00,0.00,-1.00,-100.0000,,,,,,,,,,,,,,,,
2026-09-08 16:16:00,2026-09-08,SPY_CLOSE_H1,195,,1,,,,,,,207,134,67,2745.00,2044.00,-701.00,-25.5373,122337,19,C1_exact,89-85-90,DECINA,MULTIPLA,1,0,0,0,,1.00,0.00,-1.00,-100.0000,,,,,,,,,,,,,,,,
2026-09-08 16:16:00,2026-09-08,SPY_CLOSE_H1,195,,1,,,,,,,207,134,67,2745.00,2044.00,-701.00,-25.5373,122338,7,NC3_W5_gap,88-90-85,DECINA,MULTIPLA,1,0,0,0,,1.00,0.00,-1.00,-100.0000,,,,,,,,,,,,,,,,
2026-09-08 16:16:00,2026-09-08,SPY_CLOSE_H1,195,,1,,,,,,,207,134,67,2745.00,2044.00,-701.00,-25.5373,122339,4,C1_exact,88-89-90,DECINA,MULTIPLA,1,0,0,0,,1.00,0.00,-1.00,-100.0000,,,,,,,,,,,,,,,,
2026-09-08 16:16:00,2026-09-08,SPY_CLOSE_H1,195,,1,,,,,,,207,134,67,2745.00,2044.00,-701.00,-25.5373,122340,13,C1_exact,89-90-50,ALTRO,MULTIPLA,1,0,0,0,,1.00,0.00,-1.00,-100.0000,,,,,,,,,,,,,,,,
2026-09-08 16:16:00,2026-09-08,SUM9091_LAB_CLOSE,195,2073,10,8,,8-82-83,RAW_SUM_908_REPEAT_FROM_E86_GAP_99_BEST_2_3_H10,,,207,134,67,2745.00,2044.00,-701.00,-25.5373,,,,,,,,,,,,,,,,,,,,,,,,,,,,,,,
2026-09-08 16:16:00,2026-09-08,SPY_OPEN,195,,,,,,,,,207,134,67,2745.00,2044.00,-701.00,-25.5373,122341,24,C3plus,9-60-8,ALTRO,MULTIPLA,,,,,,,,,,,,,,,,,,,,,,,,,
2026-09-08 16:16:00,2026-09-08,SPY_OPEN,195,,,,,,,,,207,134,67,2745.00,2044.00,-701.00,-25.5373,122342,35,C2_exact,30-25-4,MOD5,MULTIPLA,,,,,,,,,,,,,,,,,,,,,,,,,
2026-09-08 16:16:00,2026-09-08,SPY_OPEN,195,,,,,,,,,207,134,67,2745.00,2044.00,-701.00,-25.5373,122343,19,C2_exact,40-35-47,ALTRO,MULTIPLA,,,,,,,,,,,,,,,,,,,,,,,,,
2026-09-08 16:16:00,2026-09-08,SPY_OPEN,195,,,,,,,,,207,134,67,2745.00,2044.00,-701.00,-25.5373,122344,48,NC3_W5_gap,19-55-34,ALTRO,MULTIPLA,,,,,,,,,,,,,,,,,,,,,,,,,
2026-09-08 16:16:00,2026-09-08,SPY_OPEN,195,,,,,,,,,207,134,67,2745.00,2044.00,-701.00,-25.5373,122345,13,C2_exact,43-61-70,ALTRO,MULTIPLA,,,,,,,,,,,,,,,,,,,,,,,,,
2026-09-08 16:16:00,2026-09-08,SPY_OPEN,195,,,,,,,,,207,134,67,2745.00,2044.00,-701.00,-25.5373,122346,65,NC2_W3_gap,79-66-80,ALTRO,MULTIPLA,,,,,,,,,,,,,,,,,,,,,,,,,
2026-09-08 16:16:00,2026-09-08,SPY_OPEN,195,,,,,,,,,207,134,67,2745.00,2044.00,-701.00,-25.5373,122347,77,NC3_W5_gap,29-50-5,ALTRO,MULTIPLA,,,,,,,,,,,,,,,,,,,,,,,,,
2026-09-08 16:16:00,2026-09-08,SPY_OPEN,195,,,,,,,,,207,134,67,2745.00,2044.00,-701.00,-25.5373,122348,49,NC3_W5_gap,89-46-81,ALTRO,MULTIPLA,,,,,,,,,,,,,,,,,,,,,,,,,
2026-09-08 16:16:00,2026-09-08,SPY_OPEN,195,,,,,,,,,207,134,67,2745.00,2044.00,-701.00,-25.5373,122349,34,C1_exact,58-77-62,ALTRO,MULTIPLA,,,,,,,,,,,,,,,,,,,,,,,,,
2026-09-08 16:16:00,2026-09-08,SPY_OPEN,195,,,,,,,,,207,134,67,2745.00,2044.00,-701.00,-25.5373,122350,8,NC2_W3_gap,90-89-83,DECINA,MULTIPLA,,,,,,,,,,,,,,,,,,,,,,,,,
2026-09-08 16:16:00,2026-09-08,SPY_OPEN,195,,,,,,,,,207,134,67,2745.00,2044.00,-701.00,-25.5373,122351,23,C1_exact,88-57-14,ALTRO,MULTIPLA,,,,,,,,,,,,,,,,,,,,,,,,,
2026-09-08 16:16:00,2026-09-08,SPY_OPEN,195,,,,,,,,,207,134,67,2745.00,2044.00,-701.00,-25.5373,122352,10,C1_exact,5-90-89,MOD5,MULTIPLA,,,,,,,,,,,,,,,,,,,,,,,,,
2026-09-08 16:16:00,2026-09-08,SPY_OPEN,195,,,,,,,,,207,134,67,2745.00,2044.00,-701.00,-25.5373,122353,11,C1_exact,90-88-86,DECINA,MULTIPLA,,,,,,,,,,,,,,,,,,,,,,,,,
2026-09-08 16:16:00,2026-09-08,SPY_OPEN,195,,,,,,,,,207,134,67,2745.00,2044.00,-701.00,-25.5373,122354,8,C1_exact,87-90-89,DECINA,MULTIPLA,,,,,,,,,,,,,,,,,,,,,,,,,
2026-09-08 16:16:00,2026-09-08,SPY_OPEN,195,,,,,,,,,207,134,67,2745.00,2044.00,-701.00,-25.5373,122355,82,NC2_W5,90-84-29,DECINA,MULTIPLA,,,,,,,,,,,,,,,,,,,,,,,,,
2026-09-08 16:16:00,2026-09-08,SPY_OPEN,195,,,,,,,,,207,134,67,2745.00,2044.00,-701.00,-25.5373,122356,16,C1_exact,88-90-59,ALTRO,MULTIPLA,,,,,,,,,,,,,,,,,,,,,,,,,
2026-09-08 16:20:09,2026-09-08,SPY_CLOSE_H3,196,,3,,,,,,,207,134,67,2745.00,2044.00,-701.00,-25.5373,122312,86,C2_exact,89-90-88,DECINA,MULTIPLA,3,0,0,0,,3.00,0.00,-3.00,-100.0000,,,,,,,,,,,,,,,,
2026-09-08 16:20:09,2026-09-08,SPY_CLOSE_H3,196,,3,,,,,,,207,134,67,2745.00,2044.00,-701.00,-25.5373,122313,29,NC2_W3_gap,81-32-42,ALTRO,MULTIPLA,3,1,0,0,42,3.00,0.00,-3.00,-100.0000,,,,,,,,,,,,,,,,
2026-09-08 16:20:09,2026-09-08,SPY_CLOSE_H3,196,,3,,,,,,,207,134,67,2745.00,2044.00,-701.00,-25.5373,122314,70,NC2_W3_gap,6-23-75,ALTRO,MULTIPLA,3,1,1,0,23-75,3.00,0.00,-3.00,-100.0000,,,,,,,,,,,,,,,,
2026-09-08 16:20:09,2026-09-08,SPY_CLOSE_H3,196,,3,,,,,,,207,134,67,2745.00,2044.00,-701.00,-25.5373,122315,7,NC2_W5,8-15-25,ALTRO,MULTIPLA,3,1,0,0,8,3.00,0.00,-3.00,-100.0000,,,,,,,,,,,,,,,,
2026-09-08 16:20:09,2026-09-08,SPY_CLOSE_H3,196,,3,,,,,,,207,134,67,2745.00,2044.00,-701.00,-25.5373,122316,67,NC3_W5_gap,57-83-42,MOD5,MULTIPLA,3,1,1,0,42-57,3.00,0.00,-3.00,-100.0000,,,,,,,,,,,,,,,,
2026-09-08 16:20:09,2026-09-08,SPY_CLOSE_H3,196,,3,,,,,,,207,134,67,2745.00,2044.00,-701.00,-25.5373,122317,88,NC2_W5,89-90-87,DECINA,MULTIPLA,3,0,0,0,,3.00,0.00,-3.00,-100.0000,,,,,,,,,,,,,,,,
2026-09-08 16:20:09,2026-09-08,SPY_CLOSE_H3,196,,3,,,,,,,207,134,67,2745.00,2044.00,-701.00,-25.5373,122318,61,C1_exact,19-59-83,ALTRO,MULTIPLA,3,1,1,0,19-59,3.00,0.00,-3.00,-100.0000,,,,,,,,,,,,,,,,
2026-09-08 16:20:09,2026-09-08,SPY_CLOSE_H3,196,,3,,,,,,,207,134,67,2745.00,2044.00,-701.00,-25.5373,122319,28,NC2_W3_gap,63-52-27,ALTRO,MULTIPLA,3,1,0,0,27,3.00,0.00,-3.00,-100.0000,,,,,,,,,,,,,,,,
2026-09-08 16:20:09,2026-09-08,SPY_CLOSE_H3,196,,3,,,,,,,207,134,67,2745.00,2044.00,-701.00,-25.5373,122320,29,C1_exact,81-8-77,ALTRO,MULTIPLA,3,1,1,0,8-77,3.00,0.00,-3.00,-100.0000,,,,,,,,,,,,,,,,
2026-09-08 16:20:09,2026-09-08,SPY_CLOSE_H3,196,,3,,,,,,,207,134,67,2745.00,2044.00,-701.00,-25.5373,122321,69,NC2_W5,51-39-21,ALTRO,MULTIPLA,3,1,0,0,51,3.00,0.00,-3.00,-100.0000,,,,,,,,,,,,,,,,
2026-09-08 16:20:09,2026-09-08,SPY_CLOSE_H3,196,,3,,,,,,,207,134,67,2745.00,2044.00,-701.00,-25.5373,122322,7,C1_exact,69-89-4,MOD5,MULTIPLA,3,1,0,0,4,3.00,0.00,-3.00,-100.0000,,,,,,,,,,,,,,,,
2026-09-08 16:20:09,2026-09-08,SPY_CLOSE_H3,196,,3,,,,,,,207,134,67,2745.00,2044.00,-701.00,-25.5373,122323,79,C2_exact,90-55-29,ALTRO,MULTIPLA,3,1,0,0,29,3.00,0.00,-3.00,-100.0000,,,,,,,,,,,,,,,,
2026-09-08 16:20:09,2026-09-08,SPY_CLOSE_H3,196,,3,,,,,,,207,134,67,2745.00,2044.00,-701.00,-25.5373,122324,8,C1_exact,87-90-89,DECINA,MULTIPLA,3,0,0,0,,3.00,0.00,-3.00,-100.0000,,,,,,,,,,,,,,,,
2026-09-08 16:20:09,2026-09-08,SPY_CLOSE_H3,196,,3,,,,,,,207,134,67,2745.00,2044.00,-701.00,-25.5373,122325,24,C1_exact,88-69-87,ALTRO,MULTIPLA,3,1,0,0,69,3.00,0.00,-3.00,-100.0000,,,,,,,,,,,,,,,,
2026-09-08 16:20:09,2026-09-08,SPY_CLOSE_H2,196,,2,,,,,,,207,134,67,2745.00,2044.00,-701.00,-25.5373,122326,49,NC2_W3_gap,15-81-42,ALTRO,MULTIPLA,2,0,0,0,,2.00,0.00,-2.00,-100.0000,,,,,,,,,,,,,,,,
2026-09-08 16:20:09,2026-09-08,SPY_CLOSE_H2,196,,2,,,,,,,207,134,67,2745.00,2044.00,-701.00,-25.5373,122327,86,NC3_W5_gap,16-90-74,ALTRO,MULTIPLA,2,1,0,0,16,2.00,0.00,-2.00,-100.0000,,,,,,,,,,,,,,,,
2026-09-08 16:20:09,2026-09-08,SPY_CLOSE_H2,196,,2,,,,,,,207,134,67,2745.00,2044.00,-701.00,-25.5373,122328,48,NC3_W5_gap,19-55-34,ALTRO,MULTIPLA,2,1,1,0,19-34,2.00,0.00,-2.00,-100.0000,,,,,,,,,,,,,,,,
2026-09-08 16:20:09,2026-09-08,SPY_CLOSE_H2,196,,2,,,,,,,207,134,67,2745.00,2044.00,-701.00,-25.5373,122329,35,C1_exact,30-85-48,MOD5,MULTIPLA,2,1,1,1,30-48-85,2.00,45.00,43.00,2150.0000,,,,,,,,,,,,,,,,
2026-09-08 16:20:09,2026-09-08,SPY_CLOSE_H2,196,,2,,,,,,,207,134,67,2745.00,2044.00,-701.00,-25.5373,122330,57,C2_exact,55-87-15,ALTRO,MULTIPLA,2,1,0,0,55,2.00,0.00,-2.00,-100.0000,,,,,,,,,,,,,,,,
2026-09-08 16:20:09,2026-09-08,SPY_CLOSE_H2,196,,2,,,,,,,207,134,67,2745.00,2044.00,-701.00,-25.5373,122331,29,C2_exact,84-59-54,MOD5,MULTIPLA,2,1,0,0,59,2.00,0.00,-2.00,-100.0000,,,,,,,,,,,,,,,,
2026-09-08 16:20:09,2026-09-08,SPY_CLOSE_H2,196,,2,,,,,,,207,134,67,2745.00,2044.00,-701.00,-25.5373,122332,6,NC2_W3_gap,90-87-88,DECINA,MULTIPLA,2,0,0,0,,2.00,0.00,-2.00,-100.0000,,,,,,,,,,,,,,,,
2026-09-08 16:20:09,2026-09-08,SPY_CLOSE_H2,196,,2,,,,,,,207,134,67,2745.00,2044.00,-701.00,-25.5373,122333,49,NC3_W5_gap,89-46-81,ALTRO,MULTIPLA,2,0,0,0,,2.00,0.00,-2.00,-100.0000,,,,,,,,,,,,,,,,
2026-09-08 16:20:09,2026-09-08,SPY_CLOSE_H2,196,,2,,,,,,,207,134,67,2745.00,2044.00,-701.00,-25.5373,122334,48,NC2_W3_gap,86-84-88,DECINA,MULTIPLA,2,0,0,0,,2.00,0.00,-2.00,-100.0000,,,,,,,,,,,,,,,,
2026-09-08 16:20:09,2026-09-08,SPY_CLOSE_H2,196,,2,,,,,,,207,134,67,2745.00,2044.00,-701.00,-25.5373,122335,27,C1_exact,7-40-88,ALTRO,MULTIPLA,2,0,0,0,,2.00,0.00,-2.00,-100.0000,,,,,,,,,,,,,,,,
2026-09-08 16:20:09,2026-09-08,SPY_CLOSE_H2,196,,2,,,,,,,207,134,67,2745.00,2044.00,-701.00,-25.5373,122336,69,NC2_W5,51-39-21,ALTRO,MULTIPLA,2,1,0,0,51,2.00,0.00,-2.00,-100.0000,,,,,,,,,,,,,,,,
2026-09-08 16:20:09,2026-09-08,SPY_CLOSE_H2,196,,2,,,,,,,207,134,67,2745.00,2044.00,-701.00,-25.5373,122337,19,C1_exact,89-85-90,DECINA,MULTIPLA,2,1,0,0,85,2.00,0.00,-2.00,-100.0000,,,,,,,,,,,,,,,,
2026-09-08 16:20:09,2026-09-08,SPY_CLOSE_H2,196,,2,,,,,,,207,134,67,2745.00,2044.00,-701.00,-25.5373,122338,7,NC3_W5_gap,88-90-85,DECINA,MULTIPLA,2,1,0,0,85,2.00,0.00,-2.00,-100.0000,,,,,,,,,,,,,,,,
2026-09-08 16:20:09,2026-09-08,SPY_CLOSE_H2,196,,2,,,,,,,207,134,67,2745.00,2044.00,-701.00,-25.5373,122339,4,C1_exact,88-89-90,DECINA,MULTIPLA,2,0,0,0,,2.00,0.00,-2.00,-100.0000,,,,,,,,,,,,,,,,
2026-09-08 16:20:09,2026-09-08,SPY_CLOSE_H2,196,,2,,,,,,,207,134,67,2745.00,2044.00,-701.00,-25.5373,122340,13,C1_exact,89-90-50,ALTRO,MULTIPLA,2,0,0,0,,2.00,0.00,-2.00,-100.0000,,,,,,,,,,,,,,,,
2026-09-08 16:20:09,2026-09-08,SPY_CLOSE_H1,196,,1,,,,,,,207,134,67,2745.00,2044.00,-701.00,-25.5373,122341,24,C3plus,9-60-8,ALTRO,MULTIPLA,1,0,0,0,,1.00,0.00,-1.00,-100.0000,,,,,,,,,,,,,,,,
2026-09-08 16:20:09,2026-09-08,SPY_CLOSE_H1,196,,1,,,,,,,207,134,67,2745.00,2044.00,-701.00,-25.5373,122342,35,C2_exact,30-25-4,MOD5,MULTIPLA,1,1,0,0,30,1.00,0.00,-1.00,-100.0000,,,,,,,,,,,,,,,,
2026-09-08 16:20:09,2026-09-08,SPY_CLOSE_H1,196,,1,,,,,,,207,134,67,2745.00,2044.00,-701.00,-25.5373,122343,19,C2_exact,40-35-47,ALTRO,MULTIPLA,1,1,0,0,35,1.00,0.00,-1.00,-100.0000,,,,,,,,,,,,,,,,
2026-09-08 16:20:09,2026-09-08,SPY_CLOSE_H1,196,,1,,,,,,,207,134,67,2745.00,2044.00,-701.00,-25.5373,122344,48,NC3_W5_gap,19-55-34,ALTRO,MULTIPLA,1,1,1,0,34-55,1.00,0.00,-1.00,-100.0000,,,,,,,,,,,,,,,,
2026-09-08 16:20:09,2026-09-08,SPY_CLOSE_H1,196,,1,,,,,,,207,134,67,2745.00,2044.00,-701.00,-25.5373,122345,13,C2_exact,43-61-70,ALTRO,MULTIPLA,1,1,0,0,43,1.00,0.00,-1.00,-100.0000,,,,,,,,,,,,,,,,
2026-09-08 16:20:09,2026-09-08,SPY_CLOSE_H1,196,,1,,,,,,,207,134,67,2745.00,2044.00,-701.00,-25.5373,122346,65,NC2_W3_gap,79-66-80,ALTRO,MULTIPLA,1,1,0,0,80,1.00,0.00,-1.00,-100.0000,,,,,,,,,,,,,,,,
2026-09-08 16:20:09,2026-09-08,SPY_CLOSE_H1,196,,1,,,,,,,207,134,67,2745.00,2044.00,-701.00,-25.5373,122347,77,NC3_W5_gap,29-50-5,ALTRO,MULTIPLA,1,0,0,0,,1.00,0.00,-1.00,-100.0000,,,,,,,,,,,,,,,,
2026-09-08 16:20:09,2026-09-08,SPY_CLOSE_H1,196,,1,,,,,,,207,134,67,2745.00,2044.00,-701.00,-25.5373,122348,49,NC3_W5_gap,89-46-81,ALTRO,MULTIPLA,1,0,0,0,,1.00,0.00,-1.00,-100.0000,,,,,,,,,,,,,,,,
2026-09-08 16:20:09,2026-09-08,SPY_CLOSE_H1,196,,1,,,,,,,207,134,67,2745.00,2044.00,-701.00,-25.5373,122349,34,C1_exact,58-77-62,ALTRO,MULTIPLA,1,0,0,0,,1.00,0.00,-1.00,-100.0000,,,,,,,,,,,,,,,,
2026-09-08 16:20:09,2026-09-08,SPY_CLOSE_H1,196,,1,,,,,,,207,134,67,2745.00,2044.00,-701.00,-25.5373,122350,8,NC2_W3_gap,90-89-83,DECINA,MULTIPLA,1,0,0,0,,1.00,0.00,-1.00,-100.0000,,,,,,,,,,,,,,,,
2026-09-08 16:20:09,2026-09-08,SPY_CLOSE_H1,196,,1,,,,,,,207,134,67,2745.00,2044.00,-701.00,-25.5373,122351,23,C1_exact,88-57-14,ALTRO,MULTIPLA,1,0,0,0,,1.00,0.00,-1.00,-100.0000,,,,,,,,,,,,,,,,
2026-09-08 16:20:09,2026-09-08,SPY_CLOSE_H1,196,,1,,,,,,,207,134,67,2745.00,2044.00,-701.00,-25.5373,122352,10,C1_exact,5-90-89,MOD5,MULTIPLA,1,0,0,0,,1.00,0.00,-1.00,-100.0000,,,,,,,,,,,,,,,,
2026-09-08 16:20:09,2026-09-08,SPY_CLOSE_H1,196,,1,,,,,,,207,134,67,2745.00,2044.00,-701.00,-25.5373,122353,11,C1_exact,90-88-86,DECINA,MULTIPLA,1,0,0,0,,1.00,0.00,-1.00,-100.0000,,,,,,,,,,,,,,,,
2026-09-08 16:20:09,2026-09-08,SPY_CLOSE_H1,196,,1,,,,,,,207,134,67,2745.00,2044.00,-701.00,-25.5373,122354,8,C1_exact,87-90-89,DECINA,MULTIPLA,1,0,0,0,,1.00,0.00,-1.00,-100.0000,,,,,,,,,,,,,,,,
2026-09-08 16:20:09,2026-09-08,SPY_CLOSE_H1,196,,1,,,,,,,207,134,67,2745.00,2044.00,-701.00,-25.5373,122355,82,NC2_W5,90-84-29,DECINA,MULTIPLA,1,0,0,0,,1.00,0.00,-1.00,-100.0000,,,,,,,,,,,,,,,,
2026-09-08 16:20:09,2026-09-08,SPY_CLOSE_H1,196,,1,,,,,,,207,134,67,2745.00,2044.00,-701.00,-25.5373,122356,16,C1_exact,88-90-59,ALTRO,MULTIPLA,1,0,0,0,,1.00,0.00,-1.00,-100.0000,,,,,,,,,,,,,,,,
2026-09-08 16:20:09,2026-09-08,SUM9091_LAB_CLOSE,196,2074,10,81,,81-9-10,RAW_SUM_801_REPEAT_FROM_E1_GAP_185_BEST_1_3_H1,,,207,134,67,2745.00,2044.00,-701.00,-25.5373,,,,,,,,,,,,,,,,,,,,,,,,,,,,,,,
2026-09-08 16:20:09,2026-09-08,SPY_OPEN,196,,,,,,,,,207,134,67,2745.00,2044.00,-701.00,-25.5373,122357,35,C3plus,30-15-29,MOD5,MULTIPLA,,,,,,,,,,,,,,,,,,,,,,,,,
2026-09-08 16:20:09,2026-09-08,SPY_OPEN,196,,,,,,,,,207,134,67,2745.00,2044.00,-701.00,-25.5373,122358,48,NC3_W5_gap,19-55-34,ALTRO,MULTIPLA,,,,,,,,,,,,,,,,,,,,,,,,,
2026-09-08 16:20:09,2026-09-08,SPY_OPEN,196,,,,,,,,,207,134,67,2745.00,2044.00,-701.00,-25.5373,122359,34,C2_exact,13-30-18,ALTRO,MULTIPLA,,,,,,,,,,,,,,,,,,,,,,,,,
2026-09-08 16:20:09,2026-09-08,SPY_OPEN,196,,,,,,,,,207,134,67,2745.00,2044.00,-701.00,-25.5373,122360,85,C1_exact,55-49-48,ALTRO,MULTIPLA,,,,,,,,,,,,,,,,,,,,,,,,,
2026-09-08 16:20:09,2026-09-08,SPY_OPEN,196,,,,,,,,,207,134,67,2745.00,2044.00,-701.00,-25.5373,122361,31,NC3_W5_gap,19-69-81,ALTRO,MULTIPLA,,,,,,,,,,,,,,,,,,,,,,,,,
2026-09-08 16:20:09,2026-09-08,SPY_OPEN,196,,,,,,,,,207,134,67,2745.00,2044.00,-701.00,-25.5373,122362,67,NC3_W5_gap,57-83-42,MOD5,MULTIPLA,,,,,,,,,,,,,,,,,,,,,,,,,
2026-09-08 16:20:09,2026-09-08,SPY_OPEN,196,,,,,,,,,207,134,67,2745.00,2044.00,-701.00,-25.5373,122363,80,C1_exact,3-55-44,ALTRO,MULTIPLA,,,,,,,,,,,,,,,,,,,,,,,,,
2026-09-08 16:20:09,2026-09-08,SPY_OPEN,196,,,,,,,,,207,134,67,2745.00,2044.00,-701.00,-25.5373,122364,49,NC3_W5_gap,89-46-81,ALTRO,MULTIPLA,,,,,,,,,,,,,,,,,,,,,,,,,
2026-09-08 16:20:09,2026-09-08,SPY_OPEN,196,,,,,,,,,207,134,67,2745.00,2044.00,-701.00,-25.5373,122365,48,NC2_W3_gap,86-84-88,DECINA,MULTIPLA,,,,,,,,,,,,,,,,,,,,,,,,,
2026-09-08 16:20:09,2026-09-08,SPY_OPEN,196,,,,,,,,,207,134,67,2745.00,2044.00,-701.00,-25.5373,122366,69,NC2_W5,51-39-21,ALTRO,MULTIPLA,,,,,,,,,,,,,,,,,,,,,,,,,
2026-09-08 16:20:09,2026-09-08,SPY_OPEN,196,,,,,,,,,207,134,67,2745.00,2044.00,-701.00,-25.5373,122367,18,C1_exact,90-86-87,DECINA,MULTIPLA,,,,,,,,,,,,,,,,,,,,,,,,,
2026-09-08 16:20:09,2026-09-08,SPY_OPEN,196,,,,,,,,,207,134,67,2745.00,2044.00,-701.00,-25.5373,122368,12,C1_exact,89-86-90,DECINA,MULTIPLA,,,,,,,,,,,,,,,,,,,,,,,,,
2026-09-08 16:20:09,2026-09-08,SUM9091_LAB_OPEN,196,2079,0,24,,24-66-67,REPEAT_RAW_SUM_924_FROM_E102_GAP_94_OCC_3,,,207,134,67,2745.00,2044.00,-701.00,-25.5373,,,,,,,,,,,,,,,,,,,,,,,,,,,,,,,
2026-09-08 16:25:18,2026-09-08,SPY_CLOSE_H3,197,,3,,,,,,,207,134,67,2745.00,2044.00,-701.00,-25.5373,122326,49,NC2_W3_gap,15-81-42,ALTRO,MULTIPLA,3,0,0,0,,3.00,0.00,-3.00,-100.0000,,,,,,,,,,,,,,,,
2026-09-08 16:25:18,2026-09-08,SPY_CLOSE_H3,197,,3,,,,,,,207,134,67,2745.00,2044.00,-701.00,-25.5373,122327,86,NC3_W5_gap,16-90-74,ALTRO,MULTIPLA,3,1,0,0,16,3.00,0.00,-3.00,-100.0000,,,,,,,,,,,,,,,,
2026-09-08 16:25:18,2026-09-08,SPY_CLOSE_H3,197,,3,,,,,,,207,134,67,2745.00,2044.00,-701.00,-25.5373,122328,48,NC3_W5_gap,19-55-34,ALTRO,MULTIPLA,3,1,1,0,19-34,3.00,0.00,-3.00,-100.0000,,,,,,,,,,,,,,,,
2026-09-08 16:25:18,2026-09-08,SPY_CLOSE_H3,197,,3,,,,,,,207,134,67,2745.00,2044.00,-701.00,-25.5373,122329,35,C1_exact,30-85-48,MOD5,MULTIPLA,3,1,1,1,30-48-85,2.00,45.00,43.00,2150.0000,,,,,,,,,,,,,,,,
2026-09-08 16:25:18,2026-09-08,SPY_CLOSE_H3,197,,3,,,,,,,207,134,67,2745.00,2044.00,-701.00,-25.5373,122330,57,C2_exact,55-87-15,ALTRO,MULTIPLA,3,1,0,0,55,3.00,0.00,-3.00,-100.0000,,,,,,,,,,,,,,,,
2026-09-08 16:25:18,2026-09-08,SPY_CLOSE_H3,197,,3,,,,,,,207,134,67,2745.00,2044.00,-701.00,-25.5373,122331,29,C2_exact,84-59-54,MOD5,MULTIPLA,3,1,0,0,59,3.00,0.00,-3.00,-100.0000,,,,,,,,,,,,,,,,
2026-09-08 16:25:18,2026-09-08,SPY_CLOSE_H3,197,,3,,,,,,,207,134,67,2745.00,2044.00,-701.00,-25.5373,122332,6,NC2_W3_gap,90-87-88,DECINA,MULTIPLA,3,0,0,0,,3.00,0.00,-3.00,-100.0000,,,,,,,,,,,,,,,,
2026-09-08 16:25:18,2026-09-08,SPY_CLOSE_H3,197,,3,,,,,,,207,134,67,2745.00,2044.00,-701.00,-25.5373,122333,49,NC3_W5_gap,89-46-81,ALTRO,MULTIPLA,3,1,0,0,89,3.00,0.00,-3.00,-100.0000,,,,,,,,,,,,,,,,
2026-09-08 16:25:18,2026-09-08,SPY_CLOSE_H3,197,,3,,,,,,,207,134,67,2745.00,2044.00,-701.00,-25.5373,122334,48,NC2_W3_gap,86-84-88,DECINA,MULTIPLA,3,1,0,0,84,3.00,0.00,-3.00,-100.0000,,,,,,,,,,,,,,,,
2026-09-08 16:25:18,2026-09-08,SPY_CLOSE_H3,197,,3,,,,,,,207,134,67,2745.00,2044.00,-701.00,-25.5373,122335,27,C1_exact,7-40-88,ALTRO,MULTIPLA,3,1,0,0,7,3.00,0.00,-3.00,-100.0000,,,,,,,,,,,,,,,,
2026-09-08 16:25:18,2026-09-08,SPY_CLOSE_H3,197,,3,,,,,,,207,134,67,2745.00,2044.00,-701.00,-25.5373,122336,69,NC2_W5,51-39-21,ALTRO,MULTIPLA,3,1,0,0,51,3.00,0.00,-3.00,-100.0000,,,,,,,,,,,,,,,,
2026-09-08 16:25:18,2026-09-08,SPY_CLOSE_H3,197,,3,,,,,,,207,134,67,2745.00,2044.00,-701.00,-25.5373,122337,19,C1_exact,89-85-90,DECINA,MULTIPLA,3,1,1,0,85-89,3.00,0.00,-3.00,-100.0000,,,,,,,,,,,,,,,,
2026-09-08 16:25:18,2026-09-08,SPY_CLOSE_H3,197,,3,,,,,,,207,134,67,2745.00,2044.00,-701.00,-25.5373,122338,7,NC3_W5_gap,88-90-85,DECINA,MULTIPLA,3,1,0,0,85,3.00,0.00,-3.00,-100.0000,,,,,,,,,,,,,,,,
2026-09-08 16:25:18,2026-09-08,SPY_CLOSE_H3,197,,3,,,,,,,207,134,67,2745.00,2044.00,-701.00,-25.5373,122339,4,C1_exact,88-89-90,DECINA,MULTIPLA,3,1,0,0,89,3.00,0.00,-3.00,-100.0000,,,,,,,,,,,,,,,,
2026-09-08 16:25:18,2026-09-08,SPY_CLOSE_H3,197,,3,,,,,,,207,134,67,2745.00,2044.00,-701.00,-25.5373,122340,13,C1_exact,89-90-50,ALTRO,MULTIPLA,3,1,1,0,50-89,3.00,0.00,-3.00,-100.0000,,,,,,,,,,,,,,,,
2026-09-08 16:25:18,2026-09-08,SPY_CLOSE_H2,197,,2,,,,,,,207,134,67,2745.00,2044.00,-701.00,-25.5373,122341,24,C3plus,9-60-8,ALTRO,MULTIPLA,2,1,0,0,60,2.00,0.00,-2.00,-100.0000,,,,,,,,,,,,,,,,
2026-09-08 16:25:18,2026-09-08,SPY_CLOSE_H2,197,,2,,,,,,,207,134,67,2745.00,2044.00,-701.00,-25.5373,122342,35,C2_exact,30-25-4,MOD5,MULTIPLA,2,1,0,0,30,2.00,0.00,-2.00,-100.0000,,,,,,,,,,,,,,,,
2026-09-08 16:25:18,2026-09-08,SPY_CLOSE_H2,197,,2,,,,,,,207,134,67,2745.00,2044.00,-701.00,-25.5373,122343,19,C2_exact,40-35-47,ALTRO,MULTIPLA,2,1,0,0,35,2.00,0.00,-2.00,-100.0000,,,,,,,,,,,,,,,,
2026-09-08 16:25:18,2026-09-08,SPY_CLOSE_H2,197,,2,,,,,,,207,134,67,2745.00,2044.00,-701.00,-25.5373,122344,48,NC3_W5_gap,19-55-34,ALTRO,MULTIPLA,2,1,1,0,34-55,2.00,0.00,-2.00,-100.0000,,,,,,,,,,,,,,,,
2026-09-08 16:25:18,2026-09-08,SPY_CLOSE_H2,197,,2,,,,,,,207,134,67,2745.00,2044.00,-701.00,-25.5373,122345,13,C2_exact,43-61-70,ALTRO,MULTIPLA,2,1,0,0,43,2.00,0.00,-2.00,-100.0000,,,,,,,,,,,,,,,,
2026-09-08 16:25:18,2026-09-08,SPY_CLOSE_H2,197,,2,,,,,,,207,134,67,2745.00,2044.00,-701.00,-25.5373,122346,65,NC2_W3_gap,79-66-80,ALTRO,MULTIPLA,2,1,0,0,80,2.00,0.00,-2.00,-100.0000,,,,,,,,,,,,,,,,
2026-09-08 16:25:18,2026-09-08,SPY_CLOSE_H2,197,,2,,,,,,,207,134,67,2745.00,2044.00,-701.00,-25.5373,122347,77,NC3_W5_gap,29-50-5,ALTRO,MULTIPLA,2,1,0,0,50,2.00,0.00,-2.00,-100.0000,,,,,,,,,,,,,,,,
2026-09-08 16:25:18,2026-09-08,SPY_CLOSE_H2,197,,2,,,,,,,207,134,67,2745.00,2044.00,-701.00,-25.5373,122348,49,NC3_W5_gap,89-46-81,ALTRO,MULTIPLA,2,1,0,0,89,2.00,0.00,-2.00,-100.0000,,,,,,,,,,,,,,,,
2026-09-08 16:25:18,2026-09-08,SPY_CLOSE_H2,197,,2,,,,,,,207,134,67,2745.00,2044.00,-701.00,-25.5373,122349,34,C1_exact,58-77-62,ALTRO,MULTIPLA,2,1,1,0,58-62,2.00,0.00,-2.00,-100.0000,,,,,,,,,,,,,,,,
2026-09-08 16:25:18,2026-09-08,SPY_CLOSE_H2,197,,2,,,,,,,207,134,67,2745.00,2044.00,-701.00,-25.5373,122350,8,NC2_W3_gap,90-89-83,DECINA,MULTIPLA,2,1,0,0,89,2.00,0.00,-2.00,-100.0000,,,,,,,,,,,,,,,,
2026-09-08 16:25:18,2026-09-08,SPY_CLOSE_H2,197,,2,,,,,,,207,134,67,2745.00,2044.00,-701.00,-25.5373,122351,23,C1_exact,88-57-14,ALTRO,MULTIPLA,2,0,0,0,,2.00,0.00,-2.00,-100.0000,,,,,,,,,,,,,,,,
2026-09-08 16:25:18,2026-09-08,SPY_CLOSE_H2,197,,2,,,,,,,207,134,67,2745.00,2044.00,-701.00,-25.5373,122352,10,C1_exact,5-90-89,MOD5,MULTIPLA,2,1,0,0,89,2.00,0.00,-2.00,-100.0000,,,,,,,,,,,,,,,,
2026-09-08 16:25:18,2026-09-08,SPY_CLOSE_H2,197,,2,,,,,,,207,134,67,2745.00,2044.00,-701.00,-25.5373,122353,11,C1_exact,90-88-86,DECINA,MULTIPLA,2,0,0,0,,2.00,0.00,-2.00,-100.0000,,,,,,,,,,,,,,,,
2026-09-08 16:25:18,2026-09-08,SPY_CLOSE_H2,197,,2,,,,,,,207,134,67,2745.00,2044.00,-701.00,-25.5373,122354,8,C1_exact,87-90-89,DECINA,MULTIPLA,2,1,0,0,89,2.00,0.00,-2.00,-100.0000,,,,,,,,,,,,,,,,
2026-09-08 16:25:18,2026-09-08,SPY_CLOSE_H2,197,,2,,,,,,,207,134,67,2745.00,2044.00,-701.00,-25.5373,122355,82,NC2_W5,90-84-29,DECINA,MULTIPLA,2,1,0,0,84,2.00,0.00,-2.00,-100.0000,,,,,,,,,,,,,,,,
2026-09-08 16:25:18,2026-09-08,SPY_CLOSE_H2,197,,2,,,,,,,207,134,67,2745.00,2044.00,-701.00,-25.5373,122356,16,C1_exact,88-90-59,ALTRO,MULTIPLA,2,0,0,0,,2.00,0.00,-2.00,-100.0000,,,,,,,,,,,,,,,,
2026-09-08 16:25:18,2026-09-08,SPY_CLOSE_H1,197,,1,,,,,,,207,134,67,2745.00,2044.00,-701.00,-25.5373,122357,35,C3plus,30-15-29,MOD5,MULTIPLA,1,0,0,0,,1.00,0.00,-1.00,-100.0000,,,,,,,,,,,,,,,,
2026-09-08 16:25:18,2026-09-08,SPY_CLOSE_H1,197,,1,,,,,,,207,134,67,2745.00,2044.00,-701.00,-25.5373,122358,48,NC3_W5_gap,19-55-34,ALTRO,MULTIPLA,1,1,1,0,19-55,1.00,0.00,-1.00,-100.0000,,,,,,,,,,,,,,,,
2026-09-08 16:25:18,2026-09-08,SPY_CLOSE_H1,197,,1,,,,,,,207,134,67,2745.00,2044.00,-701.00,-25.5373,122359,34,C2_exact,13-30-18,ALTRO,MULTIPLA,1,0,0,0,,1.00,0.00,-1.00,-100.0000,,,,,,,,,,,,,,,,
2026-09-08 16:25:18,2026-09-08,SPY_CLOSE_H1,197,,1,,,,,,,207,134,67,2745.00,2044.00,-701.00,-25.5373,122360,85,C1_exact,55-49-48,ALTRO,MULTIPLA,1,1,1,0,48-55,1.00,0.00,-1.00,-100.0000,,,,,,,,,,,,,,,,
2026-09-08 16:25:18,2026-09-08,SPY_CLOSE_H1,197,,1,,,,,,,207,134,67,2745.00,2044.00,-701.00,-25.5373,122361,31,NC3_W5_gap,19-69-81,ALTRO,MULTIPLA,1,1,0,0,19,1.00,0.00,-1.00,-100.0000,,,,,,,,,,,,,,,,
2026-09-08 16:25:18,2026-09-08,SPY_CLOSE_H1,197,,1,,,,,,,207,134,67,2745.00,2044.00,-701.00,-25.5373,122362,67,NC3_W5_gap,57-83-42,MOD5,MULTIPLA,1,0,0,0,,1.00,0.00,-1.00,-100.0000,,,,,,,,,,,,,,,,
2026-09-08 16:25:18,2026-09-08,SPY_CLOSE_H1,197,,1,,,,,,,207,134,67,2745.00,2044.00,-701.00,-25.5373,122363,80,C1_exact,3-55-44,ALTRO,MULTIPLA,1,1,0,0,55,1.00,0.00,-1.00,-100.0000,,,,,,,,,,,,,,,,
2026-09-08 16:25:18,2026-09-08,SPY_CLOSE_H1,197,,1,,,,,,,207,134,67,2745.00,2044.00,-701.00,-25.5373,122364,49,NC3_W5_gap,89-46-81,ALTRO,MULTIPLA,1,1,0,0,89,1.00,0.00,-1.00,-100.0000,,,,,,,,,,,,,,,,
2026-09-08 16:25:18,2026-09-08,SPY_CLOSE_H1,197,,1,,,,,,,207,134,67,2745.00,2044.00,-701.00,-25.5373,122365,48,NC2_W3_gap,86-84-88,DECINA,MULTIPLA,1,1,0,0,84,1.00,0.00,-1.00,-100.0000,,,,,,,,,,,,,,,,
2026-09-08 16:25:18,2026-09-08,SPY_CLOSE_H1,197,,1,,,,,,,207,134,67,2745.00,2044.00,-701.00,-25.5373,122366,69,NC2_W5,51-39-21,ALTRO,MULTIPLA,1,0,0,0,,1.00,0.00,-1.00,-100.0000,,,,,,,,,,,,,,,,
2026-09-08 16:25:18,2026-09-08,SPY_CLOSE_H1,197,,1,,,,,,,207,134,67,2745.00,2044.00,-701.00,-25.5373,122367,18,C1_exact,90-86-87,DECINA,MULTIPLA,1,0,0,0,,1.00,0.00,-1.00,-100.0000,,,,,,,,,,,,,,,,
2026-09-08 16:25:18,2026-09-08,SPY_CLOSE_H1,197,,1,,,,,,,207,134,67,2745.00,2044.00,-701.00,-25.5373,122368,12,C1_exact,89-86-90,DECINA,MULTIPLA,1,1,0,0,89,1.00,0.00,-1.00,-100.0000,,,,,,,,,,,,,,,,
2026-09-08 16:25:18,2026-09-08,SPY_OPEN,197,,,,,,,,,207,134,67,2745.00,2044.00,-701.00,-25.5373,122369,55,C2_exact,50-45-42,MOD5,MULTIPLA,,,,,,,,,,,,,,,,,,,,,,,,,
2026-09-08 16:25:18,2026-09-08,SPY_OPEN,197,,,,,,,,,207,134,67,2745.00,2044.00,-701.00,-25.5373,122370,89,C1_exact,55-70-33,ALTRO,MULTIPLA,,,,,,,,,,,,,,,,,,,,,,,,,
2026-09-08 16:25:18,2026-09-08,SPY_OPEN,197,,,,,,,,,207,134,67,2745.00,2044.00,-701.00,-25.5373,122371,36,C2_exact,31-33-25,DECINA,MULTIPLA,,,,,,,,,,,,,,,,,,,,,,,,,
2026-09-08 16:25:18,2026-09-08,SPY_OPEN,197,,,,,,,,,207,134,67,2745.00,2044.00,-701.00,-25.5373,122372,63,C2_exact,5-61-67,DECINA,MULTIPLA,,,,,,,,,,,,,,,,,,,,,,,,,
2026-09-08 16:25:18,2026-09-08,SPY_OPEN,197,,,,,,,,,207,134,67,2745.00,2044.00,-701.00,-25.5373,122373,48,NC3_W5_gap,19-55-34,ALTRO,MULTIPLA,,,,,,,,,,,,,,,,,,,,,,,,,
2026-09-08 16:25:18,2026-09-08,SPY_OPEN,197,,,,,,,,,207,134,67,2745.00,2044.00,-701.00,-25.5373,122374,50,C1_exact,45-39-81,ALTRO,MULTIPLA,,,,,,,,,,,,,,,,,,,,,,,,,
2026-09-08 16:25:18,2026-09-08,SPY_OPEN,197,,,,,,,,,207,134,67,2745.00,2044.00,-701.00,-25.5373,122375,56,C2_exact,52-61-47,ALTRO,MULTIPLA,,,,,,,,,,,,,,,,,,,,,,,,,
2026-09-08 16:25:18,2026-09-08,SPY_OPEN,197,,,,,,,,,207,134,67,2745.00,2044.00,-701.00,-25.5373,122376,85,C2_exact,88-82-87,DECINA,MULTIPLA,,,,,,,,,,,,,,,,,,,,,,,,,
2026-09-08 16:25:18,2026-09-08,SPY_OPEN,197,,,,,,,,,207,134,67,2745.00,2044.00,-701.00,-25.5373,122377,53,C2_exact,82-3-83,MOD5,MULTIPLA,,,,,,,,,,,,,,,,,,,,,,,,,
2026-09-08 16:25:18,2026-09-08,SPY_OPEN,197,,,,,,,,,207,134,67,2745.00,2044.00,-701.00,-25.5373,122378,19,NC2_W3_gap,89-90-86,DECINA,MULTIPLA,,,,,,,,,,,,,,,,,,,,,,,,,
2026-09-08 16:25:18,2026-09-08,SPY_OPEN,197,,,,,,,,,207,134,67,2745.00,2044.00,-701.00,-25.5373,122379,31,NC3_W5_gap,19-69-81,ALTRO,MULTIPLA,,,,,,,,,,,,,,,,,,,,,,,,,
2026-09-08 16:25:18,2026-09-08,SPY_OPEN,197,,,,,,,,,207,134,67,2745.00,2044.00,-701.00,-25.5373,122380,67,NC3_W5_gap,57-83-42,MOD5,MULTIPLA,,,,,,,,,,,,,,,,,,,,,,,,,
2026-09-08 16:25:18,2026-09-08,SPY_OPEN,197,,,,,,,,,207,134,67,2745.00,2044.00,-701.00,-25.5373,122381,24,NC2_W3_gap,87-3-13,ALTRO,MULTIPLA,,,,,,,,,,,,,,,,,,,,,,,,,
2026-09-08 16:25:18,2026-09-08,SPY_OPEN,197,,,,,,,,,207,134,67,2745.00,2044.00,-701.00,-25.5373,122382,61,C1_exact,19-59-83,ALTRO,MULTIPLA,,,,,,,,,,,,,,,,,,,,,,,,,
2026-09-08 16:25:18,2026-09-08,SPY_OPEN,197,,,,,,,,,207,134,67,2745.00,2044.00,-701.00,-25.5373,122383,69,NC2_W5,51-39-21,ALTRO,MULTIPLA,,,,,,,,,,,,,,,,,,,,,,,,,
2026-09-08 16:25:18,2026-09-08,SPY_OPEN,197,,,,,,,,,207,134,67,2745.00,2044.00,-701.00,-25.5373,122384,7,C1_exact,69-89-4,MOD5,MULTIPLA,,,,,,,,,,,,,,,,,,,,,,,,,
2026-09-08 16:25:18,2026-09-08,SPY_OPEN,197,,,,,,,,,207,134,67,2745.00,2044.00,-701.00,-25.5373,122385,19,NC3_W5_gap,89-85-82,DECINA,MULTIPLA,,,,,,,,,,,,,,,,,,,,,,,,,
2026-09-08 16:25:18,2026-09-08,SPY_OPEN,197,,,,,,,,,207,134,67,2745.00,2044.00,-701.00,-25.5373,122386,19,C1_exact,89-85-90,DECINA,MULTIPLA,,,,,,,,,,,,,,,,,,,,,,,,,
2026-09-08 16:25:18,2026-09-08,SPY_OPEN,197,,,,,,,,,207,134,67,2745.00,2044.00,-701.00,-25.5373,122387,7,NC3_W5_gap,88-90-85,DECINA,MULTIPLA,,,,,,,,,,,,,,,,,,,,,,,,,
2026-09-08 16:25:18,2026-09-08,SPY_OPEN,197,,,,,,,,,207,134,67,2745.00,2044.00,-701.00,-25.5373,122388,4,C1_exact,88-89-90,DECINA,MULTIPLA,,,,,,,,,,,,,,,,,,,,,,,,,
2026-09-08 16:25:18,2026-09-08,SPY_OPEN,197,,,,,,,,,207,134,67,2745.00,2044.00,-701.00,-25.5373,122389,84,NC2_W5,90-87-88,DECINA,MULTIPLA,,,,,,,,,,,,,,,,,,,,,,,,,
2026-09-08 16:25:18,2026-09-08,SPY_OPEN,197,,,,,,,,,207,134,67,2745.00,2044.00,-701.00,-25.5373,122390,24,C1_exact,88-69-87,ALTRO,MULTIPLA,,,,,,,,,,,,,,,,,,,,,,,,,
2026-09-08 16:25:18,2026-09-08,SPY_OPEN,197,,,,,,,,,207,134,67,2745.00,2044.00,-701.00,-25.5373,122391,56,NC3_W5_gap,55-21-4,PONTE_55,FORTE,,,,,,,,,,,,,,,,,,,,,,,,,
2026-09-08 16:30:29,2026-09-08,SPY_CLOSE_H3,198,,3,,,,,,,207,134,67,2745.00,2044.00,-701.00,-25.5373,122341,24,C3plus,9-60-8,ALTRO,MULTIPLA,3,1,0,0,60,3.00,0.00,-3.00,-100.0000,,,,,,,,,,,,,,,,
2026-09-08 16:30:29,2026-09-08,SPY_CLOSE_H3,198,,3,,,,,,,207,134,67,2745.00,2044.00,-701.00,-25.5373,122342,35,C2_exact,30-25-4,MOD5,MULTIPLA,3,1,0,0,30,3.00,0.00,-3.00,-100.0000,,,,,,,,,,,,,,,,
2026-09-08 16:30:29,2026-09-08,SPY_CLOSE_H3,198,,3,,,,,,,207,134,67,2745.00,2044.00,-701.00,-25.5373,122343,19,C2_exact,40-35-47,ALTRO,MULTIPLA,3,1,0,0,35,3.00,0.00,-3.00,-100.0000,,,,,,,,,,,,,,,,
2026-09-08 16:30:29,2026-09-08,SPY_CLOSE_H3,198,,3,,,,,,,207,134,67,2745.00,2044.00,-701.00,-25.5373,122344,48,NC3_W5_gap,19-55-34,ALTRO,MULTIPLA,3,1,1,0,34-55,3.00,0.00,-3.00,-100.0000,,,,,,,,,,,,,,,,
2026-09-08 16:30:29,2026-09-08,SPY_CLOSE_H3,198,,3,,,,,,,207,134,67,2745.00,2044.00,-701.00,-25.5373,122345,13,C2_exact,43-61-70,ALTRO,MULTIPLA,3,1,1,0,43-70,3.00,0.00,-3.00,-100.0000,,,,,,,,,,,,,,,,
2026-09-08 16:30:29,2026-09-08,SPY_CLOSE_H3,198,,3,,,,,,,207,134,67,2745.00,2044.00,-701.00,-25.5373,122346,65,NC2_W3_gap,79-66-80,ALTRO,MULTIPLA,3,1,1,0,66-79,3.00,0.00,-3.00,-100.0000,,,,,,,,,,,,,,,,
2026-09-08 16:30:29,2026-09-08,SPY_CLOSE_H3,198,,3,,,,,,,207,134,67,2745.00,2044.00,-701.00,-25.5373,122347,77,NC3_W5_gap,29-50-5,ALTRO,MULTIPLA,3,1,0,0,50,3.00,0.00,-3.00,-100.0000,,,,,,,,,,,,,,,,
2026-09-08 16:30:29,2026-09-08,SPY_CLOSE_H3,198,,3,,,,,,,207,134,67,2745.00,2044.00,-701.00,-25.5373,122348,49,NC3_W5_gap,89-46-81,ALTRO,MULTIPLA,3,1,0,0,89,3.00,0.00,-3.00,-100.0000,,,,,,,,,,,,,,,,
2026-09-08 16:30:29,2026-09-08,SPY_CLOSE_H3,198,,3,,,,,,,207,134,67,2745.00,2044.00,-701.00,-25.5373,122349,34,C1_exact,58-77-62,ALTRO,MULTIPLA,3,1,1,0,58-62,3.00,0.00,-3.00,-100.0000,,,,,,,,,,,,,,,,
2026-09-08 16:30:29,2026-09-08,SPY_CLOSE_H3,198,,3,,,,,,,207,134,67,2745.00,2044.00,-701.00,-25.5373,122350,8,NC2_W3_gap,90-89-83,DECINA,MULTIPLA,3,1,0,0,89,3.00,0.00,-3.00,-100.0000,,,,,,,,,,,,,,,,
2026-09-08 16:30:29,2026-09-08,SPY_CLOSE_H3,198,,3,,,,,,,207,134,67,2745.00,2044.00,-701.00,-25.5373,122351,23,C1_exact,88-57-14,ALTRO,MULTIPLA,3,0,0,0,,3.00,0.00,-3.00,-100.0000,,,,,,,,,,,,,,,,
2026-09-08 16:30:29,2026-09-08,SPY_CLOSE_H3,198,,3,,,,,,,207,134,67,2745.00,2044.00,-701.00,-25.5373,122352,10,C1_exact,5-90-89,MOD5,MULTIPLA,3,1,0,0,89,3.00,0.00,-3.00,-100.0000,,,,,,,,,,,,,,,,
2026-09-08 16:30:29,2026-09-08,SPY_CLOSE_H3,198,,3,,,,,,,207,134,67,2745.00,2044.00,-701.00,-25.5373,122353,11,C1_exact,90-88-86,DECINA,MULTIPLA,3,1,0,0,86,3.00,0.00,-3.00,-100.0000,,,,,,,,,,,,,,,,
2026-09-08 16:30:29,2026-09-08,SPY_CLOSE_H3,198,,3,,,,,,,207,134,67,2745.00,2044.00,-701.00,-25.5373,122354,8,C1_exact,87-90-89,DECINA,MULTIPLA,3,1,0,0,89,3.00,0.00,-3.00,-100.0000,,,,,,,,,,,,,,,,
2026-09-08 16:30:29,2026-09-08,SPY_CLOSE_H3,198,,3,,,,,,,207,134,67,2745.00,2044.00,-701.00,-25.5373,122355,82,NC2_W5,90-84-29,DECINA,MULTIPLA,3,1,0,0,84,3.00,0.00,-3.00,-100.0000,,,,,,,,,,,,,,,,
2026-09-08 16:30:29,2026-09-08,SPY_CLOSE_H3,198,,3,,,,,,,207,134,67,2745.00,2044.00,-701.00,-25.5373,122356,16,C1_exact,88-90-59,ALTRO,MULTIPLA,3,1,0,0,59,3.00,0.00,-3.00,-100.0000,,,,,,,,,,,,,,,,
2026-09-08 16:30:29,2026-09-08,SPY_CLOSE_H2,198,,2,,,,,,,207,134,67,2745.00,2044.00,-701.00,-25.5373,122357,35,C3plus,30-15-29,MOD5,MULTIPLA,2,0,0,0,,2.00,0.00,-2.00,-100.0000,,,,,,,,,,,,,,,,
2026-09-08 16:30:29,2026-09-08,SPY_CLOSE_H2,198,,2,,,,,,,207,134,67,2745.00,2044.00,-701.00,-25.5373,122358,48,NC3_W5_gap,19-55-34,ALTRO,MULTIPLA,2,1,1,0,19-55,2.00,0.00,-2.00,-100.0000,,,,,,,,,,,,,,,,
2026-09-08 16:30:29,2026-09-08,SPY_CLOSE_H2,198,,2,,,,,,,207,134,67,2745.00,2044.00,-701.00,-25.5373,122359,34,C2_exact,13-30-18,ALTRO,MULTIPLA,2,1,0,0,18,2.00,0.00,-2.00,-100.0000,,,,,,,,,,,,,,,,
2026-09-08 16:30:29,2026-09-08,SPY_CLOSE_H2,198,,2,,,,,,,207,134,67,2745.00,2044.00,-701.00,-25.5373,122360,85,C1_exact,55-49-48,ALTRO,MULTIPLA,2,1,1,0,48-55,2.00,0.00,-2.00,-100.0000,,,,,,,,,,,,,,,,
2026-09-08 16:30:29,2026-09-08,SPY_CLOSE_H2,198,,2,,,,,,,207,134,67,2745.00,2044.00,-701.00,-25.5373,122361,31,NC3_W5_gap,19-69-81,ALTRO,MULTIPLA,2,1,0,0,19,2.00,0.00,-2.00,-100.0000,,,,,,,,,,,,,,,,
2026-09-08 16:30:29,2026-09-08,SPY_CLOSE_H2,198,,2,,,,,,,207,134,67,2745.00,2044.00,-701.00,-25.5373,122362,67,NC3_W5_gap,57-83-42,MOD5,MULTIPLA,2,1,0,0,83,2.00,0.00,-2.00,-100.0000,,,,,,,,,,,,,,,,
2026-09-08 16:30:29,2026-09-08,SPY_CLOSE_H2,198,,2,,,,,,,207,134,67,2745.00,2044.00,-701.00,-25.5373,122363,80,C1_exact,3-55-44,ALTRO,MULTIPLA,2,1,0,0,55,2.00,0.00,-2.00,-100.0000,,,,,,,,,,,,,,,,
2026-09-08 16:30:29,2026-09-08,SPY_CLOSE_H2,198,,2,,,,,,,207,134,67,2745.00,2044.00,-701.00,-25.5373,122364,49,NC3_W5_gap,89-46-81,ALTRO,MULTIPLA,2,1,0,0,89,2.00,0.00,-2.00,-100.0000,,,,,,,,,,,,,,,,
2026-09-08 16:30:29,2026-09-08,SPY_CLOSE_H2,198,,2,,,,,,,207,134,67,2745.00,2044.00,-701.00,-25.5373,122365,48,NC2_W3_gap,86-84-88,DECINA,MULTIPLA,2,1,0,0,84,2.00,0.00,-2.00,-100.0000,,,,,,,,,,,,,,,,
2026-09-08 16:30:29,2026-09-08,SPY_CLOSE_H2,198,,2,,,,,,,207,134,67,2745.00,2044.00,-701.00,-25.5373,122366,69,NC2_W5,51-39-21,ALTRO,MULTIPLA,2,0,0,0,,2.00,0.00,-2.00,-100.0000,,,,,,,,,,,,,,,,
2026-09-08 16:30:29,2026-09-08,SPY_CLOSE_H2,198,,2,,,,,,,207,134,67,2745.00,2044.00,-701.00,-25.5373,122367,18,C1_exact,90-86-87,DECINA,MULTIPLA,2,1,1,0,86-87,2.00,0.00,-2.00,-100.0000,,,,,,,,,,,,,,,,
2026-09-08 16:30:29,2026-09-08,SPY_CLOSE_H2,198,,2,,,,,,,207,134,67,2745.00,2044.00,-701.00,-25.5373,122368,12,C1_exact,89-86-90,DECINA,MULTIPLA,2,1,0,0,89,2.00,0.00,-2.00,-100.0000,,,,,,,,,,,,,,,,
2026-09-08 16:30:29,2026-09-08,SPY_CLOSE_H1,198,,1,,,,,,,207,134,67,2745.00,2044.00,-701.00,-25.5373,122369,55,C2_exact,50-45-42,MOD5,MULTIPLA,1,0,0,0,,1.00,0.00,-1.00,-100.0000,,,,,,,,,,,,,,,,
2026-09-08 16:30:29,2026-09-08,SPY_CLOSE_H1,198,,1,,,,,,,207,134,67,2745.00,2044.00,-701.00,-25.5373,122370,89,C1_exact,55-70-33,ALTRO,MULTIPLA,1,1,0,0,70,1.00,0.00,-1.00,-100.0000,,,,,,,,,,,,,,,,
2026-09-08 16:30:29,2026-09-08,SPY_CLOSE_H1,198,,1,,,,,,,207,134,67,2745.00,2044.00,-701.00,-25.5373,122371,36,C2_exact,31-33-25,DECINA,MULTIPLA,1,0,0,0,,1.00,0.00,-1.00,-100.0000,,,,,,,,,,,,,,,,
2026-09-08 16:30:29,2026-09-08,SPY_CLOSE_H1,198,,1,,,,,,,207,134,67,2745.00,2044.00,-701.00,-25.5373,122372,63,C2_exact,5-61-67,DECINA,MULTIPLA,1,0,0,0,,1.00,0.00,-1.00,-100.0000,,,,,,,,,,,,,,,,
2026-09-08 16:30:29,2026-09-08,SPY_CLOSE_H1,198,,1,,,,,,,207,134,67,2745.00,2044.00,-701.00,-25.5373,122373,48,NC3_W5_gap,19-55-34,ALTRO,MULTIPLA,1,1,0,0,34,1.00,0.00,-1.00,-100.0000,,,,,,,,,,,,,,,,
2026-09-08 16:30:29,2026-09-08,SPY_CLOSE_H1,198,,1,,,,,,,207,134,67,2745.00,2044.00,-701.00,-25.5373,122374,50,C1_exact,45-39-81,ALTRO,MULTIPLA,1,0,0,0,,1.00,0.00,-1.00,-100.0000,,,,,,,,,,,,,,,,
2026-09-08 16:30:29,2026-09-08,SPY_CLOSE_H1,198,,1,,,,,,,207,134,67,2745.00,2044.00,-701.00,-25.5373,122375,56,C2_exact,52-61-47,ALTRO,MULTIPLA,1,0,0,0,,1.00,0.00,-1.00,-100.0000,,,,,,,,,,,,,,,,
2026-09-08 16:30:29,2026-09-08,SPY_CLOSE_H1,198,,1,,,,,,,207,134,67,2745.00,2044.00,-701.00,-25.5373,122376,85,C2_exact,88-82-87,DECINA,MULTIPLA,1,1,0,0,87,1.00,0.00,-1.00,-100.0000,,,,,,,,,,,,,,,,
2026-09-08 16:30:29,2026-09-08,SPY_CLOSE_H1,198,,1,,,,,,,207,134,67,2745.00,2044.00,-701.00,-25.5373,122377,53,C2_exact,82-3-83,MOD5,MULTIPLA,1,1,0,0,83,1.00,0.00,-1.00,-100.0000,,,,,,,,,,,,,,,,
2026-09-08 16:30:29,2026-09-08,SPY_CLOSE_H1,198,,1,,,,,,,207,134,67,2745.00,2044.00,-701.00,-25.5373,122378,19,NC2_W3_gap,89-90-86,DECINA,MULTIPLA,1,1,0,0,86,1.00,0.00,-1.00,-100.0000,,,,,,,,,,,,,,,,
2026-09-08 16:30:29,2026-09-08,SPY_CLOSE_H1,198,,1,,,,,,,207,134,67,2745.00,2044.00,-701.00,-25.5373,122379,31,NC3_W5_gap,19-69-81,ALTRO,MULTIPLA,1,0,0,0,,1.00,0.00,-1.00,-100.0000,,,,,,,,,,,,,,,,
2026-09-08 16:30:29,2026-09-08,SPY_CLOSE_H1,198,,1,,,,,,,207,134,67,2745.00,2044.00,-701.00,-25.5373,122380,67,NC3_W5_gap,57-83-42,MOD5,MULTIPLA,1,1,0,0,83,1.00,0.00,-1.00,-100.0000,,,,,,,,,,,,,,,,
2026-09-08 16:30:29,2026-09-08,SPY_CLOSE_H1,198,,1,,,,,,,207,134,67,2745.00,2044.00,-701.00,-25.5373,122381,24,NC2_W3_gap,87-3-13,ALTRO,MULTIPLA,1,1,0,0,87,1.00,0.00,-1.00,-100.0000,,,,,,,,,,,,,,,,
2026-09-08 16:30:29,2026-09-08,SPY_CLOSE_H1,198,,1,,,,,,,207,134,67,2745.00,2044.00,-701.00,-25.5373,122382,61,C1_exact,19-59-83,ALTRO,MULTIPLA,1,1,1,0,59-83,1.00,0.00,-1.00,-100.0000,,,,,,,,,,,,,,,,
2026-09-08 16:30:29,2026-09-08,SPY_CLOSE_H1,198,,1,,,,,,,207,134,67,2745.00,2044.00,-701.00,-25.5373,122383,69,NC2_W5,51-39-21,ALTRO,MULTIPLA,1,0,0,0,,1.00,0.00,-1.00,-100.0000,,,,,,,,,,,,,,,,
2026-09-08 16:30:29,2026-09-08,SPY_CLOSE_H1,198,,1,,,,,,,207,134,67,2745.00,2044.00,-701.00,-25.5373,122384,7,C1_exact,69-89-4,MOD5,MULTIPLA,1,0,0,0,,1.00,0.00,-1.00,-100.0000,,,,,,,,,,,,,,,,
2026-09-08 16:30:29,2026-09-08,SPY_CLOSE_H1,198,,1,,,,,,,207,134,67,2745.00,2044.00,-701.00,-25.5373,122385,19,NC3_W5_gap,89-85-82,DECINA,MULTIPLA,1,0,0,0,,1.00,0.00,-1.00,-100.0000,,,,,,,,,,,,,,,,
2026-09-08 16:30:29,2026-09-08,SPY_CLOSE_H1,198,,1,,,,,,,207,134,67,2745.00,2044.00,-701.00,-25.5373,122386,19,C1_exact,89-85-90,DECINA,MULTIPLA,1,0,0,0,,1.00,0.00,-1.00,-100.0000,,,,,,,,,,,,,,,,
2026-09-08 16:30:29,2026-09-08,SPY_CLOSE_H1,198,,1,,,,,,,207,134,67,2745.00,2044.00,-701.00,-25.5373,122387,7,NC3_W5_gap,88-90-85,DECINA,MULTIPLA,1,0,0,0,,1.00,0.00,-1.00,-100.0000,,,,,,,,,,,,,,,,
2026-09-08 16:30:29,2026-09-08,SPY_CLOSE_H1,198,,1,,,,,,,207,134,67,2745.00,2044.00,-701.00,-25.5373,122388,4,C1_exact,88-89-90,DECINA,MULTIPLA,1,0,0,0,,1.00,0.00,-1.00,-100.0000,,,,,,,,,,,,,,,,
2026-09-08 16:30:29,2026-09-08,SPY_CLOSE_H1,198,,1,,,,,,,207,134,67,2745.00,2044.00,-701.00,-25.5373,122389,84,NC2_W5,90-87-88,DECINA,MULTIPLA,1,1,0,0,87,1.00,0.00,-1.00,-100.0000,,,,,,,,,,,,,,,,
2026-09-08 16:30:29,2026-09-08,SPY_CLOSE_H1,198,,1,,,,,,,207,134,67,2745.00,2044.00,-701.00,-25.5373,122390,24,C1_exact,88-69-87,ALTRO,MULTIPLA,1,1,0,0,87,1.00,0.00,-1.00,-100.0000,,,,,,,,,,,,,,,,
2026-09-08 16:30:29,2026-09-08,SPY_CLOSE_H1,198,,1,,,,,,,207,134,67,2745.00,2044.00,-701.00,-25.5373,122391,56,NC3_W5_gap,55-21-4,PONTE_55,FORTE,1,0,0,0,,1.00,0.00,-1.00,-100.0000,,,,,,,,,,,,,,,,
2026-09-08 16:30:29,2026-09-08,SPY_OPEN,198,,,,,,,,,207,134,67,2745.00,2044.00,-701.00,-25.5373,122392,87,C1_exact,55-6-3,ALTRO,MULTIPLA,,,,,,,,,,,,,,,,,,,,,,,,,
2026-09-08 16:30:29,2026-09-08,SPY_OPEN,198,,,,,,,,,207,134,67,2745.00,2044.00,-701.00,-25.5373,122393,48,NC3_W5_gap,19-55-34,ALTRO,MULTIPLA,,,,,,,,,,,,,,,,,,,,,,,,,
2026-09-08 16:30:29,2026-09-08,SPY_OPEN,198,,,,,,,,,207,134,67,2745.00,2044.00,-701.00,-25.5373,122394,7,NC2_W5,8-15-25,ALTRO,MULTIPLA,,,,,,,,,,,,,,,,,,,,,,,,,
2026-09-08 16:30:29,2026-09-08,SPY_OPEN,198,,,,,,,,,207,134,67,2745.00,2044.00,-701.00,-25.5373,122395,10,NC2_W5,5-1-23,DECINA,MULTIPLA,,,,,,,,,,,,,,,,,,,,,,,,,
2026-09-08 16:30:29,2026-09-08,SPY_OPEN,198,,,,,,,,,207,134,67,2745.00,2044.00,-701.00,-25.5373,122396,18,NC2_W5,16-11-44,DECINA,MULTIPLA,,,,,,,,,,,,,,,,,,,,,,,,,
2026-09-08 16:30:29,2026-09-08,SPY_OPEN,198,,,,,,,,,207,134,67,2745.00,2044.00,-701.00,-25.5373,122397,18,NC2_W3_gap,90-88-89,DECINA,MULTIPLA,,,,,,,,,,,,,,,,,,,,,,,,,
2026-09-08 16:30:29,2026-09-08,SPY_OPEN,198,,,,,,,,,207,134,67,2745.00,2044.00,-701.00,-25.5373,122398,22,NC2_W3_gap,89-88-90,DECINA,MULTIPLA,,,,,,,,,,,,,,,,,,,,,,,,,
2026-09-08 16:30:29,2026-09-08,SPY_OPEN,198,,,,,,,,,207,134,67,2745.00,2044.00,-701.00,-25.5373,122399,34,C1_exact,58-77-62,ALTRO,MULTIPLA,,,,,,,,,,,,,,,,,,,,,,,,,
2026-09-08 16:30:29,2026-09-08,SPY_OPEN,198,,,,,,,,,207,134,67,2745.00,2044.00,-701.00,-25.5373,122400,19,NC3_W5_gap,89-85-82,DECINA,MULTIPLA,,,,,,,,,,,,,,,,,,,,,,,,,
2026-09-08 16:30:29,2026-09-08,SPY_OPEN,198,,,,,,,,,207,134,67,2745.00,2044.00,-701.00,-25.5373,122401,18,C1_exact,90-86-87,DECINA,MULTIPLA,,,,,,,,,,,,,,,,,,,,,,,,,
2026-09-08 16:30:29,2026-09-08,SPY_OPEN,198,,,,,,,,,207,134,67,2745.00,2044.00,-701.00,-25.5373,122402,10,C1_exact,5-90-89,MOD5,NORMALE,,,,,,,,,,,,,,,,,,,,,,,,,
2026-09-08 16:35:40,2026-09-08,SPY_CLOSE_H3,199,,3,,,,,,,207,134,67,2745.00,2044.00,-701.00,-25.5373,122357,35,C3plus,30-15-29,MOD5,MULTIPLA,3,1,0,0,30,3.00,0.00,-3.00,-100.0000,,,,,,,,,,,,,,,,
2026-09-08 16:35:40,2026-09-08,SPY_CLOSE_H3,199,,3,,,,,,,207,134,67,2745.00,2044.00,-701.00,-25.5373,122358,48,NC3_W5_gap,19-55-34,ALTRO,MULTIPLA,3,1,1,0,19-55,3.00,0.00,-3.00,-100.0000,,,,,,,,,,,,,,,,
2026-09-08 16:35:40,2026-09-08,SPY_CLOSE_H3,199,,3,,,,,,,207,134,67,2745.00,2044.00,-701.00,-25.5373,122359,34,C2_exact,13-30-18,ALTRO,MULTIPLA,3,1,0,0,18,3.00,0.00,-3.00,-100.0000,,,,,,,,,,,,,,,,
2026-09-08 16:35:40,2026-09-08,SPY_CLOSE_H3,199,,3,,,,,,,207,134,67,2745.00,2044.00,-701.00,-25.5373,122360,85,C1_exact,55-49-48,ALTRO,MULTIPLA,3,1,1,0,48-55,3.00,0.00,-3.00,-100.0000,,,,,,,,,,,,,,,,
2026-09-08 16:35:40,2026-09-08,SPY_CLOSE_H3,199,,3,,,,,,,207,134,67,2745.00,2044.00,-701.00,-25.5373,122361,31,NC3_W5_gap,19-69-81,ALTRO,MULTIPLA,3,1,0,0,19,3.00,0.00,-3.00,-100.0000,,,,,,,,,,,,,,,,
2026-09-08 16:35:40,2026-09-08,SPY_CLOSE_H3,199,,3,,,,,,,207,134,67,2745.00,2044.00,-701.00,-25.5373,122362,67,NC3_W5_gap,57-83-42,MOD5,MULTIPLA,3,1,0,0,83,3.00,0.00,-3.00,-100.0000,,,,,,,,,,,,,,,,
2026-09-08 16:35:40,2026-09-08,SPY_CLOSE_H3,199,,3,,,,,,,207,134,67,2745.00,2044.00,-701.00,-25.5373,122363,80,C1_exact,3-55-44,ALTRO,MULTIPLA,3,1,0,0,55,3.00,0.00,-3.00,-100.0000,,,,,,,,,,,,,,,,
2026-09-08 16:35:40,2026-09-08,SPY_CLOSE_H3,199,,3,,,,,,,207,134,67,2745.00,2044.00,-701.00,-25.5373,122364,49,NC3_W5_gap,89-46-81,ALTRO,MULTIPLA,3,1,1,0,46-89,3.00,0.00,-3.00,-100.0000,,,,,,,,,,,,,,,,
2026-09-08 16:35:40,2026-09-08,SPY_CLOSE_H3,199,,3,,,,,,,207,134,67,2745.00,2044.00,-701.00,-25.5373,122365,48,NC2_W3_gap,86-84-88,DECINA,MULTIPLA,3,1,1,0,84-88,3.00,0.00,-3.00,-100.0000,,,,,,,,,,,,,,,,
2026-09-08 16:35:40,2026-09-08,SPY_CLOSE_H3,199,,3,,,,,,,207,134,67,2745.00,2044.00,-701.00,-25.5373,122366,69,NC2_W5,51-39-21,ALTRO,MULTIPLA,3,0,0,0,,3.00,0.00,-3.00,-100.0000,,,,,,,,,,,,,,,,
2026-09-08 16:35:40,2026-09-08,SPY_CLOSE_H3,199,,3,,,,,,,207,134,67,2745.00,2044.00,-701.00,-25.5373,122367,18,C1_exact,90-86-87,DECINA,MULTIPLA,3,1,1,0,86-87,3.00,0.00,-3.00,-100.0000,,,,,,,,,,,,,,,,
2026-09-08 16:35:40,2026-09-08,SPY_CLOSE_H3,199,,3,,,,,,,207,134,67,2745.00,2044.00,-701.00,-25.5373,122368,12,C1_exact,89-86-90,DECINA,MULTIPLA,3,1,0,0,89,3.00,0.00,-3.00,-100.0000,,,,,,,,,,,,,,,,
2026-09-08 16:35:40,2026-09-08,SPY_CLOSE_H2,199,,2,,,,,,,207,134,67,2745.00,2044.00,-701.00,-25.5373,122369,55,C2_exact,50-45-42,MOD5,MULTIPLA,2,1,0,0,50,2.00,0.00,-2.00,-100.0000,,,,,,,,,,,,,,,,
2026-09-08 16:35:40,2026-09-08,SPY_CLOSE_H2,199,,2,,,,,,,207,134,67,2745.00,2044.00,-701.00,-25.5373,122370,89,C1_exact,55-70-33,ALTRO,MULTIPLA,2,1,0,0,70,2.00,0.00,-2.00,-100.0000,,,,,,,,,,,,,,,,
2026-09-08 16:35:40,2026-09-08,SPY_CLOSE_H2,199,,2,,,,,,,207,134,67,2745.00,2044.00,-701.00,-25.5373,122371,36,C2_exact,31-33-25,DECINA,MULTIPLA,2,0,0,0,,2.00,0.00,-2.00,-100.0000,,,,,,,,,,,,,,,,
2026-09-08 16:35:40,2026-09-08,SPY_CLOSE_H2,199,,2,,,,,,,207,134,67,2745.00,2044.00,-701.00,-25.5373,122372,63,C2_exact,5-61-67,DECINA,MULTIPLA,2,1,0,0,67,2.00,0.00,-2.00,-100.0000,,,,,,,,,,,,,,,,
2026-09-08 16:35:40,2026-09-08,SPY_CLOSE_H2,199,,2,,,,,,,207,134,67,2745.00,2044.00,-701.00,-25.5373,122373,48,NC3_W5_gap,19-55-34,ALTRO,MULTIPLA,2,1,0,0,34,2.00,0.00,-2.00,-100.0000,,,,,,,,,,,,,,,,
2026-09-08 16:35:40,2026-09-08,SPY_CLOSE_H2,199,,2,,,,,,,207,134,67,2745.00,2044.00,-701.00,-25.5373,122374,50,C1_exact,45-39-81,ALTRO,MULTIPLA,2,0,0,0,,2.00,0.00,-2.00,-100.0000,,,,,,,,,,,,,,,,
2026-09-08 16:35:40,2026-09-08,SPY_CLOSE_H2,199,,2,,,,,,,207,134,67,2745.00,2044.00,-701.00,-25.5373,122375,56,C2_exact,52-61-47,ALTRO,MULTIPLA,2,0,0,0,,2.00,0.00,-2.00,-100.0000,,,,,,,,,,,,,,,,
2026-09-08 16:35:40,2026-09-08,SPY_CLOSE_H2,199,,2,,,,,,,207,134,67,2745.00,2044.00,-701.00,-25.5373,122376,85,C2_exact,88-82-87,DECINA,MULTIPLA,2,1,0,0,87,2.00,0.00,-2.00,-100.0000,,,,,,,,,,,,,,,,
2026-09-08 16:35:40,2026-09-08,SPY_CLOSE_H2,199,,2,,,,,,,207,134,67,2745.00,2044.00,-701.00,-25.5373,122377,53,C2_exact,82-3-83,MOD5,MULTIPLA,2,1,0,0,83,2.00,0.00,-2.00,-100.0000,,,,,,,,,,,,,,,,
2026-09-08 16:35:40,2026-09-08,SPY_CLOSE_H2,199,,2,,,,,,,207,134,67,2745.00,2044.00,-701.00,-25.5373,122378,19,NC2_W3_gap,89-90-86,DECINA,MULTIPLA,2,1,0,0,86,2.00,0.00,-2.00,-100.0000,,,,,,,,,,,,,,,,
2026-09-08 16:35:40,2026-09-08,SPY_CLOSE_H2,199,,2,,,,,,,207,134,67,2745.00,2044.00,-701.00,-25.5373,122379,31,NC3_W5_gap,19-69-81,ALTRO,MULTIPLA,2,1,0,0,69,2.00,0.00,-2.00,-100.0000,,,,,,,,,,,,,,,,
2026-09-08 16:35:40,2026-09-08,SPY_CLOSE_H2,199,,2,,,,,,,207,134,67,2745.00,2044.00,-701.00,-25.5373,122380,67,NC3_W5_gap,57-83-42,MOD5,MULTIPLA,2,1,0,0,83,2.00,0.00,-2.00,-100.0000,,,,,,,,,,,,,,,,
2026-09-08 16:35:40,2026-09-08,SPY_CLOSE_H2,199,,2,,,,,,,207,134,67,2745.00,2044.00,-701.00,-25.5373,122381,24,NC2_W3_gap,87-3-13,ALTRO,MULTIPLA,2,1,0,0,87,2.00,0.00,-2.00,-100.0000,,,,,,,,,,,,,,,,
2026-09-08 16:35:40,2026-09-08,SPY_CLOSE_H2,199,,2,,,,,,,207,134,67,2745.00,2044.00,-701.00,-25.5373,122382,61,C1_exact,19-59-83,ALTRO,MULTIPLA,2,1,1,0,59-83,2.00,0.00,-2.00,-100.0000,,,,,,,,,,,,,,,,
2026-09-08 16:35:40,2026-09-08,SPY_CLOSE_H2,199,,2,,,,,,,207,134,67,2745.00,2044.00,-701.00,-25.5373,122383,69,NC2_W5,51-39-21,ALTRO,MULTIPLA,2,0,0,0,,2.00,0.00,-2.00,-100.0000,,,,,,,,,,,,,,,,
2026-09-08 16:35:40,2026-09-08,SPY_CLOSE_H2,199,,2,,,,,,,207,134,67,2745.00,2044.00,-701.00,-25.5373,122384,7,C1_exact,69-89-4,MOD5,MULTIPLA,2,1,1,0,69-89,2.00,0.00,-2.00,-100.0000,,,,,,,,,,,,,,,,
2026-09-08 16:35:40,2026-09-08,SPY_CLOSE_H2,199,,2,,,,,,,207,134,67,2745.00,2044.00,-701.00,-25.5373,122385,19,NC3_W5_gap,89-85-82,DECINA,MULTIPLA,2,1,0,0,89,2.00,0.00,-2.00,-100.0000,,,,,,,,,,,,,,,,
2026-09-08 16:35:40,2026-09-08,SPY_CLOSE_H2,199,,2,,,,,,,207,134,67,2745.00,2044.00,-701.00,-25.5373,122386,19,C1_exact,89-85-90,DECINA,MULTIPLA,2,1,0,0,89,2.00,0.00,-2.00,-100.0000,,,,,,,,,,,,,,,,
2026-09-08 16:35:40,2026-09-08,SPY_CLOSE_H2,199,,2,,,,,,,207,134,67,2745.00,2044.00,-701.00,-25.5373,122387,7,NC3_W5_gap,88-90-85,DECINA,MULTIPLA,2,1,0,0,88,2.00,0.00,-2.00,-100.0000,,,,,,,,,,,,,,,,
2026-09-08 16:35:40,2026-09-08,SPY_CLOSE_H2,199,,2,,,,,,,207,134,67,2745.00,2044.00,-701.00,-25.5373,122388,4,C1_exact,88-89-90,DECINA,MULTIPLA,2,1,1,0,88-89,2.00,0.00,-2.00,-100.0000,,,,,,,,,,,,,,,,
2026-09-08 16:35:40,2026-09-08,SPY_CLOSE_H2,199,,2,,,,,,,207,134,67,2745.00,2044.00,-701.00,-25.5373,122389,84,NC2_W5,90-87-88,DECINA,MULTIPLA,2,1,0,0,87,2.00,0.00,-2.00,-100.0000,,,,,,,,,,,,,,,,
2026-09-08 16:35:40,2026-09-08,SPY_CLOSE_H2,199,,2,,,,,,,207,134,67,2745.00,2044.00,-701.00,-25.5373,122390,24,C1_exact,88-69-87,ALTRO,MULTIPLA,2,1,1,0,69-88,2.00,0.00,-2.00,-100.0000,,,,,,,,,,,,,,,,
2026-09-08 16:35:40,2026-09-08,SPY_CLOSE_H2,199,,2,,,,,,,207,134,67,2745.00,2044.00,-701.00,-25.5373,122391,56,NC3_W5_gap,55-21-4,PONTE_55,FORTE,2,0,0,0,,2.00,0.00,-2.00,-100.0000,,,,,,,,,,,,,,,,
2026-09-08 16:35:40,2026-09-08,SPY_CLOSE_H1,199,,1,,,,,,,207,134,67,2745.00,2044.00,-701.00,-25.5373,122392,87,C1_exact,55-6-3,ALTRO,MULTIPLA,1,0,0,0,,1.00,0.00,-1.00,-100.0000,,,,,,,,,,,,,,,,
2026-09-08 16:35:40,2026-09-08,SPY_CLOSE_H1,199,,1,,,,,,,207,134,67,2745.00,2044.00,-701.00,-25.5373,122393,48,NC3_W5_gap,19-55-34,ALTRO,MULTIPLA,1,0,0,0,,1.00,0.00,-1.00,-100.0000,,,,,,,,,,,,,,,,
2026-09-08 16:35:40,2026-09-08,SPY_CLOSE_H1,199,,1,,,,,,,207,134,67,2745.00,2044.00,-701.00,-25.5373,122394,7,NC2_W5,8-15-25,ALTRO,MULTIPLA,1,0,0,0,,1.00,0.00,-1.00,-100.0000,,,,,,,,,,,,,,,,
2026-09-08 16:35:40,2026-09-08,SPY_CLOSE_H1,199,,1,,,,,,,207,134,67,2745.00,2044.00,-701.00,-25.5373,122395,10,NC2_W5,5-1-23,DECINA,MULTIPLA,1,1,0,0,1,1.00,0.00,-1.00,-100.0000,,,,,,,,,,,,,,,,
2026-09-08 16:35:40,2026-09-08,SPY_CLOSE_H1,199,,1,,,,,,,207,134,67,2745.00,2044.00,-701.00,-25.5373,122396,18,NC2_W5,16-11-44,DECINA,MULTIPLA,1,1,0,0,16,1.00,0.00,-1.00,-100.0000,,,,,,,,,,,,,,,,
2026-09-08 16:35:40,2026-09-08,SPY_CLOSE_H1,199,,1,,,,,,,207,134,67,2745.00,2044.00,-701.00,-25.5373,122397,18,NC2_W3_gap,90-88-89,DECINA,MULTIPLA,1,1,1,0,88-89,1.00,0.00,-1.00,-100.0000,,,,,,,,,,,,,,,,
2026-09-08 16:35:40,2026-09-08,SPY_CLOSE_H1,199,,1,,,,,,,207,134,67,2745.00,2044.00,-701.00,-25.5373,122398,22,NC2_W3_gap,89-88-90,DECINA,MULTIPLA,1,1,1,0,88-89,1.00,0.00,-1.00,-100.0000,,,,,,,,,,,,,,,,
2026-09-08 16:35:40,2026-09-08,SPY_CLOSE_H1,199,,1,,,,,,,207,134,67,2745.00,2044.00,-701.00,-25.5373,122399,34,C1_exact,58-77-62,ALTRO,MULTIPLA,1,0,0,0,,1.00,0.00,-1.00,-100.0000,,,,,,,,,,,,,,,,
2026-09-08 16:35:40,2026-09-08,SPY_CLOSE_H1,199,,1,,,,,,,207,134,67,2745.00,2044.00,-701.00,-25.5373,122400,19,NC3_W5_gap,89-85-82,DECINA,MULTIPLA,1,1,0,0,89,1.00,0.00,-1.00,-100.0000,,,,,,,,,,,,,,,,
2026-09-08 16:35:40,2026-09-08,SPY_CLOSE_H1,199,,1,,,,,,,207,134,67,2745.00,2044.00,-701.00,-25.5373,122401,18,C1_exact,90-86-87,DECINA,MULTIPLA,1,0,0,0,,1.00,0.00,-1.00,-100.0000,,,,,,,,,,,,,,,,
2026-09-08 16:35:40,2026-09-08,SPY_CLOSE_H1,199,,1,,,,,,,207,134,67,2745.00,2044.00,-701.00,-25.5373,122402,10,C1_exact,5-90-89,MOD5,NORMALE,1,1,0,0,89,1.00,0.00,-1.00,-100.0000,,,,,,,,,,,,,,,,
2026-09-08 16:35:40,2026-09-08,SUM9091_LAB_CLOSE,199,2075,10,13,,13-77-78,RAW_SUM_1003_REPEAT_FROM_E78_GAP_111_BEST_2_3_H5,,,207,134,67,2745.00,2044.00,-701.00,-25.5373,,,,,,,,,,,,,,,,,,,,,,,,,,,,,,,
2026-09-08 16:35:40,2026-09-08,SPY_OPEN,199,,,,,,,,,207,134,67,2745.00,2044.00,-701.00,-25.5373,122403,89,NC2_W3_gap,15-10-70,MOD5,MULTIPLA,,,,,,,,,,,,,,,,,,,,,,,,,
2026-09-08 16:35:40,2026-09-08,SPY_OPEN,199,,,,,,,,,207,134,67,2745.00,2044.00,-701.00,-25.5373,122404,24,C3plus,9-60-8,ALTRO,MULTIPLA,,,,,,,,,,,,,,,,,,,,,,,,,
2026-09-08 16:35:40,2026-09-08,SPY_OPEN,199,,,,,,,,,207,134,67,2745.00,2044.00,-701.00,-25.5373,122405,89,C1_exact,55-70-33,ALTRO,MULTIPLA,,,,,,,,,,,,,,,,,,,,,,,,,
2026-09-08 16:35:40,2026-09-08,SPY_OPEN,199,,,,,,,,,207,134,67,2745.00,2044.00,-701.00,-25.5373,122406,50,NC2_W3_gap,45-39-25,MOD5,MULTIPLA,,,,,,,,,,,,,,,,,,,,,,,,,
2026-09-08 16:35:40,2026-09-08,SPY_OPEN,199,,,,,,,,,207,134,67,2745.00,2044.00,-701.00,-25.5373,122407,48,NC3_W5_gap,19-55-34,ALTRO,MULTIPLA,,,,,,,,,,,,,,,,,,,,,,,,,
2026-09-08 16:35:40,2026-09-08,SPY_OPEN,199,,,,,,,,,207,134,67,2745.00,2044.00,-701.00,-25.5373,122408,50,C1_exact,45-39-81,ALTRO,MULTIPLA,,,,,,,,,,,,,,,,,,,,,,,,,
2026-09-08 16:35:40,2026-09-08,SPY_OPEN,199,,,,,,,,,207,134,67,2745.00,2044.00,-701.00,-25.5373,122409,10,C2_exact,5-87-77,ALTRO,MULTIPLA,,,,,,,,,,,,,,,,,,,,,,,,,
2026-09-08 16:35:40,2026-09-08,SPY_OPEN,199,,,,,,,,,207,134,67,2745.00,2044.00,-701.00,-25.5373,122410,10,NC3_W5_gap,11-78-77,ALTRO,MULTIPLA,,,,,,,,,,,,,,,,,,,,,,,,,
2026-09-08 16:35:40,2026-09-08,SPY_OPEN,199,,,,,,,,,207,134,67,2745.00,2044.00,-701.00,-25.5373,122411,18,NC2_W5,16-11-44,DECINA,MULTIPLA,,,,,,,,,,,,,,,,,,,,,,,,,
2026-09-08 16:35:40,2026-09-08,SPY_OPEN,199,,,,,,,,,207,134,67,2745.00,2044.00,-701.00,-25.5373,122412,22,C2_exact,61-27-74,ALTRO,MULTIPLA,,,,,,,,,,,,,,,,,,,,,,,,,
2026-09-08 16:35:40,2026-09-08,SPY_OPEN,199,,,,,,,,,207,134,67,2745.00,2044.00,-701.00,-25.5373,122413,19,NC2_W5,2-17-23,ALTRO,MULTIPLA,,,,,,,,,,,,,,,,,,,,,,,,,
2026-09-08 16:35:40,2026-09-08,SPY_OPEN,199,,,,,,,,,207,134,67,2745.00,2044.00,-701.00,-25.5373,122414,67,NC3_W5_gap,57-83-42,MOD5,MULTIPLA,,,,,,,,,,,,,,,,,,,,,,,,,
2026-09-08 16:35:40,2026-09-08,SPY_OPEN,199,,,,,,,,,207,134,67,2745.00,2044.00,-701.00,-25.5373,122415,48,NC2_W3_gap,86-84-88,DECINA,MULTIPLA,,,,,,,,,,,,,,,,,,,,,,,,,
2026-09-08 16:35:40,2026-09-08,SPY_OPEN,199,,,,,,,,,207,134,67,2745.00,2044.00,-701.00,-25.5373,122416,89,NC2_W5,88-90-84,DECINA,MULTIPLA,,,,,,,,,,,,,,,,,,,,,,,,,
2026-09-08 16:35:40,2026-09-08,SPY_OPEN,199,,,,,,,,,207,134,67,2745.00,2044.00,-701.00,-25.5373,122417,83,C2_exact,87-89-88,DECINA,MULTIPLA,,,,,,,,,,,,,,,,,,,,,,,,,
2026-09-08 16:35:40,2026-09-08,SPY_OPEN,199,,,,,,,,,207,134,67,2745.00,2044.00,-701.00,-25.5373,122418,22,NC3_W5_gap,88-83-89,DECINA,MULTIPLA,,,,,,,,,,,,,,,,,,,,,,,,,
2026-09-08 16:35:40,2026-09-08,SPY_OPEN,199,,,,,,,,,207,134,67,2745.00,2044.00,-701.00,-25.5373,122419,69,NC2_W5,51-39-21,ALTRO,MULTIPLA,,,,,,,,,,,,,,,,,,,,,,,,,
2026-09-08 16:35:40,2026-09-08,SPY_OPEN,199,,,,,,,,,207,134,67,2745.00,2044.00,-701.00,-25.5373,122420,84,NC2_W5,90-87-88,DECINA,MULTIPLA,,,,,,,,,,,,,,,,,,,,,,,,,
2026-09-08 16:35:40,2026-09-08,SPY_OPEN,199,,,,,,,,,207,134,67,2745.00,2044.00,-701.00,-25.5373,122421,16,C1_exact,88-90-59,ALTRO,MULTIPLA,,,,,,,,,,,,,,,,,,,,,,,,,
2026-09-08 16:35:40,2026-09-08,SPY_OPEN,199,,,,,,,,,207,134,67,2745.00,2044.00,-701.00,-25.5373,122422,14,C1_exact,90-89-88,DECINA,MULTIPLA,,,,,,,,,,,,,,,,,,,,,,,,,
2026-09-08 16:35:40,2026-09-08,SPY_OPEN,199,,,,,,,,,207,134,67,2745.00,2044.00,-701.00,-25.5373,122423,1,C1_exact,86-90-85,DECINA,MULTIPLA,,,,,,,,,,,,,,,,,,,,,,,,,
2026-09-08 16:35:40,2026-09-08,SPY_OPEN,199,,,,,,,,,207,134,67,2745.00,2044.00,-701.00,-25.5373,122424,50,NC2_W5,45-40-35,ZONA_40,FORTE,,,,,,,,,,,,,,,,,,,,,,,,,
2026-09-08 16:35:40,2026-09-08,PAIRLAB_OPEN,199,,,,,,,,,207,134,67,2745.00,2044.00,-701.00,-25.5373,,,,,,,,,,,,,,,,,,,88-90,SHADOW_OPEN,,,raw=8|ind=7,,,,,,,,
2026-09-08 16:35:40,2026-09-08,STRICTLAB_FORWARD_OPEN,199,,,,,,,,,207,134,67,2745.00,2044.00,-701.00,-25.5373,,,,,,,,,,,,,,,,,,,88-90,STRICT_FORWARD_OPEN,,,raw=8|ind=7|pairlab=289,,,,,,,,
2026-09-08 16:40:51,2026-09-08,SPY_CLOSE_H3,200,,3,,,,,,,207,134,67,2745.00,2044.00,-701.00,-25.5373,122369,55,C2_exact,50-45-42,MOD5,MULTIPLA,3,1,0,0,50,3.00,0.00,-3.00,-100.0000,,,,,,,,,,,,,,,,
2026-09-08 16:40:51,2026-09-08,SPY_CLOSE_H3,200,,3,,,,,,,207,134,67,2745.00,2044.00,-701.00,-25.5373,122370,89,C1_exact,55-70-33,ALTRO,MULTIPLA,3,1,0,0,70,3.00,0.00,-3.00,-100.0000,,,,,,,,,,,,,,,,
2026-09-08 16:40:51,2026-09-08,SPY_CLOSE_H3,200,,3,,,,,,,207,134,67,2745.00,2044.00,-701.00,-25.5373,122371,36,C2_exact,31-33-25,DECINA,MULTIPLA,3,0,0,0,,3.00,0.00,-3.00,-100.0000,,,,,,,,,,,,,,,,
2026-09-08 16:40:51,2026-09-08,SPY_CLOSE_H3,200,,3,,,,,,,207,134,67,2745.00,2044.00,-701.00,-25.5373,122372,63,C2_exact,5-61-67,DECINA,MULTIPLA,3,1,0,0,67,3.00,0.00,-3.00,-100.0000,,,,,,,,,,,,,,,,
2026-09-08 16:40:51,2026-09-08,SPY_CLOSE_H3,200,,3,,,,,,,207,134,67,2745.00,2044.00,-701.00,-25.5373,122373,48,NC3_W5_gap,19-55-34,ALTRO,MULTIPLA,3,1,0,0,34,3.00,0.00,-3.00,-100.0000,,,,,,,,,,,,,,,,
2026-09-08 16:40:51,2026-09-08,SPY_CLOSE_H3,200,,3,,,,,,,207,134,67,2745.00,2044.00,-701.00,-25.5373,122374,50,C1_exact,45-39-81,ALTRO,MULTIPLA,3,0,0,0,,3.00,0.00,-3.00,-100.0000,,,,,,,,,,,,,,,,
2026-09-08 16:40:51,2026-09-08,SPY_CLOSE_H3,200,,3,,,,,,,207,134,67,2745.00,2044.00,-701.00,-25.5373,122375,56,C2_exact,52-61-47,ALTRO,MULTIPLA,3,0,0,0,,3.00,0.00,-3.00,-100.0000,,,,,,,,,,,,,,,,
2026-09-08 16:40:51,2026-09-08,SPY_CLOSE_H3,200,,3,,,,,,,207,134,67,2745.00,2044.00,-701.00,-25.5373,122376,85,C2_exact,88-82-87,DECINA,MULTIPLA,3,1,1,0,82-87,3.00,0.00,-3.00,-100.0000,,,,,,,,,,,,,,,,
2026-09-08 16:40:51,2026-09-08,SPY_CLOSE_H3,200,,3,,,,,,,207,134,67,2745.00,2044.00,-701.00,-25.5373,122377,53,C2_exact,82-3-83,MOD5,MULTIPLA,3,1,1,0,82-83,3.00,0.00,-3.00,-100.0000,,,,,,,,,,,,,,,,
2026-09-08 16:40:51,2026-09-08,SPY_CLOSE_H3,200,,3,,,,,,,207,134,67,2745.00,2044.00,-701.00,-25.5373,122378,19,NC2_W3_gap,89-90-86,DECINA,MULTIPLA,3,1,0,0,86,3.00,0.00,-3.00,-100.0000,,,,,,,,,,,,,,,,
2026-09-08 16:40:51,2026-09-08,SPY_CLOSE_H3,200,,3,,,,,,,207,134,67,2745.00,2044.00,-701.00,-25.5373,122379,31,NC3_W5_gap,19-69-81,ALTRO,MULTIPLA,3,1,0,0,69,3.00,0.00,-3.00,-100.0000,,,,,,,,,,,,,,,,
2026-09-08 16:40:51,2026-09-08,SPY_CLOSE_H3,200,,3,,,,,,,207,134,67,2745.00,2044.00,-701.00,-25.5373,122380,67,NC3_W5_gap,57-83-42,MOD5,MULTIPLA,3,1,0,0,83,3.00,0.00,-3.00,-100.0000,,,,,,,,,,,,,,,,
2026-09-08 16:40:51,2026-09-08,SPY_CLOSE_H3,200,,3,,,,,,,207,134,67,2745.00,2044.00,-701.00,-25.5373,122381,24,NC2_W3_gap,87-3-13,ALTRO,MULTIPLA,3,1,1,0,13-87,3.00,0.00,-3.00,-100.0000,,,,,,,,,,,,,,,,
2026-09-08 16:40:51,2026-09-08,SPY_CLOSE_H3,200,,3,,,,,,,207,134,67,2745.00,2044.00,-701.00,-25.5373,122382,61,C1_exact,19-59-83,ALTRO,MULTIPLA,3,1,1,0,59-83,3.00,0.00,-3.00,-100.0000,,,,,,,,,,,,,,,,
2026-09-08 16:40:51,2026-09-08,SPY_CLOSE_H3,200,,3,,,,,,,207,134,67,2745.00,2044.00,-701.00,-25.5373,122383,69,NC2_W5,51-39-21,ALTRO,MULTIPLA,3,1,0,0,51,3.00,0.00,-3.00,-100.0000,,,,,,,,,,,,,,,,
2026-09-08 16:40:51,2026-09-08,SPY_CLOSE_H3,200,,3,,,,,,,207,134,67,2745.00,2044.00,-701.00,-25.5373,122384,7,C1_exact,69-89-4,MOD5,MULTIPLA,3,1,1,0,69-89,3.00,0.00,-3.00,-100.0000,,,,,,,,,,,,,,,,
2026-09-08 16:40:51,2026-09-08,SPY_CLOSE_H3,200,,3,,,,,,,207,134,67,2745.00,2044.00,-701.00,-25.5373,122385,19,NC3_W5_gap,89-85-82,DECINA,MULTIPLA,3,1,0,0,89,3.00,0.00,-3.00,-100.0000,,,,,,,,,,,,,,,,
2026-09-08 16:40:51,2026-09-08,SPY_CLOSE_H3,200,,3,,,,,,,207,134,67,2745.00,2044.00,-701.00,-25.5373,122386,19,C1_exact,89-85-90,DECINA,MULTIPLA,3,1,0,0,89,3.00,0.00,-3.00,-100.0000,,,,,,,,,,,,,,,,
2026-09-08 16:40:51,2026-09-08,SPY_CLOSE_H3,200,,3,,,,,,,207,134,67,2745.00,2044.00,-701.00,-25.5373,122387,7,NC3_W5_gap,88-90-85,DECINA,MULTIPLA,3,1,0,0,88,3.00,0.00,-3.00,-100.0000,,,,,,,,,,,,,,,,
2026-09-08 16:40:51,2026-09-08,SPY_CLOSE_H3,200,,3,,,,,,,207,134,67,2745.00,2044.00,-701.00,-25.5373,122388,4,C1_exact,88-89-90,DECINA,MULTIPLA,3,1,1,0,88-89,3.00,0.00,-3.00,-100.0000,,,,,,,,,,,,,,,,
2026-09-08 16:40:51,2026-09-08,SPY_CLOSE_H3,200,,3,,,,,,,207,134,67,2745.00,2044.00,-701.00,-25.5373,122389,84,NC2_W5,90-87-88,DECINA,MULTIPLA,3,1,1,0,87-90,3.00,0.00,-3.00,-100.0000,,,,,,,,,,,,,,,,
2026-09-08 16:40:51,2026-09-08,SPY_CLOSE_H3,200,,3,,,,,,,207,134,67,2745.00,2044.00,-701.00,-25.5373,122390,24,C1_exact,88-69-87,ALTRO,MULTIPLA,3,1,1,0,69-88,3.00,0.00,-3.00,-100.0000,,,,,,,,,,,,,,,,
2026-09-08 16:40:51,2026-09-08,SPY_CLOSE_H3,200,,3,,,,,,,207,134,67,2745.00,2044.00,-701.00,-25.5373,122391,56,NC3_W5_gap,55-21-4,PONTE_55,FORTE,3,0,0,0,,3.00,0.00,-3.00,-100.0000,,,,,,,,,,,,,,,,
2026-09-08 16:40:51,2026-09-08,SPY_CLOSE_H2,200,,2,,,,,,,207,134,67,2745.00,2044.00,-701.00,-25.5373,122392,87,C1_exact,55-6-3,ALTRO,MULTIPLA,2,0,0,0,,2.00,0.00,-2.00,-100.0000,,,,,,,,,,,,,,,,
2026-09-08 16:40:51,2026-09-08,SPY_CLOSE_H2,200,,2,,,,,,,207,134,67,2745.00,2044.00,-701.00,-25.5373,122393,48,NC3_W5_gap,19-55-34,ALTRO,MULTIPLA,2,0,0,0,,2.00,0.00,-2.00,-100.0000,,,,,,,,,,,,,,,,
2026-09-08 16:40:51,2026-09-08,SPY_CLOSE_H2,200,,2,,,,,,,207,134,67,2745.00,2044.00,-701.00,-25.5373,122394,7,NC2_W5,8-15-25,ALTRO,MULTIPLA,2,0,0,0,,2.00,0.00,-2.00,-100.0000,,,,,,,,,,,,,,,,
2026-09-08 16:40:51,2026-09-08,SPY_CLOSE_H2,200,,2,,,,,,,207,134,67,2745.00,2044.00,-701.00,-25.5373,122395,10,NC2_W5,5-1-23,DECINA,MULTIPLA,2,1,0,0,1,2.00,0.00,-2.00,-100.0000,,,,,,,,,,,,,,,,
2026-09-08 16:40:51,2026-09-08,SPY_CLOSE_H2,200,,2,,,,,,,207,134,67,2745.00,2044.00,-701.00,-25.5373,122396,18,NC2_W5,16-11-44,DECINA,MULTIPLA,2,1,0,0,16,2.00,0.00,-2.00,-100.0000,,,,,,,,,,,,,,,,
2026-09-08 16:40:51,2026-09-08,SPY_CLOSE_H2,200,,2,,,,,,,207,134,67,2745.00,2044.00,-701.00,-25.5373,122397,18,NC2_W3_gap,90-88-89,DECINA,MULTIPLA,2,1,1,0,88-89,2.00,0.00,-2.00,-100.0000,,,,,,,,,,,,,,,,
2026-09-08 16:40:51,2026-09-08,SPY_CLOSE_H2,200,,2,,,,,,,207,134,67,2745.00,2044.00,-701.00,-25.5373,122398,22,NC2_W3_gap,89-88-90,DECINA,MULTIPLA,2,1,1,0,88-89,2.00,0.00,-2.00,-100.0000,,,,,,,,,,,,,,,,
2026-09-08 16:40:51,2026-09-08,SPY_CLOSE_H2,200,,2,,,,,,,207,134,67,2745.00,2044.00,-701.00,-25.5373,122399,34,C1_exact,58-77-62,ALTRO,MULTIPLA,2,1,0,0,62,2.00,0.00,-2.00,-100.0000,,,,,,,,,,,,,,,,
2026-09-08 16:40:51,2026-09-08,SPY_CLOSE_H2,200,,2,,,,,,,207,134,67,2745.00,2044.00,-701.00,-25.5373,122400,19,NC3_W5_gap,89-85-82,DECINA,MULTIPLA,2,1,0,0,89,2.00,0.00,-2.00,-100.0000,,,,,,,,,,,,,,,,
2026-09-08 16:40:51,2026-09-08,SPY_CLOSE_H2,200,,2,,,,,,,207,134,67,2745.00,2044.00,-701.00,-25.5373,122401,18,C1_exact,90-86-87,DECINA,MULTIPLA,2,1,1,0,87-90,2.00,0.00,-2.00,-100.0000,,,,,,,,,,,,,,,,
2026-09-08 16:40:51,2026-09-08,SPY_CLOSE_H2,200,,2,,,,,,,207,134,67,2745.00,2044.00,-701.00,-25.5373,122402,10,C1_exact,5-90-89,MOD5,NORMALE,2,1,0,0,89,2.00,0.00,-2.00,-100.0000,,,,,,,,,,,,,,,,
2026-09-08 16:40:51,2026-09-08,SPY_CLOSE_H1,200,,1,,,,,,,207,134,67,2745.00,2044.00,-701.00,-25.5373,122403,89,NC2_W3_gap,15-10-70,MOD5,MULTIPLA,1,1,0,0,10,1.00,0.00,-1.00,-100.0000,,,,,,,,,,,,,,,,
2026-09-08 16:40:51,2026-09-08,SPY_CLOSE_H1,200,,1,,,,,,,207,134,67,2745.00,2044.00,-701.00,-25.5373,122404,24,C3plus,9-60-8,ALTRO,MULTIPLA,1,0,0,0,,1.00,0.00,-1.00,-100.0000,,,,,,,,,,,,,,,,
2026-09-08 16:40:51,2026-09-08,SPY_CLOSE_H1,200,,1,,,,,,,207,134,67,2745.00,2044.00,-701.00,-25.5373,122405,89,C1_exact,55-70-33,ALTRO,MULTIPLA,1,0,0,0,,1.00,0.00,-1.00,-100.0000,,,,,,,,,,,,,,,,
2026-09-08 16:40:51,2026-09-08,SPY_CLOSE_H1,200,,1,,,,,,,207,134,67,2745.00,2044.00,-701.00,-25.5373,122406,50,NC2_W3_gap,45-39-25,MOD5,MULTIPLA,1,0,0,0,,1.00,0.00,-1.00,-100.0000,,,,,,,,,,,,,,,,
2026-09-08 16:40:51,2026-09-08,SPY_CLOSE_H1,200,,1,,,,,,,207,134,67,2745.00,2044.00,-701.00,-25.5373,122407,48,NC3_W5_gap,19-55-34,ALTRO,MULTIPLA,1,0,0,0,,1.00,0.00,-1.00,-100.0000,,,,,,,,,,,,,,,,
2026-09-08 16:40:51,2026-09-08,SPY_CLOSE_H1,200,,1,,,,,,,207,134,67,2745.00,2044.00,-701.00,-25.5373,122408,50,C1_exact,45-39-81,ALTRO,MULTIPLA,1,0,0,0,,1.00,0.00,-1.00,-100.0000,,,,,,,,,,,,,,,,
2026-09-08 16:40:51,2026-09-08,SPY_CLOSE_H1,200,,1,,,,,,,207,134,67,2745.00,2044.00,-701.00,-25.5373,122409,10,C2_exact,5-87-77,ALTRO,MULTIPLA,1,1,0,0,87,1.00,0.00,-1.00,-100.0000,,,,,,,,,,,,,,,,
2026-09-08 16:40:51,2026-09-08,SPY_CLOSE_H1,200,,1,,,,,,,207,134,67,2745.00,2044.00,-701.00,-25.5373,122410,10,NC3_W5_gap,11-78-77,ALTRO,MULTIPLA,1,0,0,0,,1.00,0.00,-1.00,-100.0000,,,,,,,,,,,,,,,,
2026-09-08 16:40:51,2026-09-08,SPY_CLOSE_H1,200,,1,,,,,,,207,134,67,2745.00,2044.00,-701.00,-25.5373,122411,18,NC2_W5,16-11-44,DECINA,MULTIPLA,1,1,0,0,44,1.00,0.00,-1.00,-100.0000,,,,,,,,,,,,,,,,
2026-09-08 16:40:51,2026-09-08,SPY_CLOSE_H1,200,,1,,,,,,,207,134,67,2745.00,2044.00,-701.00,-25.5373,122412,22,C2_exact,61-27-74,ALTRO,MULTIPLA,1,1,1,0,27-74,1.00,0.00,-1.00,-100.0000,,,,,,,,,,,,,,,,
2026-09-08 16:40:51,2026-09-08,SPY_CLOSE_H1,200,,1,,,,,,,207,134,67,2745.00,2044.00,-701.00,-25.5373,122413,19,NC2_W5,2-17-23,ALTRO,MULTIPLA,1,0,0,0,,1.00,0.00,-1.00,-100.0000,,,,,,,,,,,,,,,,
2026-09-08 16:40:51,2026-09-08,SPY_CLOSE_H1,200,,1,,,,,,,207,134,67,2745.00,2044.00,-701.00,-25.5373,122414,67,NC3_W5_gap,57-83-42,MOD5,MULTIPLA,1,1,0,0,83,1.00,0.00,-1.00,-100.0000,,,,,,,,,,,,,,,,
2026-09-08 16:40:51,2026-09-08,SPY_CLOSE_H1,200,,1,,,,,,,207,134,67,2745.00,2044.00,-701.00,-25.5373,122415,48,NC2_W3_gap,86-84-88,DECINA,MULTIPLA,1,0,0,0,,1.00,0.00,-1.00,-100.0000,,,,,,,,,,,,,,,,
2026-09-08 16:40:51,2026-09-08,SPY_CLOSE_H1,200,,1,,,,,,,207,134,67,2745.00,2044.00,-701.00,-25.5373,122416,89,NC2_W5,88-90-84,DECINA,MULTIPLA,1,1,0,0,90,1.00,0.00,-1.00,-100.0000,,,,,,,,,,,,,,,,
2026-09-08 16:40:51,2026-09-08,SPY_CLOSE_H1,200,,1,,,,,,,207,134,67,2745.00,2044.00,-701.00,-25.5373,122417,83,C2_exact,87-89-88,DECINA,MULTIPLA,1,1,0,0,87,1.00,0.00,-1.00,-100.0000,,,,,,,,,,,,,,,,
2026-09-08 16:40:51,2026-09-08,SPY_CLOSE_H1,200,,1,,,,,,,207,134,67,2745.00,2044.00,-701.00,-25.5373,122418,22,NC3_W5_gap,88-83-89,DECINA,MULTIPLA,1,1,0,0,83,1.00,0.00,-1.00,-100.0000,,,,,,,,,,,,,,,,
2026-09-08 16:40:51,2026-09-08,SPY_CLOSE_H1,200,,1,,,,,,,207,134,67,2745.00,2044.00,-701.00,-25.5373,122419,69,NC2_W5,51-39-21,ALTRO,MULTIPLA,1,1,0,0,51,1.00,0.00,-1.00,-100.0000,,,,,,,,,,,,,,,,
2026-09-08 16:40:51,2026-09-08,SPY_CLOSE_H1,200,,1,,,,,,,207,134,67,2745.00,2044.00,-701.00,-25.5373,122420,84,NC2_W5,90-87-88,DECINA,MULTIPLA,1,1,1,0,87-90,1.00,0.00,-1.00,-100.0000,,,,,,,,,,,,,,,,
2026-09-08 16:40:51,2026-09-08,SPY_CLOSE_H1,200,,1,,,,,,,207,134,67,2745.00,2044.00,-701.00,-25.5373,122421,16,C1_exact,88-90-59,ALTRO,MULTIPLA,1,1,0,0,90,1.00,0.00,-1.00,-100.0000,,,,,,,,,,,,,,,,
2026-09-08 16:40:51,2026-09-08,SPY_CLOSE_H1,200,,1,,,,,,,207,134,67,2745.00,2044.00,-701.00,-25.5373,122422,14,C1_exact,90-89-88,DECINA,MULTIPLA,1,1,0,0,90,1.00,0.00,-1.00,-100.0000,,,,,,,,,,,,,,,,
2026-09-08 16:40:51,2026-09-08,SPY_CLOSE_H1,200,,1,,,,,,,207,134,67,2745.00,2044.00,-701.00,-25.5373,122423,1,C1_exact,86-90-85,DECINA,MULTIPLA,1,1,0,0,90,1.00,0.00,-1.00,-100.0000,,,,,,,,,,,,,,,,
2026-09-08 16:40:51,2026-09-08,SPY_CLOSE_H1,200,,1,,,,,,,207,134,67,2745.00,2044.00,-701.00,-25.5373,122424,50,NC2_W5,45-40-35,ZONA_40,FORTE,1,1,0,0,40,1.00,0.00,-1.00,-100.0000,,,,,,,,,,,,,,,,
2026-09-08 16:40:51,2026-09-08,SUM9091_LAB_CLOSE,200,2076,10,35,,35-55-56,RAW_SUM_935_REPEAT_FROM_E23_GAP_167_BEST_3_3_H6,,,207,134,67,2745.00,2044.00,-701.00,-25.5373,,,,,,,,,,,,,,,,,,,,,,,,,,,,,,,
2026-09-08 16:40:51,2026-09-08,SPY_OPEN,200,,,,,,,,,207,134,67,2745.00,2044.00,-701.00,-25.5373,122425,10,C3plus,9-5-55,MOD5,MULTIPLA,,,,,,,,,,,,,,,,,,,,,,,,,
2026-09-08 16:40:51,2026-09-08,SPY_OPEN,200,,,,,,,,,207,134,67,2745.00,2044.00,-701.00,-25.5373,122426,24,C3plus,9-60-8,ALTRO,MULTIPLA,,,,,,,,,,,,,,,,,,,,,,,,,
2026-09-08 16:40:51,2026-09-08,SPY_OPEN,200,,,,,,,,,207,134,67,2745.00,2044.00,-701.00,-25.5373,122427,87,NC2_W3_gap,25-33-6,ALTRO,MULTIPLA,,,,,,,,,,,,,,,,,,,,,,,,,
2026-09-08 16:40:51,2026-09-08,SPY_OPEN,200,,,,,,,,,207,134,67,2745.00,2044.00,-701.00,-25.5373,122428,90,C1_exact,55-45-24,MOD5,MULTIPLA,,,,,,,,,,,,,,,,,,,,,,,,,
2026-09-08 16:40:51,2026-09-08,SPY_OPEN,200,,,,,,,,,207,134,67,2745.00,2044.00,-701.00,-25.5373,122429,87,C1_exact,55-6-3,ALTRO,MULTIPLA,,,,,,,,,,,,,,,,,,,,,,,,,
2026-09-08 16:40:51,2026-09-08,SPY_OPEN,200,,,,,,,,,207,134,67,2745.00,2044.00,-701.00,-25.5373,122430,48,NC3_W5_gap,19-55-34,ALTRO,MULTIPLA,,,,,,,,,,,,,,,,,,,,,,,,,
2026-09-08 16:40:51,2026-09-08,SPY_OPEN,200,,,,,,,,,207,134,67,2745.00,2044.00,-701.00,-25.5373,122431,14,C2_exact,2-40-76,ALTRO,MULTIPLA,,,,,,,,,,,,,,,,,,,,,,,,,
2026-09-08 16:40:51,2026-09-08,SPY_OPEN,200,,,,,,,,,207,134,67,2745.00,2044.00,-701.00,-25.5373,122432,7,NC2_W5,8-15-25,ALTRO,MULTIPLA,,,,,,,,,,,,,,,,,,,,,,,,,
2026-09-08 16:40:51,2026-09-08,SPY_OPEN,200,,,,,,,,,207,134,67,2745.00,2044.00,-701.00,-25.5373,122433,51,NC2_W5,63-45-66,ALTRO,MULTIPLA,,,,,,,,,,,,,,,,,,,,,,,,,
2026-09-08 16:40:51,2026-09-08,SPY_OPEN,200,,,,,,,,,207,134,67,2745.00,2044.00,-701.00,-25.5373,122434,18,NC2_W5,16-11-44,DECINA,MULTIPLA,,,,,,,,,,,,,,,,,,,,,,,,,
2026-09-08 16:40:51,2026-09-08,SPY_OPEN,200,,,,,,,,,207,134,67,2745.00,2044.00,-701.00,-25.5373,122435,89,NC2_W5,88-90-84,DECINA,MULTIPLA,,,,,,,,,,,,,,,,,,,,,,,,,
2026-09-08 16:40:51,2026-09-08,SPY_OPEN,200,,,,,,,,,207,134,67,2745.00,2044.00,-701.00,-25.5373,122436,87,NC2_W5,90-89-88,DECINA,MULTIPLA,,,,,,,,,,,,,,,,,,,,,,,,,
2026-09-08 16:40:51,2026-09-08,SPY_OPEN,200,,,,,,,,,207,134,67,2745.00,2044.00,-701.00,-25.5373,122437,22,NC3_W5_gap,88-83-89,DECINA,MULTIPLA,,,,,,,,,,,,,,,,,,,,,,,,,
2026-09-08 16:40:51,2026-09-08,SPY_OPEN,200,,,,,,,,,207,134,67,2745.00,2044.00,-701.00,-25.5373,122438,27,C1_exact,7-40-88,ALTRO,MULTIPLA,,,,,,,,,,,,,,,,,,,,,,,,,
2026-09-08 16:40:51,2026-09-08,SPY_OPEN,200,,,,,,,,,207,134,67,2745.00,2044.00,-701.00,-25.5373,122439,29,C1_exact,81-8-77,ALTRO,MULTIPLA,,,,,,,,,,,,,,,,,,,,,,,,,
2026-09-08 16:40:51,2026-09-08,SPY_OPEN,200,,,,,,,,,207,134,67,2745.00,2044.00,-701.00,-25.5373,122440,7,C1_exact,69-89-4,MOD5,MULTIPLA,,,,,,,,,,,,,,,,,,,,,,,,,
2026-09-08 16:40:51,2026-09-08,SPY_OPEN,200,,,,,,,,,207,134,67,2745.00,2044.00,-701.00,-25.5373,122441,13,C1_exact,89-90-50,ALTRO,MULTIPLA,,,,,,,,,,,,,,,,,,,,,,,,,
2026-09-08 16:40:51,2026-09-08,SPY_OPEN,200,,,,,,,,,207,134,67,2745.00,2044.00,-701.00,-25.5373,122442,84,NC2_W5,90-87-88,DECINA,MULTIPLA,,,,,,,,,,,,,,,,,,,,,,,,,
2026-09-08 16:40:51,2026-09-08,SPY_OPEN,200,,,,,,,,,207,134,67,2745.00,2044.00,-701.00,-25.5373,122443,50,NC2_W5,45-40-35,ZONA_40,FORTE,,,,,,,,,,,,,,,,,,,,,,,,,
2026-09-08 16:40:51,2026-09-08,SUM9091_RAW_REPEAT_DEGENERATE,200,,,90,,90-90-1,RAW_SUM_990_REPEAT_FROM_E48_NO_TRIAD,,,207,134,67,2745.00,2044.00,-701.00,-25.5373,,,,,,,,,,,,,,,,,,,,,,,,,,,,,,,
2026-09-08 16:46:02,2026-09-08,SPY_CLOSE_H3,201,,3,,,,,,,207,134,67,2745.00,2044.00,-701.00,-25.5373,122392,87,C1_exact,55-6-3,ALTRO,MULTIPLA,3,0,0,0,,3.00,0.00,-3.00,-100.0000,,,,,,,,,,,,,,,,
2026-09-08 16:46:02,2026-09-08,SPY_CLOSE_H3,201,,3,,,,,,,207,134,67,2745.00,2044.00,-701.00,-25.5373,122393,48,NC3_W5_gap,19-55-34,ALTRO,MULTIPLA,3,1,0,0,19,3.00,0.00,-3.00,-100.0000,,,,,,,,,,,,,,,,
2026-09-08 16:46:02,2026-09-08,SPY_CLOSE_H3,201,,3,,,,,,,207,134,67,2745.00,2044.00,-701.00,-25.5373,122394,7,NC2_W5,8-15-25,ALTRO,MULTIPLA,3,0,0,0,,3.00,0.00,-3.00,-100.0000,,,,,,,,,,,,,,,,
2026-09-08 16:46:02,2026-09-08,SPY_CLOSE_H3,201,,3,,,,,,,207,134,67,2745.00,2044.00,-701.00,-25.5373,122395,10,NC2_W5,5-1-23,DECINA,MULTIPLA,3,1,1,0,1-23,3.00,0.00,-3.00,-100.0000,,,,,,,,,,,,,,,,
2026-09-08 16:46:02,2026-09-08,SPY_CLOSE_H3,201,,3,,,,,,,207,134,67,2745.00,2044.00,-701.00,-25.5373,122396,18,NC2_W5,16-11-44,DECINA,MULTIPLA,3,1,0,0,16,3.00,0.00,-3.00,-100.0000,,,,,,,,,,,,,,,,
2026-09-08 16:46:02,2026-09-08,SPY_CLOSE_H3,201,,3,,,,,,,207,134,67,2745.00,2044.00,-701.00,-25.5373,122397,18,NC2_W3_gap,90-88-89,DECINA,MULTIPLA,3,1,1,0,88-89,3.00,0.00,-3.00,-100.0000,,,,,,,,,,,,,,,,
2026-09-08 16:46:02,2026-09-08,SPY_CLOSE_H3,201,,3,,,,,,,207,134,67,2745.00,2044.00,-701.00,-25.5373,122398,22,NC2_W3_gap,89-88-90,DECINA,MULTIPLA,3,1,1,0,88-89,3.00,0.00,-3.00,-100.0000,,,,,,,,,,,,,,,,
2026-09-08 16:46:02,2026-09-08,SPY_CLOSE_H3,201,,3,,,,,,,207,134,67,2745.00,2044.00,-701.00,-25.5373,122399,34,C1_exact,58-77-62,ALTRO,MULTIPLA,3,1,0,0,62,3.00,0.00,-3.00,-100.0000,,,,,,,,,,,,,,,,
2026-09-08 16:46:02,2026-09-08,SPY_CLOSE_H3,201,,3,,,,,,,207,134,67,2745.00,2044.00,-701.00,-25.5373,122400,19,NC3_W5_gap,89-85-82,DECINA,MULTIPLA,3,1,0,0,89,3.00,0.00,-3.00,-100.0000,,,,,,,,,,,,,,,,
2026-09-08 16:46:02,2026-09-08,SPY_CLOSE_H3,201,,3,,,,,,,207,134,67,2745.00,2044.00,-701.00,-25.5373,122401,18,C1_exact,90-86-87,DECINA,MULTIPLA,3,1,1,0,87-90,3.00,0.00,-3.00,-100.0000,,,,,,,,,,,,,,,,
2026-09-08 16:46:02,2026-09-08,SPY_CLOSE_H3,201,,3,,,,,,,207,134,67,2745.00,2044.00,-701.00,-25.5373,122402,10,C1_exact,5-90-89,MOD5,NORMALE,3,1,0,0,89,3.00,0.00,-3.00,-100.0000,,,,,,,,,,,,,,,,
2026-09-08 16:46:02,2026-09-08,SPY_CLOSE_H2,201,,2,,,,,,,207,134,67,2745.00,2044.00,-701.00,-25.5373,122403,89,NC2_W3_gap,15-10-70,MOD5,MULTIPLA,2,1,0,0,10,2.00,0.00,-2.00,-100.0000,,,,,,,,,,,,,,,,
2026-09-08 16:46:02,2026-09-08,SPY_CLOSE_H2,201,,2,,,,,,,207,134,67,2745.00,2044.00,-701.00,-25.5373,122404,24,C3plus,9-60-8,ALTRO,MULTIPLA,2,0,0,0,,2.00,0.00,-2.00,-100.0000,,,,,,,,,,,,,,,,
2026-09-08 16:46:02,2026-09-08,SPY_CLOSE_H2,201,,2,,,,,,,207,134,67,2745.00,2044.00,-701.00,-25.5373,122405,89,C1_exact,55-70-33,ALTRO,MULTIPLA,2,0,0,0,,2.00,0.00,-2.00,-100.0000,,,,,,,,,,,,,,,,
2026-09-08 16:46:02,2026-09-08,SPY_CLOSE_H2,201,,2,,,,,,,207,134,67,2745.00,2044.00,-701.00,-25.5373,122406,50,NC2_W3_gap,45-39-25,MOD5,MULTIPLA,2,1,0,0,45,2.00,0.00,-2.00,-100.0000,,,,,,,,,,,,,,,,
2026-09-08 16:46:02,2026-09-08,SPY_CLOSE_H2,201,,2,,,,,,,207,134,67,2745.00,2044.00,-701.00,-25.5373,122407,48,NC3_W5_gap,19-55-34,ALTRO,MULTIPLA,2,1,0,0,19,2.00,0.00,-2.00,-100.0000,,,,,,,,,,,,,,,,
2026-09-08 16:46:02,2026-09-08,SPY_CLOSE_H2,201,,2,,,,,,,207,134,67,2745.00,2044.00,-701.00,-25.5373,122408,50,C1_exact,45-39-81,ALTRO,MULTIPLA,2,1,0,0,45,2.00,0.00,-2.00,-100.0000,,,,,,,,,,,,,,,,
2026-09-08 16:46:02,2026-09-08,SPY_CLOSE_H2,201,,2,,,,,,,207,134,67,2745.00,2044.00,-701.00,-25.5373,122409,10,C2_exact,5-87-77,ALTRO,MULTIPLA,2,1,0,0,87,2.00,0.00,-2.00,-100.0000,,,,,,,,,,,,,,,,
2026-09-08 16:46:02,2026-09-08,SPY_CLOSE_H2,201,,2,,,,,,,207,134,67,2745.00,2044.00,-701.00,-25.5373,122410,10,NC3_W5_gap,11-78-77,ALTRO,MULTIPLA,2,1,0,0,78,2.00,0.00,-2.00,-100.0000,,,,,,,,,,,,,,,,
2026-09-08 16:46:02,2026-09-08,SPY_CLOSE_H2,201,,2,,,,,,,207,134,67,2745.00,2044.00,-701.00,-25.5373,122411,18,NC2_W5,16-11-44,DECINA,MULTIPLA,2,1,0,0,44,2.00,0.00,-2.00,-100.0000,,,,,,,,,,,,,,,,
2026-09-08 16:46:02,2026-09-08,SPY_CLOSE_H2,201,,2,,,,,,,207,134,67,2745.00,2044.00,-701.00,-25.5373,122412,22,C2_exact,61-27-74,ALTRO,MULTIPLA,2,1,1,0,27-74,2.00,0.00,-2.00,-100.0000,,,,,,,,,,,,,,,,
2026-09-08 16:46:02,2026-09-08,SPY_CLOSE_H2,201,,2,,,,,,,207,134,67,2745.00,2044.00,-701.00,-25.5373,122413,19,NC2_W5,2-17-23,ALTRO,MULTIPLA,2,1,0,0,23,2.00,0.00,-2.00,-100.0000,,,,,,,,,,,,,,,,
2026-09-08 16:46:02,2026-09-08,SPY_CLOSE_H2,201,,2,,,,,,,207,134,67,2745.00,2044.00,-701.00,-25.5373,122414,67,NC3_W5_gap,57-83-42,MOD5,MULTIPLA,2,1,0,0,83,2.00,0.00,-2.00,-100.0000,,,,,,,,,,,,,,,,
2026-09-08 16:46:02,2026-09-08,SPY_CLOSE_H2,201,,2,,,,,,,207,134,67,2745.00,2044.00,-701.00,-25.5373,122415,48,NC2_W3_gap,86-84-88,DECINA,MULTIPLA,2,1,0,0,88,2.00,0.00,-2.00,-100.0000,,,,,,,,,,,,,,,,
2026-09-08 16:46:02,2026-09-08,SPY_CLOSE_H2,201,,2,,,,,,,207,134,67,2745.00,2044.00,-701.00,-25.5373,122416,89,NC2_W5,88-90-84,DECINA,MULTIPLA,2,1,0,0,90,2.00,0.00,-2.00,-100.0000,,,,,,,,,,,,,,,,
2026-09-08 16:46:02,2026-09-08,SPY_CLOSE_H2,201,,2,,,,,,,207,134,67,2745.00,2044.00,-701.00,-25.5373,122417,83,C2_exact,87-89-88,DECINA,MULTIPLA,2,1,0,0,87,2.00,0.00,-2.00,-100.0000,,,,,,,,,,,,,,,,
2026-09-08 16:46:02,2026-09-08,SPY_CLOSE_H2,201,,2,,,,,,,207,134,67,2745.00,2044.00,-701.00,-25.5373,122418,22,NC3_W5_gap,88-83-89,DECINA,MULTIPLA,2,1,0,0,83,2.00,0.00,-2.00,-100.0000,,,,,,,,,,,,,,,,
2026-09-08 16:46:02,2026-09-08,SPY_CLOSE_H2,201,,2,,,,,,,207,134,67,2745.00,2044.00,-701.00,-25.5373,122419,69,NC2_W5,51-39-21,ALTRO,MULTIPLA,2,1,0,0,51,2.00,0.00,-2.00,-100.0000,,,,,,,,,,,,,,,,
2026-09-08 16:46:02,2026-09-08,SPY_CLOSE_H2,201,,2,,,,,,,207,134,67,2745.00,2044.00,-701.00,-25.5373,122420,84,NC2_W5,90-87-88,DECINA,MULTIPLA,2,1,1,0,87-90,2.00,0.00,-2.00,-100.0000,,,,,,,,,,,,,,,,
2026-09-08 16:46:02,2026-09-08,SPY_CLOSE_H2,201,,2,,,,,,,207,134,67,2745.00,2044.00,-701.00,-25.5373,122421,16,C1_exact,88-90-59,ALTRO,MULTIPLA,2,1,1,0,59-88,2.00,0.00,-2.00,-100.0000,,,,,,,,,,,,,,,,
2026-09-08 16:46:02,2026-09-08,SPY_CLOSE_H2,201,,2,,,,,,,207,134,67,2745.00,2044.00,-701.00,-25.5373,122422,14,C1_exact,90-89-88,DECINA,MULTIPLA,2,1,0,0,90,2.00,0.00,-2.00,-100.0000,,,,,,,,,,,,,,,,
2026-09-08 16:46:02,2026-09-08,SPY_CLOSE_H2,201,,2,,,,,,,207,134,67,2745.00,2044.00,-701.00,-25.5373,122423,1,C1_exact,86-90-85,DECINA,MULTIPLA,2,1,0,0,90,2.00,0.00,-2.00,-100.0000,,,,,,,,,,,,,,,,
2026-09-08 16:46:02,2026-09-08,SPY_CLOSE_H2,201,,2,,,,,,,207,134,67,2745.00,2044.00,-701.00,-25.5373,122424,50,NC2_W5,45-40-35,ZONA_40,FORTE,2,1,0,0,40,2.00,0.00,-2.00,-100.0000,,,,,,,,,,,,,,,,
2026-09-08 16:46:02,2026-09-08,SPY_CLOSE_H1,201,,1,,,,,,,207,134,67,2745.00,2044.00,-701.00,-25.5373,122425,10,C3plus,9-5-55,MOD5,MULTIPLA,1,0,0,0,,1.00,0.00,-1.00,-100.0000,,,,,,,,,,,,,,,,
2026-09-08 16:46:02,2026-09-08,SPY_CLOSE_H1,201,,1,,,,,,,207,134,67,2745.00,2044.00,-701.00,-25.5373,122426,24,C3plus,9-60-8,ALTRO,MULTIPLA,1,0,0,0,,1.00,0.00,-1.00,-100.0000,,,,,,,,,,,,,,,,
2026-09-08 16:46:02,2026-09-08,SPY_CLOSE_H1,201,,1,,,,,,,207,134,67,2745.00,2044.00,-701.00,-25.5373,122427,87,NC2_W3_gap,25-33-6,ALTRO,MULTIPLA,1,0,0,0,,1.00,0.00,-1.00,-100.0000,,,,,,,,,,,,,,,,
2026-09-08 16:46:02,2026-09-08,SPY_CLOSE_H1,201,,1,,,,,,,207,134,67,2745.00,2044.00,-701.00,-25.5373,122428,90,C1_exact,55-45-24,MOD5,MULTIPLA,1,1,1,0,24-45,1.00,0.00,-1.00,-100.0000,,,,,,,,,,,,,,,,
2026-09-08 16:46:02,2026-09-08,SPY_CLOSE_H1,201,,1,,,,,,,207,134,67,2745.00,2044.00,-701.00,-25.5373,122429,87,C1_exact,55-6-3,ALTRO,MULTIPLA,1,0,0,0,,1.00,0.00,-1.00,-100.0000,,,,,,,,,,,,,,,,
2026-09-08 16:46:02,2026-09-08,SPY_CLOSE_H1,201,,1,,,,,,,207,134,67,2745.00,2044.00,-701.00,-25.5373,122430,48,NC3_W5_gap,19-55-34,ALTRO,MULTIPLA,1,1,0,0,19,1.00,0.00,-1.00,-100.0000,,,,,,,,,,,,,,,,
2026-09-08 16:46:02,2026-09-08,SPY_CLOSE_H1,201,,1,,,,,,,207,134,67,2745.00,2044.00,-701.00,-25.5373,122431,14,C2_exact,2-40-76,ALTRO,MULTIPLA,1,0,0,0,,1.00,0.00,-1.00,-100.0000,,,,,,,,,,,,,,,,
2026-09-08 16:46:02,2026-09-08,SPY_CLOSE_H1,201,,1,,,,,,,207,134,67,2745.00,2044.00,-701.00,-25.5373,122432,7,NC2_W5,8-15-25,ALTRO,MULTIPLA,1,0,0,0,,1.00,0.00,-1.00,-100.0000,,,,,,,,,,,,,,,,
2026-09-08 16:46:02,2026-09-08,SPY_CLOSE_H1,201,,1,,,,,,,207,134,67,2745.00,2044.00,-701.00,-25.5373,122433,51,NC2_W5,63-45-66,ALTRO,MULTIPLA,1,1,0,0,45,1.00,0.00,-1.00,-100.0000,,,,,,,,,,,,,,,,
2026-09-08 16:46:02,2026-09-08,SPY_CLOSE_H1,201,,1,,,,,,,207,134,67,2745.00,2044.00,-701.00,-25.5373,122434,18,NC2_W5,16-11-44,DECINA,MULTIPLA,1,1,0,0,44,1.00,0.00,-1.00,-100.0000,,,,,,,,,,,,,,,,
2026-09-08 16:46:02,2026-09-08,SPY_CLOSE_H1,201,,1,,,,,,,207,134,67,2745.00,2044.00,-701.00,-25.5373,122435,89,NC2_W5,88-90-84,DECINA,MULTIPLA,1,1,0,0,88,1.00,0.00,-1.00,-100.0000,,,,,,,,,,,,,,,,
2026-09-08 16:46:02,2026-09-08,SPY_CLOSE_H1,201,,1,,,,,,,207,134,67,2745.00,2044.00,-701.00,-25.5373,122436,87,NC2_W5,90-89-88,DECINA,MULTIPLA,1,1,0,0,88,1.00,0.00,-1.00,-100.0000,,,,,,,,,,,,,,,,
2026-09-08 16:46:02,2026-09-08,SPY_CLOSE_H1,201,,1,,,,,,,207,134,67,2745.00,2044.00,-701.00,-25.5373,122437,22,NC3_W5_gap,88-83-89,DECINA,MULTIPLA,1,1,0,0,88,1.00,0.00,-1.00,-100.0000,,,,,,,,,,,,,,,,
2026-09-08 16:46:02,2026-09-08,SPY_CLOSE_H1,201,,1,,,,,,,207,134,67,2745.00,2044.00,-701.00,-25.5373,122438,27,C1_exact,7-40-88,ALTRO,MULTIPLA,1,1,0,0,88,1.00,0.00,-1.00,-100.0000,,,,,,,,,,,,,,,,
2026-09-08 16:46:02,2026-09-08,SPY_CLOSE_H1,201,,1,,,,,,,207,134,67,2745.00,2044.00,-701.00,-25.5373,122439,29,C1_exact,81-8-77,ALTRO,MULTIPLA,1,0,0,0,,1.00,0.00,-1.00,-100.0000,,,,,,,,,,,,,,,,
2026-09-08 16:46:02,2026-09-08,SPY_CLOSE_H1,201,,1,,,,,,,207,134,67,2745.00,2044.00,-701.00,-25.5373,122440,7,C1_exact,69-89-4,MOD5,MULTIPLA,1,0,0,0,,1.00,0.00,-1.00,-100.0000,,,,,,,,,,,,,,,,
2026-09-08 16:46:02,2026-09-08,SPY_CLOSE_H1,201,,1,,,,,,,207,134,67,2745.00,2044.00,-701.00,-25.5373,122441,13,C1_exact,89-90-50,ALTRO,MULTIPLA,1,1,0,0,50,1.00,0.00,-1.00,-100.0000,,,,,,,,,,,,,,,,
2026-09-08 16:46:02,2026-09-08,SPY_CLOSE_H1,201,,1,,,,,,,207,134,67,2745.00,2044.00,-701.00,-25.5373,122442,84,NC2_W5,90-87-88,DECINA,MULTIPLA,1,1,0,0,88,1.00,0.00,-1.00,-100.0000,,,,,,,,,,,,,,,,
2026-09-08 16:46:02,2026-09-08,SPY_CLOSE_H1,201,,1,,,,,,,207,134,67,2745.00,2044.00,-701.00,-25.5373,122443,50,NC2_W5,45-40-35,ZONA_40,FORTE,1,1,0,0,45,1.00,0.00,-1.00,-100.0000,,,,,,,,,,,,,,,,
2026-09-08 16:46:02,2026-09-08,SPY_OPEN,201,,,,,,,,,207,134,67,2745.00,2044.00,-701.00,-25.5373,122444,24,C3plus,9-60-8,ALTRO,MULTIPLA,,,,,,,,,,,,,,,,,,,,,,,,,
2026-09-08 16:46:02,2026-09-08,SPY_OPEN,201,,,,,,,,,207,134,67,2745.00,2044.00,-701.00,-25.5373,122445,88,NC2_W3_gap,67-6-55,ALTRO,MULTIPLA,,,,,,,,,,,,,,,,,,,,,,,,,
2026-09-08 16:46:02,2026-09-08,SPY_OPEN,201,,,,,,,,,207,134,67,2745.00,2044.00,-701.00,-25.5373,122446,67,C3plus,90-2-45,ALTRO,MULTIPLA,,,,,,,,,,,,,,,,,,,,,,,,,
2026-09-08 16:46:02,2026-09-08,SPY_OPEN,201,,,,,,,,,207,134,67,2745.00,2044.00,-701.00,-25.5373,122447,50,NC2_W3_gap,45-39-25,MOD5,MULTIPLA,,,,,,,,,,,,,,,,,,,,,,,,,
2026-09-08 16:46:02,2026-09-08,SPY_OPEN,201,,,,,,,,,207,134,67,2745.00,2044.00,-701.00,-25.5373,122448,50,C1_exact,45-39-81,ALTRO,MULTIPLA,,,,,,,,,,,,,,,,,,,,,,,,,
2026-09-08 16:46:02,2026-09-08,SPY_OPEN,201,,,,,,,,,207,134,67,2745.00,2044.00,-701.00,-25.5373,122449,13,C2_exact,43-61-70,ALTRO,MULTIPLA,,,,,,,,,,,,,,,,,,,,,,,,,
2026-09-08 16:46:02,2026-09-08,SPY_OPEN,201,,,,,,,,,207,134,67,2745.00,2044.00,-701.00,-25.5373,122450,44,C2_exact,67-77-43,ALTRO,MULTIPLA,,,,,,,,,,,,,,,,,,,,,,,,,
2026-09-08 16:46:02,2026-09-08,SPY_OPEN,201,,,,,,,,,207,134,67,2745.00,2044.00,-701.00,-25.5373,122451,85,C1_exact,55-49-48,ALTRO,MULTIPLA,,,,,,,,,,,,,,,,,,,,,,,,,
2026-09-08 16:46:02,2026-09-08,SPY_OPEN,201,,,,,,,,,207,134,67,2745.00,2044.00,-701.00,-25.5373,122452,7,NC2_W5,8-15-25,ALTRO,MULTIPLA,,,,,,,,,,,,,,,,,,,,,,,,,
2026-09-08 16:46:02,2026-09-08,SPY_OPEN,201,,,,,,,,,207,134,67,2745.00,2044.00,-701.00,-25.5373,122453,45,C1_exact,40-35-90,MOD5,MULTIPLA,,,,,,,,,,,,,,,,,,,,,,,,,
2026-09-08 16:46:02,2026-09-08,SPY_OPEN,201,,,,,,,,,207,134,67,2745.00,2044.00,-701.00,-25.5373,122454,19,NC2_W5,2-17-23,ALTRO,MULTIPLA,,,,,,,,,,,,,,,,,,,,,,,,,
2026-09-08 16:46:02,2026-09-08,SPY_OPEN,201,,,,,,,,,207,134,67,2745.00,2044.00,-701.00,-25.5373,122455,1,NC2_W3_gap,90-85-73,ALTRO,MULTIPLA,,,,,,,,,,,,,,,,,,,,,,,,,
2026-09-08 16:46:02,2026-09-08,SPY_OPEN,201,,,,,,,,,207,134,67,2745.00,2044.00,-701.00,-25.5373,122456,88,NC2_W5,89-90-87,DECINA,MULTIPLA,,,,,,,,,,,,,,,,,,,,,,,,,
2026-09-08 16:46:02,2026-09-08,SPY_OPEN,201,,,,,,,,,207,134,67,2745.00,2044.00,-701.00,-25.5373,122457,89,NC2_W5,88-90-84,DECINA,MULTIPLA,,,,,,,,,,,,,,,,,,,,,,,,,
2026-09-08 16:46:02,2026-09-08,SPY_OPEN,201,,,,,,,,,207,134,67,2745.00,2044.00,-701.00,-25.5373,122458,87,NC2_W5,90-89-88,DECINA,MULTIPLA,,,,,,,,,,,,,,,,,,,,,,,,,
2026-09-08 16:46:02,2026-09-08,SPY_OPEN,201,,,,,,,,,207,134,67,2745.00,2044.00,-701.00,-25.5373,122459,85,NC2_W5,89-90-88,DECINA,MULTIPLA,,,,,,,,,,,,,,,,,,,,,,,,,
2026-09-08 16:46:02,2026-09-08,SPY_OPEN,201,,,,,,,,,207,134,67,2745.00,2044.00,-701.00,-25.5373,122460,74,C2_exact,89-86-40,ALTRO,MULTIPLA,,,,,,,,,,,,,,,,,,,,,,,,,
2026-09-08 16:46:02,2026-09-08,SPY_OPEN,201,,,,,,,,,207,134,67,2745.00,2044.00,-701.00,-25.5373,122461,23,C1_exact,88-57-14,ALTRO,MULTIPLA,,,,,,,,,,,,,,,,,,,,,,,,,
2026-09-08 16:46:02,2026-09-08,SPY_OPEN,201,,,,,,,,,207,134,67,2745.00,2044.00,-701.00,-25.5373,122462,19,C1_exact,89-85-90,DECINA,MULTIPLA,,,,,,,,,,,,,,,,,,,,,,,,,
2026-09-08 16:46:02,2026-09-08,SPY_OPEN,201,,,,,,,,,207,134,67,2745.00,2044.00,-701.00,-25.5373,122463,84,NC2_W5,90-87-88,DECINA,MULTIPLA,,,,,,,,,,,,,,,,,,,,,,,,,
2026-09-08 16:46:02,2026-09-08,SPY_OPEN,201,,,,,,,,,207,134,67,2745.00,2044.00,-701.00,-25.5373,122464,1,C1_exact,86-90-85,DECINA,MULTIPLA,,,,,,,,,,,,,,,,,,,,,,,,,
2026-09-08 16:46:02,2026-09-08,SPY_OPEN,201,,,,,,,,,207,134,67,2745.00,2044.00,-701.00,-25.5373,122465,50,NC3_W5_gap,45-40-20,ZONA_40,FORTE,,,,,,,,,,,,,,,,,,,,,,,,,
2026-09-08 16:46:02,2026-09-08,SPY_OPEN,201,,,,,,,,,207,134,67,2745.00,2044.00,-701.00,-25.5373,122466,56,NC3_W5_gap,55-21-4,PONTE_55,FORTE,,,,,,,,,,,,,,,,,,,,,,,,,
2026-09-08 16:51:13,2026-09-08,SPY_CLOSE_H3,202,,3,,,,,,,207,134,67,2745.00,2044.00,-701.00,-25.5373,122403,89,NC2_W3_gap,15-10-70,MOD5,MULTIPLA,3,1,0,0,10,3.00,0.00,-3.00,-100.0000,,,,,,,,,,,,,,,,
2026-09-08 16:51:13,2026-09-08,SPY_CLOSE_H3,202,,3,,,,,,,207,134,67,2745.00,2044.00,-701.00,-25.5373,122404,24,C3plus,9-60-8,ALTRO,MULTIPLA,3,0,0,0,,3.00,0.00,-3.00,-100.0000,,,,,,,,,,,,,,,,
2026-09-08 16:51:13,2026-09-08,SPY_CLOSE_H3,202,,3,,,,,,,207,134,67,2745.00,2044.00,-701.00,-25.5373,122405,89,C1_exact,55-70-33,ALTRO,MULTIPLA,3,1,0,0,70,3.00,0.00,-3.00,-100.0000,,,,,,,,,,,,,,,,
2026-09-08 16:51:13,2026-09-08,SPY_CLOSE_H3,202,,3,,,,,,,207,134,67,2745.00,2044.00,-701.00,-25.5373,122406,50,NC2_W3_gap,45-39-25,MOD5,MULTIPLA,3,1,1,0,25-45,3.00,0.00,-3.00,-100.0000,,,,,,,,,,,,,,,,
2026-09-08 16:51:13,2026-09-08,SPY_CLOSE_H3,202,,3,,,,,,,207,134,67,2745.00,2044.00,-701.00,-25.5373,122407,48,NC3_W5_gap,19-55-34,ALTRO,MULTIPLA,3,1,0,0,19,3.00,0.00,-3.00,-100.0000,,,,,,,,,,,,,,,,
2026-09-08 16:51:13,2026-09-08,SPY_CLOSE_H3,202,,3,,,,,,,207,134,67,2745.00,2044.00,-701.00,-25.5373,122408,50,C1_exact,45-39-81,ALTRO,MULTIPLA,3,1,0,0,45,3.00,0.00,-3.00,-100.0000,,,,,,,,,,,,,,,,
2026-09-08 16:51:13,2026-09-08,SPY_CLOSE_H3,202,,3,,,,,,,207,134,67,2745.00,2044.00,-701.00,-25.5373,122409,10,C2_exact,5-87-77,ALTRO,MULTIPLA,3,1,0,0,87,3.00,0.00,-3.00,-100.0000,,,,,,,,,,,,,,,,
2026-09-08 16:51:13,2026-09-08,SPY_CLOSE_H3,202,,3,,,,,,,207,134,67,2745.00,2044.00,-701.00,-25.5373,122410,10,NC3_W5_gap,11-78-77,ALTRO,MULTIPLA,3,1,0,0,78,3.00,0.00,-3.00,-100.0000,,,,,,,,,,,,,,,,
2026-09-08 16:51:13,2026-09-08,SPY_CLOSE_H3,202,,3,,,,,,,207,134,67,2745.00,2044.00,-701.00,-25.5373,122411,18,NC2_W5,16-11-44,DECINA,MULTIPLA,3,1,0,0,44,3.00,0.00,-3.00,-100.0000,,,,,,,,,,,,,,,,
2026-09-08 16:51:13,2026-09-08,SPY_CLOSE_H3,202,,3,,,,,,,207,134,67,2745.00,2044.00,-701.00,-25.5373,122412,22,C2_exact,61-27-74,ALTRO,MULTIPLA,3,1,1,0,27-74,3.00,0.00,-3.00,-100.0000,,,,,,,,,,,,,,,,
2026-09-08 16:51:13,2026-09-08,SPY_CLOSE_H3,202,,3,,,,,,,207,134,67,2745.00,2044.00,-701.00,-25.5373,122413,19,NC2_W5,2-17-23,ALTRO,MULTIPLA,3,1,1,0,2-17,3.00,0.00,-3.00,-100.0000,,,,,,,,,,,,,,,,
2026-09-08 16:51:13,2026-09-08,SPY_CLOSE_H3,202,,3,,,,,,,207,134,67,2745.00,2044.00,-701.00,-25.5373,122414,67,NC3_W5_gap,57-83-42,MOD5,MULTIPLA,3,1,0,0,83,3.00,0.00,-3.00,-100.0000,,,,,,,,,,,,,,,,
2026-09-08 16:51:13,2026-09-08,SPY_CLOSE_H3,202,,3,,,,,,,207,134,67,2745.00,2044.00,-701.00,-25.5373,122415,48,NC2_W3_gap,86-84-88,DECINA,MULTIPLA,3,1,0,0,88,3.00,0.00,-3.00,-100.0000,,,,,,,,,,,,,,,,
2026-09-08 16:51:13,2026-09-08,SPY_CLOSE_H3,202,,3,,,,,,,207,134,67,2745.00,2044.00,-701.00,-25.5373,122416,89,NC2_W5,88-90-84,DECINA,MULTIPLA,3,1,0,0,90,3.00,0.00,-3.00,-100.0000,,,,,,,,,,,,,,,,
2026-09-08 16:51:13,2026-09-08,SPY_CLOSE_H3,202,,3,,,,,,,207,134,67,2745.00,2044.00,-701.00,-25.5373,122417,83,C2_exact,87-89-88,DECINA,MULTIPLA,3,1,0,0,87,3.00,0.00,-3.00,-100.0000,,,,,,,,,,,,,,,,
2026-09-08 16:51:13,2026-09-08,SPY_CLOSE_H3,202,,3,,,,,,,207,134,67,2745.00,2044.00,-701.00,-25.5373,122418,22,NC3_W5_gap,88-83-89,DECINA,MULTIPLA,3,1,0,0,83,3.00,0.00,-3.00,-100.0000,,,,,,,,,,,,,,,,
2026-09-08 16:51:13,2026-09-08,SPY_CLOSE_H3,202,,3,,,,,,,207,134,67,2745.00,2044.00,-701.00,-25.5373,122419,69,NC2_W5,51-39-21,ALTRO,MULTIPLA,3,1,1,0,21-51,3.00,0.00,-3.00,-100.0000,,,,,,,,,,,,,,,,
2026-09-08 16:51:13,2026-09-08,SPY_CLOSE_H3,202,,3,,,,,,,207,134,67,2745.00,2044.00,-701.00,-25.5373,122420,84,NC2_W5,90-87-88,DECINA,MULTIPLA,3,1,1,0,87-90,3.00,0.00,-3.00,-100.0000,,,,,,,,,,,,,,,,
2026-09-08 16:51:13,2026-09-08,SPY_CLOSE_H3,202,,3,,,,,,,207,134,67,2745.00,2044.00,-701.00,-25.5373,122421,16,C1_exact,88-90-59,ALTRO,MULTIPLA,3,1,1,0,59-88,3.00,0.00,-3.00,-100.0000,,,,,,,,,,,,,,,,
2026-09-08 16:51:13,2026-09-08,SPY_CLOSE_H3,202,,3,,,,,,,207,134,67,2745.00,2044.00,-701.00,-25.5373,122422,14,C1_exact,90-89-88,DECINA,MULTIPLA,3,1,0,0,90,3.00,0.00,-3.00,-100.0000,,,,,,,,,,,,,,,,
2026-09-08 16:51:13,2026-09-08,SPY_CLOSE_H3,202,,3,,,,,,,207,134,67,2745.00,2044.00,-701.00,-25.5373,122423,1,C1_exact,86-90-85,DECINA,MULTIPLA,3,1,0,0,90,3.00,0.00,-3.00,-100.0000,,,,,,,,,,,,,,,,
2026-09-08 16:51:13,2026-09-08,SPY_CLOSE_H3,202,,3,,,,,,,207,134,67,2745.00,2044.00,-701.00,-25.5373,122424,50,NC2_W5,45-40-35,ZONA_40,FORTE,3,1,1,0,40-45,3.00,0.00,-3.00,-100.0000,,,,,,,,,,,,,,,,
2026-09-08 16:51:13,2026-09-08,SPY_CLOSE_H2,202,,2,,,,,,,207,134,67,2745.00,2044.00,-701.00,-25.5373,122425,10,C3plus,9-5-55,MOD5,MULTIPLA,2,0,0,0,,2.00,0.00,-2.00,-100.0000,,,,,,,,,,,,,,,,
2026-09-08 16:51:13,2026-09-08,SPY_CLOSE_H2,202,,2,,,,,,,207,134,67,2745.00,2044.00,-701.00,-25.5373,122426,24,C3plus,9-60-8,ALTRO,MULTIPLA,2,0,0,0,,2.00,0.00,-2.00,-100.0000,,,,,,,,,,,,,,,,
2026-09-08 16:51:13,2026-09-08,SPY_CLOSE_H2,202,,2,,,,,,,207,134,67,2745.00,2044.00,-701.00,-25.5373,122427,87,NC2_W3_gap,25-33-6,ALTRO,MULTIPLA,2,1,0,0,25,2.00,0.00,-2.00,-100.0000,,,,,,,,,,,,,,,,
2026-09-08 16:51:13,2026-09-08,SPY_CLOSE_H2,202,,2,,,,,,,207,134,67,2745.00,2044.00,-701.00,-25.5373,122428,90,C1_exact,55-45-24,MOD5,MULTIPLA,2,1,1,0,24-45,2.00,0.00,-2.00,-100.0000,,,,,,,,,,,,,,,,
2026-09-08 16:51:13,2026-09-08,SPY_CLOSE_H2,202,,2,,,,,,,207,134,67,2745.00,2044.00,-701.00,-25.5373,122429,87,C1_exact,55-6-3,ALTRO,MULTIPLA,2,0,0,0,,2.00,0.00,-2.00,-100.0000,,,,,,,,,,,,,,,,
2026-09-08 16:51:13,2026-09-08,SPY_CLOSE_H2,202,,2,,,,,,,207,134,67,2745.00,2044.00,-701.00,-25.5373,122430,48,NC3_W5_gap,19-55-34,ALTRO,MULTIPLA,2,1,0,0,19,2.00,0.00,-2.00,-100.0000,,,,,,,,,,,,,,,,
2026-09-08 16:51:13,2026-09-08,SPY_CLOSE_H2,202,,2,,,,,,,207,134,67,2745.00,2044.00,-701.00,-25.5373,122431,14,C2_exact,2-40-76,ALTRO,MULTIPLA,2,1,1,0,2-40,2.00,0.00,-2.00,-100.0000,,,,,,,,,,,,,,,,
2026-09-08 16:51:13,2026-09-08,SPY_CLOSE_H2,202,,2,,,,,,,207,134,67,2745.00,2044.00,-701.00,-25.5373,122432,7,NC2_W5,8-15-25,ALTRO,MULTIPLA,2,1,0,0,25,2.00,0.00,-2.00,-100.0000,,,,,,,,,,,,,,,,
2026-09-08 16:51:13,2026-09-08,SPY_CLOSE_H2,202,,2,,,,,,,207,134,67,2745.00,2044.00,-701.00,-25.5373,122433,51,NC2_W5,63-45-66,ALTRO,MULTIPLA,2,1,0,0,45,2.00,0.00,-2.00,-100.0000,,,,,,,,,,,,,,,,
2026-09-08 16:51:13,2026-09-08,SPY_CLOSE_H2,202,,2,,,,,,,207,134,67,2745.00,2044.00,-701.00,-25.5373,122434,18,NC2_W5,16-11-44,DECINA,MULTIPLA,2,1,0,0,44,2.00,0.00,-2.00,-100.0000,,,,,,,,,,,,,,,,
2026-09-08 16:51:13,2026-09-08,SPY_CLOSE_H2,202,,2,,,,,,,207,134,67,2745.00,2044.00,-701.00,-25.5373,122435,89,NC2_W5,88-90-84,DECINA,MULTIPLA,2,1,0,0,88,2.00,0.00,-2.00,-100.0000,,,,,,,,,,,,,,,,
2026-09-08 16:51:13,2026-09-08,SPY_CLOSE_H2,202,,2,,,,,,,207,134,67,2745.00,2044.00,-701.00,-25.5373,122436,87,NC2_W5,90-89-88,DECINA,MULTIPLA,2,1,0,0,88,2.00,0.00,-2.00,-100.0000,,,,,,,,,,,,,,,,
2026-09-08 16:51:13,2026-09-08,SPY_CLOSE_H2,202,,2,,,,,,,207,134,67,2745.00,2044.00,-701.00,-25.5373,122437,22,NC3_W5_gap,88-83-89,DECINA,MULTIPLA,2,1,0,0,88,2.00,0.00,-2.00,-100.0000,,,,,,,,,,,,,,,,
2026-09-08 16:51:13,2026-09-08,SPY_CLOSE_H2,202,,2,,,,,,,207,134,67,2745.00,2044.00,-701.00,-25.5373,122438,27,C1_exact,7-40-88,ALTRO,MULTIPLA,2,1,0,0,88,2.00,0.00,-2.00,-100.0000,,,,,,,,,,,,,,,,
2026-09-08 16:51:13,2026-09-08,SPY_CLOSE_H2,202,,2,,,,,,,207,134,67,2745.00,2044.00,-701.00,-25.5373,122439,29,C1_exact,81-8-77,ALTRO,MULTIPLA,2,0,0,0,,2.00,0.00,-2.00,-100.0000,,,,,,,,,,,,,,,,
2026-09-08 16:51:13,2026-09-08,SPY_CLOSE_H2,202,,2,,,,,,,207,134,67,2745.00,2044.00,-701.00,-25.5373,122440,7,C1_exact,69-89-4,MOD5,MULTIPLA,2,0,0,0,,2.00,0.00,-2.00,-100.0000,,,,,,,,,,,,,,,,
2026-09-08 16:51:13,2026-09-08,SPY_CLOSE_H2,202,,2,,,,,,,207,134,67,2745.00,2044.00,-701.00,-25.5373,122441,13,C1_exact,89-90-50,ALTRO,MULTIPLA,2,1,0,0,50,2.00,0.00,-2.00,-100.0000,,,,,,,,,,,,,,,,
2026-09-08 16:51:13,2026-09-08,SPY_CLOSE_H2,202,,2,,,,,,,207,134,67,2745.00,2044.00,-701.00,-25.5373,122442,84,NC2_W5,90-87-88,DECINA,MULTIPLA,2,1,0,0,88,2.00,0.00,-2.00,-100.0000,,,,,,,,,,,,,,,,
2026-09-08 16:51:13,2026-09-08,SPY_CLOSE_H2,202,,2,,,,,,,207,134,67,2745.00,2044.00,-701.00,-25.5373,122443,50,NC2_W5,45-40-35,ZONA_40,FORTE,2,1,1,0,40-45,2.00,0.00,-2.00,-100.0000,,,,,,,,,,,,,,,,
2026-09-08 16:51:13,2026-09-08,SPY_CLOSE_H1,202,,1,,,,,,,207,134,67,2745.00,2044.00,-701.00,-25.5373,122444,24,C3plus,9-60-8,ALTRO,MULTIPLA,1,0,0,0,,1.00,0.00,-1.00,-100.0000,,,,,,,,,,,,,,,,
2026-09-08 16:51:13,2026-09-08,SPY_CLOSE_H1,202,,1,,,,,,,207,134,67,2745.00,2044.00,-701.00,-25.5373,122445,88,NC2_W3_gap,67-6-55,ALTRO,MULTIPLA,1,0,0,0,,1.00,0.00,-1.00,-100.0000,,,,,,,,,,,,,,,,
2026-09-08 16:51:13,2026-09-08,SPY_CLOSE_H1,202,,1,,,,,,,207,134,67,2745.00,2044.00,-701.00,-25.5373,122446,67,C3plus,90-2-45,ALTRO,MULTIPLA,1,1,1,0,2-45,1.00,0.00,-1.00,-100.0000,,,,,,,,,,,,,,,,
2026-09-08 16:51:13,2026-09-08,SPY_CLOSE_H1,202,,1,,,,,,,207,134,67,2745.00,2044.00,-701.00,-25.5373,122447,50,NC2_W3_gap,45-39-25,MOD5,MULTIPLA,1,1,1,0,25-45,1.00,0.00,-1.00,-100.0000,,,,,,,,,,,,,,,,
2026-09-08 16:51:13,2026-09-08,SPY_CLOSE_H1,202,,1,,,,,,,207,134,67,2745.00,2044.00,-701.00,-25.5373,122448,50,C1_exact,45-39-81,ALTRO,MULTIPLA,1,1,0,0,45,1.00,0.00,-1.00,-100.0000,,,,,,,,,,,,,,,,
2026-09-08 16:51:13,2026-09-08,SPY_CLOSE_H1,202,,1,,,,,,,207,134,67,2745.00,2044.00,-701.00,-25.5373,122449,13,C2_exact,43-61-70,ALTRO,MULTIPLA,1,1,0,0,70,1.00,0.00,-1.00,-100.0000,,,,,,,,,,,,,,,,
2026-09-08 16:51:13,2026-09-08,SPY_CLOSE_H1,202,,1,,,,,,,207,134,67,2745.00,2044.00,-701.00,-25.5373,122450,44,C2_exact,67-77-43,ALTRO,MULTIPLA,1,0,0,0,,1.00,0.00,-1.00,-100.0000,,,,,,,,,,,,,,,,
2026-09-08 16:51:13,2026-09-08,SPY_CLOSE_H1,202,,1,,,,,,,207,134,67,2745.00,2044.00,-701.00,-25.5373,122451,85,C1_exact,55-49-48,ALTRO,MULTIPLA,1,0,0,0,,1.00,0.00,-1.00,-100.0000,,,,,,,,,,,,,,,,
2026-09-08 16:51:13,2026-09-08,SPY_CLOSE_H1,202,,1,,,,,,,207,134,67,2745.00,2044.00,-701.00,-25.5373,122452,7,NC2_W5,8-15-25,ALTRO,MULTIPLA,1,1,0,0,25,1.00,0.00,-1.00,-100.0000,,,,,,,,,,,,,,,,
2026-09-08 16:51:13,2026-09-08,SPY_CLOSE_H1,202,,1,,,,,,,207,134,67,2745.00,2044.00,-701.00,-25.5373,122453,45,C1_exact,40-35-90,MOD5,MULTIPLA,1,1,0,0,40,1.00,0.00,-1.00,-100.0000,,,,,,,,,,,,,,,,
2026-09-08 16:51:13,2026-09-08,SPY_CLOSE_H1,202,,1,,,,,,,207,134,67,2745.00,2044.00,-701.00,-25.5373,122454,19,NC2_W5,2-17-23,ALTRO,MULTIPLA,1,1,1,0,2-17,1.00,0.00,-1.00,-100.0000,,,,,,,,,,,,,,,,
2026-09-08 16:51:13,2026-09-08,SPY_CLOSE_H1,202,,1,,,,,,,207,134,67,2745.00,2044.00,-701.00,-25.5373,122455,1,NC2_W3_gap,90-85-73,ALTRO,MULTIPLA,1,0,0,0,,1.00,0.00,-1.00,-100.0000,,,,,,,,,,,,,,,,
2026-09-08 16:51:13,2026-09-08,SPY_CLOSE_H1,202,,1,,,,,,,207,134,67,2745.00,2044.00,-701.00,-25.5373,122456,88,NC2_W5,89-90-87,DECINA,MULTIPLA,1,1,0,0,87,1.00,0.00,-1.00,-100.0000,,,,,,,,,,,,,,,,
2026-09-08 16:51:13,2026-09-08,SPY_CLOSE_H1,202,,1,,,,,,,207,134,67,2745.00,2044.00,-701.00,-25.5373,122457,89,NC2_W5,88-90-84,DECINA,MULTIPLA,1,0,0,0,,1.00,0.00,-1.00,-100.0000,,,,,,,,,,,,,,,,
2026-09-08 16:51:13,2026-09-08,SPY_CLOSE_H1,202,,1,,,,,,,207,134,67,2745.00,2044.00,-701.00,-25.5373,122458,87,NC2_W5,90-89-88,DECINA,MULTIPLA,1,0,0,0,,1.00,0.00,-1.00,-100.0000,,,,,,,,,,,,,,,,
2026-09-08 16:51:13,2026-09-08,SPY_CLOSE_H1,202,,1,,,,,,,207,134,67,2745.00,2044.00,-701.00,-25.5373,122459,85,NC2_W5,89-90-88,DECINA,MULTIPLA,1,0,0,0,,1.00,0.00,-1.00,-100.0000,,,,,,,,,,,,,,,,
2026-09-08 16:51:13,2026-09-08,SPY_CLOSE_H1,202,,1,,,,,,,207,134,67,2745.00,2044.00,-701.00,-25.5373,122460,74,C2_exact,89-86-40,ALTRO,MULTIPLA,1,1,0,0,40,1.00,0.00,-1.00,-100.0000,,,,,,,,,,,,,,,,
2026-09-08 16:51:13,2026-09-08,SPY_CLOSE_H1,202,,1,,,,,,,207,134,67,2745.00,2044.00,-701.00,-25.5373,122461,23,C1_exact,88-57-14,ALTRO,MULTIPLA,1,1,1,0,14-57,1.00,0.00,-1.00,-100.0000,,,,,,,,,,,,,,,,
2026-09-08 16:51:13,2026-09-08,SPY_CLOSE_H1,202,,1,,,,,,,207,134,67,2745.00,2044.00,-701.00,-25.5373,122462,19,C1_exact,89-85-90,DECINA,MULTIPLA,1,0,0,0,,1.00,0.00,-1.00,-100.0000,,,,,,,,,,,,,,,,
2026-09-08 16:51:13,2026-09-08,SPY_CLOSE_H1,202,,1,,,,,,,207,134,67,2745.00,2044.00,-701.00,-25.5373,122463,84,NC2_W5,90-87-88,DECINA,MULTIPLA,1,1,0,0,87,1.00,0.00,-1.00,-100.0000,,,,,,,,,,,,,,,,
2026-09-08 16:51:13,2026-09-08,SPY_CLOSE_H1,202,,1,,,,,,,207,134,67,2745.00,2044.00,-701.00,-25.5373,122464,1,C1_exact,86-90-85,DECINA,MULTIPLA,1,0,0,0,,1.00,0.00,-1.00,-100.0000,,,,,,,,,,,,,,,,
2026-09-08 16:51:13,2026-09-08,SPY_CLOSE_H1,202,,1,,,,,,,207,134,67,2745.00,2044.00,-701.00,-25.5373,122465,50,NC3_W5_gap,45-40-20,ZONA_40,FORTE,1,1,1,1,20-40-45,1.00,45.00,44.00,4400.0000,,,,,,,,,,,,,,,,
2026-09-08 16:51:13,2026-09-08,SPY_CLOSE_H1,202,,1,,,,,,,207,134,67,2745.00,2044.00,-701.00,-25.5373,122466,56,NC3_W5_gap,55-21-4,PONTE_55,FORTE,1,1,0,0,21,1.00,0.00,-1.00,-100.0000,,,,,,,,,,,,,,,,
2026-09-08 16:51:13,2026-09-08,SUM9091_LAB_CLOSE,202,2077,10,39,,39-51-52,RAW_SUM_939_REPEAT_FROM_E123_GAP_69_BEST_1_3_H1,,,207,134,67,2745.00,2044.00,-701.00,-25.5373,,,,,,,,,,,,,,,,,,,,,,,,,,,,,,,
2026-09-08 16:51:13,2026-09-08,PAIRLAB_STOP,202,,,,,,,,,207,134,67,2745.00,2044.00,-701.00,-25.5373,,,,,,,,,,,,,,,,,3,,88-90,STOP_H3,,,,,,,,,,,
2026-09-08 16:51:13,2026-09-08,STRICTLAB_FORWARD_STOP,202,,,,,,,,,207,134,67,2745.00,2044.00,-701.00,-25.5373,,,,,,,,,,,,,,,,,3,,88-90,FORWARD_STOP_H3,,,,,,,,,,,
2026-09-08 16:51:13,2026-09-08,SPY_OPEN,202,,,,,,,,,207,134,67,2745.00,2044.00,-701.00,-25.5373,122467,87,NC3_W5_gap,6-62-37,MOD5,MULTIPLA,,,,,,,,,,,,,,,,,,,,,,,,,
2026-09-08 16:51:13,2026-09-08,SPY_OPEN,202,,,,,,,,,207,134,67,2745.00,2044.00,-701.00,-25.5373,122468,45,C2_exact,40-35-30,MOD5,MULTIPLA,,,,,,,,,,,,,,,,,,,,,,,,,
2026-09-08 16:51:13,2026-09-08,SPY_OPEN,202,,,,,,,,,207,134,67,2745.00,2044.00,-701.00,-25.5373,122469,87,NC2_W3_gap,25-33-6,ALTRO,MULTIPLA,,,,,,,,,,,,,,,,,,,,,,,,,
2026-09-08 16:51:13,2026-09-08,SPY_OPEN,202,,,,,,,,,207,134,67,2745.00,2044.00,-701.00,-25.5373,122470,87,C1_exact,55-6-3,ALTRO,MULTIPLA,,,,,,,,,,,,,,,,,,,,,,,,,
2026-09-08 16:51:13,2026-09-08,SPY_OPEN,202,,,,,,,,,207,134,67,2745.00,2044.00,-701.00,-25.5373,122471,29,NC2_W3_gap,81-32-42,ALTRO,MULTIPLA,,,,,,,,,,,,,,,,,,,,,,,,,
2026-09-08 16:51:13,2026-09-08,SPY_OPEN,202,,,,,,,,,207,134,67,2745.00,2044.00,-701.00,-25.5373,122472,40,NC2_W3_gap,35-32-43,DECINA,MULTIPLA,,,,,,,,,,,,,,,,,,,,,,,,,
2026-09-08 16:51:13,2026-09-08,SPY_OPEN,202,,,,,,,,,207,134,67,2745.00,2044.00,-701.00,-25.5373,122473,56,C2_exact,52-61-47,ALTRO,MULTIPLA,,,,,,,,,,,,,,,,,,,,,,,,,
2026-09-08 16:51:13,2026-09-08,SPY_OPEN,202,,,,,,,,,207,134,67,2745.00,2044.00,-701.00,-25.5373,122474,51,NC2_W5,63-45-66,ALTRO,MULTIPLA,,,,,,,,,,,,,,,,,,,,,,,,,
2026-09-08 16:51:13,2026-09-08,SPY_OPEN,202,,,,,,,,,207,134,67,2745.00,2044.00,-701.00,-25.5373,122475,25,C1_exact,20-90-36,MOD5,MULTIPLA,,,,,,,,,,,,,,,,,,,,,,,,,
2026-09-08 16:51:13,2026-09-08,SPY_OPEN,202,,,,,,,,,207,134,67,2745.00,2044.00,-701.00,-25.5373,122476,18,NC2_W5,16-11-44,DECINA,MULTIPLA,,,,,,,,,,,,,,,,,,,,,,,,,
2026-09-08 16:51:13,2026-09-08,SPY_OPEN,202,,,,,,,,,207,134,67,2745.00,2044.00,-701.00,-25.5373,122477,88,NC2_W5,89-90-87,DECINA,MULTIPLA,,,,,,,,,,,,,,,,,,,,,,,,,
2026-09-08 16:51:13,2026-09-08,SPY_OPEN,202,,,,,,,,,207,134,67,2745.00,2044.00,-701.00,-25.5373,122478,14,NC2_W3_gap,89-90-88,DECINA,MULTIPLA,,,,,,,,,,,,,,,,,,,,,,,,,
2026-09-08 16:51:13,2026-09-08,SPY_OPEN,202,,,,,,,,,207,134,67,2745.00,2044.00,-701.00,-25.5373,122479,14,NC3_W5_gap,89-90-76,ALTRO,MULTIPLA,,,,,,,,,,,,,,,,,,,,,,,,,
2026-09-08 16:51:13,2026-09-08,SPY_OPEN,202,,,,,,,,,207,134,67,2745.00,2044.00,-701.00,-25.5373,122480,29,C1_exact,81-8-77,ALTRO,MULTIPLA,,,,,,,,,,,,,,,,,,,,,,,,,
2026-09-08 16:51:13,2026-09-08,SPY_OPEN,202,,,,,,,,,207,134,67,2745.00,2044.00,-701.00,-25.5373,122481,20,C1_exact,15-90-87,MOD5,MULTIPLA,,,,,,,,,,,,,,,,,,,,,,,,,
2026-09-08 16:51:13,2026-09-08,SPY_OPEN,202,,,,,,,,,207,134,67,2745.00,2044.00,-701.00,-25.5373,122482,21,C1_exact,51-88-84,ALTRO,MULTIPLA,,,,,,,,,,,,,,,,,,,,,,,,,
2026-09-08 16:51:13,2026-09-08,SPY_OPEN,202,,,,,,,,,207,134,67,2745.00,2044.00,-701.00,-25.5373,122483,18,C1_exact,90-86-87,DECINA,MULTIPLA,,,,,,,,,,,,,,,,,,,,,,,,,
2026-09-08 16:51:13,2026-09-08,SPY_OPEN,202,,,,,,,,,207,134,67,2745.00,2044.00,-701.00,-25.5373,122484,17,C1_exact,90-86-88,DECINA,MULTIPLA,,,,,,,,,,,,,,,,,,,,,,,,,
2026-09-08 16:51:13,2026-09-08,SPY_OPEN,202,,,,,,,,,207,134,67,2745.00,2044.00,-701.00,-25.5373,122485,29,NC2_W5,89-18-81,ALTRO,MULTIPLA,,,,,,,,,,,,,,,,,,,,,,,,,
2026-09-08 16:51:13,2026-09-08,SPY_OPEN,202,,,,,,,,,207,134,67,2745.00,2044.00,-701.00,-25.5373,122486,14,C1_exact,90-89-88,DECINA,MULTIPLA,,,,,,,,,,,,,,,,,,,,,,,,,
2026-09-08 16:51:13,2026-09-08,SPY_OPEN,202,,,,,,,,,207,134,67,2745.00,2044.00,-701.00,-25.5373,122487,56,NC3_W5_gap,55-21-4,PONTE_55,FORTE,,,,,,,,,,,,,,,,,,,,,,,,,
2026-09-08 16:51:13,2026-09-08,SPY_OPEN,202,,,,,,,,,207,134,67,2745.00,2044.00,-701.00,-25.5373,122488,50,NC2_W5,45-40-35,ZONA_40,FORTE,,,,,,,,,,,,,,,,,,,,,,,,,
2026-09-08 16:51:13,2026-09-08,PAIRLAB_OPEN,202,,,,,,,,,207,134,67,2745.00,2044.00,-701.00,-25.5373,,,,,,,,,,,,,,,,,,,89-90,SHADOW_OPEN,,,raw=8|ind=5,,,,,,,,
2026-09-08 16:51:13,2026-09-08,STRICTLAB_FORWARD_OPEN,202,,,,,,,,,207,134,67,2745.00,2044.00,-701.00,-25.5373,,,,,,,,,,,,,,,,,,,89-90,STRICT_FORWARD_OPEN,,,raw=8|ind=5|pairlab=353,,,,,,,,
2026-09-08 16:55:22,2026-09-08,SPY_CLOSE_H3,203,,3,,,,,,,207,134,67,2745.00,2044.00,-701.00,-25.5373,122425,10,C3plus,9-5-55,MOD5,MULTIPLA,3,1,0,0,9,3.00,0.00,-3.00,-100.0000,,,,,,,,,,,,,,,,
2026-09-08 16:55:22,2026-09-08,SPY_CLOSE_H3,203,,3,,,,,,,207,134,67,2745.00,2044.00,-701.00,-25.5373,122426,24,C3plus,9-60-8,ALTRO,MULTIPLA,3,1,0,0,9,3.00,0.00,-3.00,-100.0000,,,,,,,,,,,,,,,,
2026-09-08 16:55:22,2026-09-08,SPY_CLOSE_H3,203,,3,,,,,,,207,134,67,2745.00,2044.00,-701.00,-25.5373,122427,87,NC2_W3_gap,25-33-6,ALTRO,MULTIPLA,3,1,0,0,25,3.00,0.00,-3.00,-100.0000,,,,,,,,,,,,,,,,
2026-09-08 16:55:22,2026-09-08,SPY_CLOSE_H3,203,,3,,,,,,,207,134,67,2745.00,2044.00,-701.00,-25.5373,122428,90,C1_exact,55-45-24,MOD5,MULTIPLA,3,1,1,0,24-45,3.00,0.00,-3.00,-100.0000,,,,,,,,,,,,,,,,
2026-09-08 16:55:22,2026-09-08,SPY_CLOSE_H3,203,,3,,,,,,,207,134,67,2745.00,2044.00,-701.00,-25.5373,122429,87,C1_exact,55-6-3,ALTRO,MULTIPLA,3,0,0,0,,3.00,0.00,-3.00,-100.0000,,,,,,,,,,,,,,,,
2026-09-08 16:55:22,2026-09-08,SPY_CLOSE_H3,203,,3,,,,,,,207,134,67,2745.00,2044.00,-701.00,-25.5373,122430,48,NC3_W5_gap,19-55-34,ALTRO,MULTIPLA,3,1,0,0,19,3.00,0.00,-3.00,-100.0000,,,,,,,,,,,,,,,,
2026-09-08 16:55:22,2026-09-08,SPY_CLOSE_H3,203,,3,,,,,,,207,134,67,2745.00,2044.00,-701.00,-25.5373,122431,14,C2_exact,2-40-76,ALTRO,MULTIPLA,3,1,1,0,2-40,3.00,0.00,-3.00,-100.0000,,,,,,,,,,,,,,,,
2026-09-08 16:55:22,2026-09-08,SPY_CLOSE_H3,203,,3,,,,,,,207,134,67,2745.00,2044.00,-701.00,-25.5373,122432,7,NC2_W5,8-15-25,ALTRO,MULTIPLA,3,1,0,0,25,3.00,0.00,-3.00,-100.0000,,,,,,,,,,,,,,,,
2026-09-08 16:55:22,2026-09-08,SPY_CLOSE_H3,203,,3,,,,,,,207,134,67,2745.00,2044.00,-701.00,-25.5373,122433,51,NC2_W5,63-45-66,ALTRO,MULTIPLA,3,1,0,0,45,3.00,0.00,-3.00,-100.0000,,,,,,,,,,,,,,,,
2026-09-08 16:55:22,2026-09-08,SPY_CLOSE_H3,203,,3,,,,,,,207,134,67,2745.00,2044.00,-701.00,-25.5373,122434,18,NC2_W5,16-11-44,DECINA,MULTIPLA,3,1,0,0,44,3.00,0.00,-3.00,-100.0000,,,,,,,,,,,,,,,,
2026-09-08 16:55:22,2026-09-08,SPY_CLOSE_H3,203,,3,,,,,,,207,134,67,2745.00,2044.00,-701.00,-25.5373,122435,89,NC2_W5,88-90-84,DECINA,MULTIPLA,3,1,0,0,88,3.00,0.00,-3.00,-100.0000,,,,,,,,,,,,,,,,
2026-09-08 16:55:22,2026-09-08,SPY_CLOSE_H3,203,,3,,,,,,,207,134,67,2745.00,2044.00,-701.00,-25.5373,122436,87,NC2_W5,90-89-88,DECINA,MULTIPLA,3,1,0,0,88,3.00,0.00,-3.00,-100.0000,,,,,,,,,,,,,,,,
2026-09-08 16:55:22,2026-09-08,SPY_CLOSE_H3,203,,3,,,,,,,207,134,67,2745.00,2044.00,-701.00,-25.5373,122437,22,NC3_W5_gap,88-83-89,DECINA,MULTIPLA,3,1,0,0,88,3.00,0.00,-3.00,-100.0000,,,,,,,,,,,,,,,,
2026-09-08 16:55:22,2026-09-08,SPY_CLOSE_H3,203,,3,,,,,,,207,134,67,2745.00,2044.00,-701.00,-25.5373,122438,27,C1_exact,7-40-88,ALTRO,MULTIPLA,3,1,0,0,88,3.00,0.00,-3.00,-100.0000,,,,,,,,,,,,,,,,
2026-09-08 16:55:22,2026-09-08,SPY_CLOSE_H3,203,,3,,,,,,,207,134,67,2745.00,2044.00,-701.00,-25.5373,122439,29,C1_exact,81-8-77,ALTRO,MULTIPLA,3,1,0,0,77,3.00,0.00,-3.00,-100.0000,,,,,,,,,,,,,,,,
2026-09-08 16:55:22,2026-09-08,SPY_CLOSE_H3,203,,3,,,,,,,207,134,67,2745.00,2044.00,-701.00,-25.5373,122440,7,C1_exact,69-89-4,MOD5,MULTIPLA,3,0,0,0,,3.00,0.00,-3.00,-100.0000,,,,,,,,,,,,,,,,
2026-09-08 16:55:22,2026-09-08,SPY_CLOSE_H3,203,,3,,,,,,,207,134,67,2745.00,2044.00,-701.00,-25.5373,122441,13,C1_exact,89-90-50,ALTRO,MULTIPLA,3,1,1,0,50-90,3.00,0.00,-3.00,-100.0000,,,,,,,,,,,,,,,,
2026-09-08 16:55:22,2026-09-08,SPY_CLOSE_H3,203,,3,,,,,,,207,134,67,2745.00,2044.00,-701.00,-25.5373,122442,84,NC2_W5,90-87-88,DECINA,MULTIPLA,3,1,0,0,88,3.00,0.00,-3.00,-100.0000,,,,,,,,,,,,,,,,
2026-09-08 16:55:22,2026-09-08,SPY_CLOSE_H3,203,,3,,,,,,,207,134,67,2745.00,2044.00,-701.00,-25.5373,122443,50,NC2_W5,45-40-35,ZONA_40,FORTE,3,1,1,0,40-45,3.00,0.00,-3.00,-100.0000,,,,,,,,,,,,,,,,
2026-09-08 16:55:22,2026-09-08,SPY_CLOSE_H2,203,,2,,,,,,,207,134,67,2745.00,2044.00,-701.00,-25.5373,122444,24,C3plus,9-60-8,ALTRO,MULTIPLA,2,1,0,0,9,2.00,0.00,-2.00,-100.0000,,,,,,,,,,,,,,,,
2026-09-08 16:55:22,2026-09-08,SPY_CLOSE_H2,203,,2,,,,,,,207,134,67,2745.00,2044.00,-701.00,-25.5373,122445,88,NC2_W3_gap,67-6-55,ALTRO,MULTIPLA,2,0,0,0,,2.00,0.00,-2.00,-100.0000,,,,,,,,,,,,,,,,
2026-09-08 16:55:22,2026-09-08,SPY_CLOSE_H2,203,,2,,,,,,,207,134,67,2745.00,2044.00,-701.00,-25.5373,122446,67,C3plus,90-2-45,ALTRO,MULTIPLA,2,1,1,0,2-45,2.00,0.00,-2.00,-100.0000,,,,,,,,,,,,,,,,
2026-09-08 16:55:22,2026-09-08,SPY_CLOSE_H2,203,,2,,,,,,,207,134,67,2745.00,2044.00,-701.00,-25.5373,122447,50,NC2_W3_gap,45-39-25,MOD5,MULTIPLA,2,1,1,0,25-45,2.00,0.00,-2.00,-100.0000,,,,,,,,,,,,,,,,
2026-09-08 16:55:22,2026-09-08,SPY_CLOSE_H2,203,,2,,,,,,,207,134,67,2745.00,2044.00,-701.00,-25.5373,122448,50,C1_exact,45-39-81,ALTRO,MULTIPLA,2,1,0,0,45,2.00,0.00,-2.00,-100.0000,,,,,,,,,,,,,,,,
2026-09-08 16:55:22,2026-09-08,SPY_CLOSE_H2,203,,2,,,,,,,207,134,67,2745.00,2044.00,-701.00,-25.5373,122449,13,C2_exact,43-61-70,ALTRO,MULTIPLA,2,1,0,0,70,2.00,0.00,-2.00,-100.0000,,,,,,,,,,,,,,,,
2026-09-08 16:55:22,2026-09-08,SPY_CLOSE_H2,203,,2,,,,,,,207,134,67,2745.00,2044.00,-701.00,-25.5373,122450,44,C2_exact,67-77-43,ALTRO,MULTIPLA,2,1,0,0,77,2.00,0.00,-2.00,-100.0000,,,,,,,,,,,,,,,,
2026-09-08 16:55:22,2026-09-08,SPY_CLOSE_H2,203,,2,,,,,,,207,134,67,2745.00,2044.00,-701.00,-25.5373,122451,85,C1_exact,55-49-48,ALTRO,MULTIPLA,2,1,0,0,49,2.00,0.00,-2.00,-100.0000,,,,,,,,,,,,,,,,
2026-09-08 16:55:22,2026-09-08,SPY_CLOSE_H2,203,,2,,,,,,,207,134,67,2745.00,2044.00,-701.00,-25.5373,122452,7,NC2_W5,8-15-25,ALTRO,MULTIPLA,2,1,0,0,25,2.00,0.00,-2.00,-100.0000,,,,,,,,,,,,,,,,
2026-09-08 16:55:22,2026-09-08,SPY_CLOSE_H2,203,,2,,,,,,,207,134,67,2745.00,2044.00,-701.00,-25.5373,122453,45,C1_exact,40-35-90,MOD5,MULTIPLA,2,1,1,0,40-90,2.00,0.00,-2.00,-100.0000,,,,,,,,,,,,,,,,
2026-09-08 16:55:22,2026-09-08,SPY_CLOSE_H2,203,,2,,,,,,,207,134,67,2745.00,2044.00,-701.00,-25.5373,122454,19,NC2_W5,2-17-23,ALTRO,MULTIPLA,2,1,1,0,2-17,2.00,0.00,-2.00,-100.0000,,,,,,,,,,,,,,,,
2026-09-08 16:55:22,2026-09-08,SPY_CLOSE_H2,203,,2,,,,,,,207,134,67,2745.00,2044.00,-701.00,-25.5373,122455,1,NC2_W3_gap,90-85-73,ALTRO,MULTIPLA,2,1,0,0,90,2.00,0.00,-2.00,-100.0000,,,,,,,,,,,,,,,,
2026-09-08 16:55:22,2026-09-08,SPY_CLOSE_H2,203,,2,,,,,,,207,134,67,2745.00,2044.00,-701.00,-25.5373,122456,88,NC2_W5,89-90-87,DECINA,MULTIPLA,2,1,0,0,87,2.00,0.00,-2.00,-100.0000,,,,,,,,,,,,,,,,
2026-09-08 16:55:22,2026-09-08,SPY_CLOSE_H2,203,,2,,,,,,,207,134,67,2745.00,2044.00,-701.00,-25.5373,122457,89,NC2_W5,88-90-84,DECINA,MULTIPLA,2,1,0,0,90,2.00,0.00,-2.00,-100.0000,,,,,,,,,,,,,,,,
2026-09-08 16:55:22,2026-09-08,SPY_CLOSE_H2,203,,2,,,,,,,207,134,67,2745.00,2044.00,-701.00,-25.5373,122458,87,NC2_W5,90-89-88,DECINA,MULTIPLA,2,1,0,0,90,2.00,0.00,-2.00,-100.0000,,,,,,,,,,,,,,,,
2026-09-08 16:55:22,2026-09-08,SPY_CLOSE_H2,203,,2,,,,,,,207,134,67,2745.00,2044.00,-701.00,-25.5373,122459,85,NC2_W5,89-90-88,DECINA,MULTIPLA,2,1,0,0,90,2.00,0.00,-2.00,-100.0000,,,,,,,,,,,,,,,,
2026-09-08 16:55:22,2026-09-08,SPY_CLOSE_H2,203,,2,,,,,,,207,134,67,2745.00,2044.00,-701.00,-25.5373,122460,74,C2_exact,89-86-40,ALTRO,MULTIPLA,2,1,0,0,40,2.00,0.00,-2.00,-100.0000,,,,,,,,,,,,,,,,
2026-09-08 16:55:22,2026-09-08,SPY_CLOSE_H2,203,,2,,,,,,,207,134,67,2745.00,2044.00,-701.00,-25.5373,122461,23,C1_exact,88-57-14,ALTRO,MULTIPLA,2,1,1,0,14-57,2.00,0.00,-2.00,-100.0000,,,,,,,,,,,,,,,,
2026-09-08 16:55:22,2026-09-08,SPY_CLOSE_H2,203,,2,,,,,,,207,134,67,2745.00,2044.00,-701.00,-25.5373,122462,19,C1_exact,89-85-90,DECINA,MULTIPLA,2,1,0,0,90,2.00,0.00,-2.00,-100.0000,,,,,,,,,,,,,,,,
2026-09-08 16:55:22,2026-09-08,SPY_CLOSE_H2,203,,2,,,,,,,207,134,67,2745.00,2044.00,-701.00,-25.5373,122463,84,NC2_W5,90-87-88,DECINA,MULTIPLA,2,1,0,0,87,2.00,0.00,-2.00,-100.0000,,,,,,,,,,,,,,,,
2026-09-08 16:55:22,2026-09-08,SPY_CLOSE_H2,203,,2,,,,,,,207,134,67,2745.00,2044.00,-701.00,-25.5373,122464,1,C1_exact,86-90-85,DECINA,MULTIPLA,2,1,0,0,90,2.00,0.00,-2.00,-100.0000,,,,,,,,,,,,,,,,
2026-09-08 16:55:22,2026-09-08,SPY_CLOSE_H2,203,,2,,,,,,,207,134,67,2745.00,2044.00,-701.00,-25.5373,122465,50,NC3_W5_gap,45-40-20,ZONA_40,FORTE,2,1,1,1,20-40-45,1.00,45.00,44.00,4400.0000,,,,,,,,,,,,,,,,
2026-09-08 16:55:22,2026-09-08,SPY_CLOSE_H2,203,,2,,,,,,,207,134,67,2745.00,2044.00,-701.00,-25.5373,122466,56,NC3_W5_gap,55-21-4,PONTE_55,FORTE,2,1,0,0,21,2.00,0.00,-2.00,-100.0000,,,,,,,,,,,,,,,,
2026-09-08 16:55:22,2026-09-08,SPY_CLOSE_H1,203,,1,,,,,,,207,134,67,2745.00,2044.00,-701.00,-25.5373,122467,87,NC3_W5_gap,6-62-37,MOD5,MULTIPLA,1,0,0,0,,1.00,0.00,-1.00,-100.0000,,,,,,,,,,,,,,,,
2026-09-08 16:55:22,2026-09-08,SPY_CLOSE_H1,203,,1,,,,,,,207,134,67,2745.00,2044.00,-701.00,-25.5373,122468,45,C2_exact,40-35-30,MOD5,MULTIPLA,1,1,0,0,40,1.00,0.00,-1.00,-100.0000,,,,,,,,,,,,,,,,
2026-09-08 16:55:22,2026-09-08,SPY_CLOSE_H1,203,,1,,,,,,,207,134,67,2745.00,2044.00,-701.00,-25.5373,122469,87,NC2_W3_gap,25-33-6,ALTRO,MULTIPLA,1,1,0,0,33,1.00,0.00,-1.00,-100.0000,,,,,,,,,,,,,,,,
2026-09-08 16:55:22,2026-09-08,SPY_CLOSE_H1,203,,1,,,,,,,207,134,67,2745.00,2044.00,-701.00,-25.5373,122470,87,C1_exact,55-6-3,ALTRO,MULTIPLA,1,0,0,0,,1.00,0.00,-1.00,-100.0000,,,,,,,,,,,,,,,,
2026-09-08 16:55:22,2026-09-08,SPY_CLOSE_H1,203,,1,,,,,,,207,134,67,2745.00,2044.00,-701.00,-25.5373,122471,29,NC2_W3_gap,81-32-42,ALTRO,MULTIPLA,1,0,0,0,,1.00,0.00,-1.00,-100.0000,,,,,,,,,,,,,,,,
2026-09-08 16:55:22,2026-09-08,SPY_CLOSE_H1,203,,1,,,,,,,207,134,67,2745.00,2044.00,-701.00,-25.5373,122472,40,NC2_W3_gap,35-32-43,DECINA,MULTIPLA,1,0,0,0,,1.00,0.00,-1.00,-100.0000,,,,,,,,,,,,,,,,
2026-09-08 16:55:22,2026-09-08,SPY_CLOSE_H1,203,,1,,,,,,,207,134,67,2745.00,2044.00,-701.00,-25.5373,122473,56,C2_exact,52-61-47,ALTRO,MULTIPLA,1,1,1,0,47-52,1.00,0.00,-1.00,-100.0000,,,,,,,,,,,,,,,,
2026-09-08 16:55:22,2026-09-08,SPY_CLOSE_H1,203,,1,,,,,,,207,134,67,2745.00,2044.00,-701.00,-25.5373,122474,51,NC2_W5,63-45-66,ALTRO,MULTIPLA,1,1,0,0,63,1.00,0.00,-1.00,-100.0000,,,,,,,,,,,,,,,,
2026-09-08 16:55:22,2026-09-08,SPY_CLOSE_H1,203,,1,,,,,,,207,134,67,2745.00,2044.00,-701.00,-25.5373,122475,25,C1_exact,20-90-36,MOD5,MULTIPLA,1,1,1,1,20-36-90,1.00,45.00,44.00,4400.0000,,,,,,,,,,,,,,,,
2026-09-08 16:55:22,2026-09-08,SPY_CLOSE_H1,203,,1,,,,,,,207,134,67,2745.00,2044.00,-701.00,-25.5373,122476,18,NC2_W5,16-11-44,DECINA,MULTIPLA,1,1,0,0,11,1.00,0.00,-1.00,-100.0000,,,,,,,,,,,,,,,,
2026-09-08 16:55:22,2026-09-08,SPY_CLOSE_H1,203,,1,,,,,,,207,134,67,2745.00,2044.00,-701.00,-25.5373,122477,88,NC2_W5,89-90-87,DECINA,MULTIPLA,1,1,0,0,90,1.00,0.00,-1.00,-100.0000,,,,,,,,,,,,,,,,
2026-09-08 16:55:22,2026-09-08,SPY_CLOSE_H1,203,,1,,,,,,,207,134,67,2745.00,2044.00,-701.00,-25.5373,122478,14,NC2_W3_gap,89-90-88,DECINA,MULTIPLA,1,1,0,0,90,1.00,0.00,-1.00,-100.0000,,,,,,,,,,,,,,,,
2026-09-08 16:55:22,2026-09-08,SPY_CLOSE_H1,203,,1,,,,,,,207,134,67,2745.00,2044.00,-701.00,-25.5373,122479,14,NC3_W5_gap,89-90-76,ALTRO,MULTIPLA,1,1,0,0,90,1.00,0.00,-1.00,-100.0000,,,,,,,,,,,,,,,,
2026-09-08 16:55:22,2026-09-08,SPY_CLOSE_H1,203,,1,,,,,,,207,134,67,2745.00,2044.00,-701.00,-25.5373,122480,29,C1_exact,81-8-77,ALTRO,MULTIPLA,1,1,0,0,77,1.00,0.00,-1.00,-100.0000,,,,,,,,,,,,,,,,
2026-09-08 16:55:22,2026-09-08,SPY_CLOSE_H1,203,,1,,,,,,,207,134,67,2745.00,2044.00,-701.00,-25.5373,122481,20,C1_exact,15-90-87,MOD5,MULTIPLA,1,1,0,0,90,1.00,0.00,-1.00,-100.0000,,,,,,,,,,,,,,,,
2026-09-08 16:55:22,2026-09-08,SPY_CLOSE_H1,203,,1,,,,,,,207,134,67,2745.00,2044.00,-701.00,-25.5373,122482,21,C1_exact,51-88-84,ALTRO,MULTIPLA,1,0,0,0,,1.00,0.00,-1.00,-100.0000,,,,,,,,,,,,,,,,
2026-09-08 16:55:22,2026-09-08,SPY_CLOSE_H1,203,,1,,,,,,,207,134,67,2745.00,2044.00,-701.00,-25.5373,122483,18,C1_exact,90-86-87,DECINA,MULTIPLA,1,1,0,0,90,1.00,0.00,-1.00,-100.0000,,,,,,,,,,,,,,,,
2026-09-08 16:55:22,2026-09-08,SPY_CLOSE_H1,203,,1,,,,,,,207,134,67,2745.00,2044.00,-701.00,-25.5373,122484,17,C1_exact,90-86-88,DECINA,MULTIPLA,1,1,0,0,90,1.00,0.00,-1.00,-100.0000,,,,,,,,,,,,,,,,
2026-09-08 16:55:22,2026-09-08,SPY_CLOSE_H1,203,,1,,,,,,,207,134,67,2745.00,2044.00,-701.00,-25.5373,122485,29,NC2_W5,89-18-81,ALTRO,MULTIPLA,1,0,0,0,,1.00,0.00,-1.00,-100.0000,,,,,,,,,,,,,,,,
2026-09-08 16:55:22,2026-09-08,SPY_CLOSE_H1,203,,1,,,,,,,207,134,67,2745.00,2044.00,-701.00,-25.5373,122486,14,C1_exact,90-89-88,DECINA,MULTIPLA,1,1,0,0,90,1.00,0.00,-1.00,-100.0000,,,,,,,,,,,,,,,,
2026-09-08 16:55:22,2026-09-08,SPY_CLOSE_H1,203,,1,,,,,,,207,134,67,2745.00,2044.00,-701.00,-25.5373,122487,56,NC3_W5_gap,55-21-4,PONTE_55,FORTE,1,0,0,0,,1.00,0.00,-1.00,-100.0000,,,,,,,,,,,,,,,,
2026-09-08 16:55:22,2026-09-08,SPY_CLOSE_H1,203,,1,,,,,,,207,134,67,2745.00,2044.00,-701.00,-25.5373,122488,50,NC2_W5,45-40-35,ZONA_40,FORTE,1,1,0,0,40,1.00,0.00,-1.00,-100.0000,,,,,,,,,,,,,,,,
2026-09-08 16:55:22,2026-09-08,SUM9091_LAB_CLOSE,203,2078,10,36,,36-54-55,RAW_SUM_1026_REPEAT_FROM_E8_GAP_185_BEST_2_3_H3,,,207,134,67,2745.00,2044.00,-701.00,-25.5373,,,,,,,,,,,,,,,,,,,,,,,,,,,,,,,
2026-09-08 16:55:22,2026-09-08,SPY_OPEN,203,,,,,,,,,207,134,67,2745.00,2044.00,-701.00,-25.5373,122489,40,C2_exact,35-30-25,MOD5,MULTIPLA,,,,,,,,,,,,,,,,,,,,,,,,,
2026-09-08 16:55:22,2026-09-08,SPY_OPEN,203,,,,,,,,,207,134,67,2745.00,2044.00,-701.00,-25.5373,122490,90,C1_exact,55-45-24,MOD5,MULTIPLA,,,,,,,,,,,,,,,,,,,,,,,,,
2026-09-08 16:55:22,2026-09-08,SPY_OPEN,203,,,,,,,,,207,134,67,2745.00,2044.00,-701.00,-25.5373,122491,50,NC2_W3_gap,45-39-25,MOD5,MULTIPLA,,,,,,,,,,,,,,,,,,,,,,,,,
2026-09-08 16:55:22,2026-09-08,SPY_OPEN,203,,,,,,,,,207,134,67,2745.00,2044.00,-701.00,-25.5373,122492,50,C1_exact,45-39-81,ALTRO,MULTIPLA,,,,,,,,,,,,,,,,,,,,,,,,,
2026-09-08 16:55:22,2026-09-08,SPY_OPEN,203,,,,,,,,,207,134,67,2745.00,2044.00,-701.00,-25.5373,122493,51,NC2_W5,63-45-66,ALTRO,MULTIPLA,,,,,,,,,,,,,,,,,,,,,,,,,
2026-09-08 16:55:22,2026-09-08,SPY_OPEN,203,,,,,,,,,207,134,67,2745.00,2044.00,-701.00,-25.5373,122494,40,NC3_W5_gap,35-30-25,MOD5,MULTIPLA,,,,,,,,,,,,,,,,,,,,,,,,,
2026-09-08 16:55:22,2026-09-08,SPY_OPEN,203,,,,,,,,,207,134,67,2745.00,2044.00,-701.00,-25.5373,122495,90,NC2_W5,87-89-88,DECINA,MULTIPLA,,,,,,,,,,,,,,,,,,,,,,,,,
2026-09-08 16:55:22,2026-09-08,SPY_OPEN,203,,,,,,,,,207,134,67,2745.00,2044.00,-701.00,-25.5373,122496,13,NC2_W3_gap,89-90-86,DECINA,MULTIPLA,,,,,,,,,,,,,,,,,,,,,,,,,
2026-09-08 16:55:22,2026-09-08,SPY_OPEN,203,,,,,,,,,207,134,67,2745.00,2044.00,-701.00,-25.5373,122497,88,NC2_W5,89-90-87,DECINA,MULTIPLA,,,,,,,,,,,,,,,,,,,,,,,,,
2026-09-08 16:55:22,2026-09-08,SPY_OPEN,203,,,,,,,,,207,134,67,2745.00,2044.00,-701.00,-25.5373,122498,87,NC2_W5,90-89-88,DECINA,MULTIPLA,,,,,,,,,,,,,,,,,,,,,,,,,
2026-09-08 16:55:22,2026-09-08,SPY_OPEN,203,,,,,,,,,207,134,67,2745.00,2044.00,-701.00,-25.5373,122499,13,NC3_W5_gap,89-86-82,DECINA,MULTIPLA,,,,,,,,,,,,,,,,,,,,,,,,,
2026-09-08 16:55:22,2026-09-08,SPY_OPEN,203,,,,,,,,,207,134,67,2745.00,2044.00,-701.00,-25.5373,122500,14,NC3_W5_gap,89-90-76,ALTRO,MULTIPLA,,,,,,,,,,,,,,,,,,,,,,,,,
2026-09-08 16:55:22,2026-09-08,SPY_OPEN,203,,,,,,,,,207,134,67,2745.00,2044.00,-701.00,-25.5373,122501,11,C1_exact,90-88-86,DECINA,MULTIPLA,,,,,,,,,,,,,,,,,,,,,,,,,
2026-09-08 16:55:22,2026-09-08,SPY_OPEN,203,,,,,,,,,207,134,67,2745.00,2044.00,-701.00,-25.5373,122502,12,C1_exact,89-86-90,DECINA,MULTIPLA,,,,,,,,,,,,,,,,,,,,,,,,,
2026-09-08 16:55:22,2026-09-08,SPY_OPEN,203,,,,,,,,,207,134,67,2745.00,2044.00,-701.00,-25.5373,122503,13,C1_exact,89-90-50,ALTRO,MULTIPLA,,,,,,,,,,,,,,,,,,,,,,,,,
2026-09-08 16:55:22,2026-09-08,SPY_OPEN,203,,,,,,,,,207,134,67,2745.00,2044.00,-701.00,-25.5373,122504,29,NC2_W5,89-18-81,ALTRO,MULTIPLA,,,,,,,,,,,,,,,,,,,,,,,,,
2026-09-08 16:55:22,2026-09-08,SPY_OPEN,203,,,,,,,,,207,134,67,2745.00,2044.00,-701.00,-25.5373,122505,9,C1_exact,90-62-89,ALTRO,MULTIPLA,,,,,,,,,,,,,,,,,,,,,,,,,
2026-09-08 16:55:22,2026-09-08,SPY_OPEN,203,,,,,,,,,207,134,67,2745.00,2044.00,-701.00,-25.5373,122506,20,C2_exact,15-10-5,CATENA_5,FORTE,,,,,,,,,,,,,,,,,,,,,,,,,
2026-09-08 16:55:22,2026-09-08,SPY_OPEN,203,,,,,,,,,207,134,67,2745.00,2044.00,-701.00,-25.5373,122507,50,NC3_W5_gap,45-40-20,ZONA_40,FORTE,,,,,,,,,,,,,,,,,,,,,,,,,
2026-09-08 16:55:22,2026-09-08,SUM9091_LAB_OPEN,203,2080,0,29,,29-61-62,REPEAT_RAW_SUM_839_FROM_E172_GAP_31_OCC_3,,,207,134,67,2745.00,2044.00,-701.00,-25.5373,,,,,,,,,,,,,,,,,,,,,,,,,,,,,,,
2026-09-08 16:55:22,2026-09-08,PAIRLAB_OPEN,203,,,,,,,,,207,134,67,2745.00,2044.00,-701.00,-25.5373,,,,,,,,,,,,,,,,,,,88-90,SHADOW_OPEN,,,raw=9|ind=7,,,,,,,,
2026-09-08 17:00:31,2026-09-08,SPY_CLOSE_H3,204,,3,,,,,,,207,134,67,2745.00,2044.00,-701.00,-25.5373,122444,24,C3plus,9-60-8,ALTRO,MULTIPLA,3,1,0,0,9,3.00,0.00,-3.00,-100.0000,,,,,,,,,,,,,,,,
2026-09-08 17:00:31,2026-09-08,SPY_CLOSE_H3,204,,3,,,,,,,207,134,67,2745.00,2044.00,-701.00,-25.5373,122445,88,NC2_W3_gap,67-6-55,ALTRO,MULTIPLA,3,0,0,0,,3.00,0.00,-3.00,-100.0000,,,,,,,,,,,,,,,,
2026-09-08 17:00:31,2026-09-08,SPY_CLOSE_H3,204,,3,,,,,,,207,134,67,2745.00,2044.00,-701.00,-25.5373,122446,67,C3plus,90-2-45,ALTRO,MULTIPLA,3,1,1,0,2-45,3.00,0.00,-3.00,-100.0000,,,,,,,,,,,,,,,,
2026-09-08 17:00:31,2026-09-08,SPY_CLOSE_H3,204,,3,,,,,,,207,134,67,2745.00,2044.00,-701.00,-25.5373,122447,50,NC2_W3_gap,45-39-25,MOD5,MULTIPLA,3,1,1,0,25-45,3.00,0.00,-3.00,-100.0000,,,,,,,,,,,,,,,,
2026-09-08 17:00:31,2026-09-08,SPY_CLOSE_H3,204,,3,,,,,,,207,134,67,2745.00,2044.00,-701.00,-25.5373,122448,50,C1_exact,45-39-81,ALTRO,MULTIPLA,3,1,0,0,45,3.00,0.00,-3.00,-100.0000,,,,,,,,,,,,,,,,
2026-09-08 17:00:31,2026-09-08,SPY_CLOSE_H3,204,,3,,,,,,,207,134,67,2745.00,2044.00,-701.00,-25.5373,122449,13,C2_exact,43-61-70,ALTRO,MULTIPLA,3,1,0,0,70,3.00,0.00,-3.00,-100.0000,,,,,,,,,,,,,,,,
2026-09-08 17:00:31,2026-09-08,SPY_CLOSE_H3,204,,3,,,,,,,207,134,67,2745.00,2044.00,-701.00,-25.5373,122450,44,C2_exact,67-77-43,ALTRO,MULTIPLA,3,1,0,0,77,3.00,0.00,-3.00,-100.0000,,,,,,,,,,,,,,,,
2026-09-08 17:00:31,2026-09-08,SPY_CLOSE_H3,204,,3,,,,,,,207,134,67,2745.00,2044.00,-701.00,-25.5373,122451,85,C1_exact,55-49-48,ALTRO,MULTIPLA,3,1,1,0,48-49,3.00,0.00,-3.00,-100.0000,,,,,,,,,,,,,,,,
2026-09-08 17:00:31,2026-09-08,SPY_CLOSE_H3,204,,3,,,,,,,207,134,67,2745.00,2044.00,-701.00,-25.5373,122452,7,NC2_W5,8-15-25,ALTRO,MULTIPLA,3,1,1,0,15-25,3.00,0.00,-3.00,-100.0000,,,,,,,,,,,,,,,,
2026-09-08 17:00:31,2026-09-08,SPY_CLOSE_H3,204,,3,,,,,,,207,134,67,2745.00,2044.00,-701.00,-25.5373,122453,45,C1_exact,40-35-90,MOD5,MULTIPLA,3,1,1,0,40-90,3.00,0.00,-3.00,-100.0000,,,,,,,,,,,,,,,,
2026-09-08 17:00:31,2026-09-08,SPY_CLOSE_H3,204,,3,,,,,,,207,134,67,2745.00,2044.00,-701.00,-25.5373,122454,19,NC2_W5,2-17-23,ALTRO,MULTIPLA,3,1,1,0,2-17,3.00,0.00,-3.00,-100.0000,,,,,,,,,,,,,,,,
2026-09-08 17:00:31,2026-09-08,SPY_CLOSE_H3,204,,3,,,,,,,207,134,67,2745.00,2044.00,-701.00,-25.5373,122455,1,NC2_W3_gap,90-85-73,ALTRO,MULTIPLA,3,1,0,0,90,3.00,0.00,-3.00,-100.0000,,,,,,,,,,,,,,,,
2026-09-08 17:00:31,2026-09-08,SPY_CLOSE_H3,204,,3,,,,,,,207,134,67,2745.00,2044.00,-701.00,-25.5373,122456,88,NC2_W5,89-90-87,DECINA,MULTIPLA,3,1,0,0,87,3.00,0.00,-3.00,-100.0000,,,,,,,,,,,,,,,,
2026-09-08 17:00:31,2026-09-08,SPY_CLOSE_H3,204,,3,,,,,,,207,134,67,2745.00,2044.00,-701.00,-25.5373,122457,89,NC2_W5,88-90-84,DECINA,MULTIPLA,3,1,0,0,90,3.00,0.00,-3.00,-100.0000,,,,,,,,,,,,,,,,
2026-09-08 17:00:31,2026-09-08,SPY_CLOSE_H3,204,,3,,,,,,,207,134,67,2745.00,2044.00,-701.00,-25.5373,122458,87,NC2_W5,90-89-88,DECINA,MULTIPLA,3,1,0,0,90,3.00,0.00,-3.00,-100.0000,,,,,,,,,,,,,,,,
2026-09-08 17:00:31,2026-09-08,SPY_CLOSE_H3,204,,3,,,,,,,207,134,67,2745.00,2044.00,-701.00,-25.5373,122459,85,NC2_W5,89-90-88,DECINA,MULTIPLA,3,1,0,0,90,3.00,0.00,-3.00,-100.0000,,,,,,,,,,,,,,,,
2026-09-08 17:00:31,2026-09-08,SPY_CLOSE_H3,204,,3,,,,,,,207,134,67,2745.00,2044.00,-701.00,-25.5373,122460,74,C2_exact,89-86-40,ALTRO,MULTIPLA,3,1,0,0,40,3.00,0.00,-3.00,-100.0000,,,,,,,,,,,,,,,,
2026-09-08 17:00:31,2026-09-08,SPY_CLOSE_H3,204,,3,,,,,,,207,134,67,2745.00,2044.00,-701.00,-25.5373,122461,23,C1_exact,88-57-14,ALTRO,MULTIPLA,3,1,1,0,14-57,3.00,0.00,-3.00,-100.0000,,,,,,,,,,,,,,,,
2026-09-08 17:00:31,2026-09-08,SPY_CLOSE_H3,204,,3,,,,,,,207,134,67,2745.00,2044.00,-701.00,-25.5373,122462,19,C1_exact,89-85-90,DECINA,MULTIPLA,3,1,0,0,90,3.00,0.00,-3.00,-100.0000,,,,,,,,,,,,,,,,
2026-09-08 17:00:31,2026-09-08,SPY_CLOSE_H3,204,,3,,,,,,,207,134,67,2745.00,2044.00,-701.00,-25.5373,122463,84,NC2_W5,90-87-88,DECINA,MULTIPLA,3,1,0,0,87,3.00,0.00,-3.00,-100.0000,,,,,,,,,,,,,,,,
2026-09-08 17:00:31,2026-09-08,SPY_CLOSE_H3,204,,3,,,,,,,207,134,67,2745.00,2044.00,-701.00,-25.5373,122464,1,C1_exact,86-90-85,DECINA,MULTIPLA,3,1,0,0,90,3.00,0.00,-3.00,-100.0000,,,,,,,,,,,,,,,,
2026-09-08 17:00:31,2026-09-08,SPY_CLOSE_H3,204,,3,,,,,,,207,134,67,2745.00,2044.00,-701.00,-25.5373,122465,50,NC3_W5_gap,45-40-20,ZONA_40,FORTE,3,1,1,1,20-40-45,1.00,45.00,44.00,4400.0000,,,,,,,,,,,,,,,,
2026-09-08 17:00:31,2026-09-08,SPY_CLOSE_H3,204,,3,,,,,,,207,134,67,2745.00,2044.00,-701.00,-25.5373,122466,56,NC3_W5_gap,55-21-4,PONTE_55,FORTE,3,1,0,0,21,3.00,0.00,-3.00,-100.0000,,,,,,,,,,,,,,,,
2026-09-08 17:00:31,2026-09-08,SPY_CLOSE_H2,204,,2,,,,,,,207,134,67,2745.00,2044.00,-701.00,-25.5373,122467,87,NC3_W5_gap,6-62-37,MOD5,MULTIPLA,2,0,0,0,,2.00,0.00,-2.00,-100.0000,,,,,,,,,,,,,,,,
2026-09-08 17:00:31,2026-09-08,SPY_CLOSE_H2,204,,2,,,,,,,207,134,67,2745.00,2044.00,-701.00,-25.5373,122468,45,C2_exact,40-35-30,MOD5,MULTIPLA,2,1,1,0,30-40,2.00,0.00,-2.00,-100.0000,,,,,,,,,,,,,,,,
2026-09-08 17:00:31,2026-09-08,SPY_CLOSE_H2,204,,2,,,,,,,207,134,67,2745.00,2044.00,-701.00,-25.5373,122469,87,NC2_W3_gap,25-33-6,ALTRO,MULTIPLA,2,1,0,0,33,2.00,0.00,-2.00,-100.0000,,,,,,,,,,,,,,,,
2026-09-08 17:00:31,2026-09-08,SPY_CLOSE_H2,204,,2,,,,,,,207,134,67,2745.00,2044.00,-701.00,-25.5373,122470,87,C1_exact,55-6-3,ALTRO,MULTIPLA,2,0,0,0,,2.00,0.00,-2.00,-100.0000,,,,,,,,,,,,,,,,
2026-09-08 17:00:31,2026-09-08,SPY_CLOSE_H2,204,,2,,,,,,,207,134,67,2745.00,2044.00,-701.00,-25.5373,122471,29,NC2_W3_gap,81-32-42,ALTRO,MULTIPLA,2,0,0,0,,2.00,0.00,-2.00,-100.0000,,,,,,,,,,,,,,,,
2026-09-08 17:00:31,2026-09-08,SPY_CLOSE_H2,204,,2,,,,,,,207,134,67,2745.00,2044.00,-701.00,-25.5373,122472,40,NC2_W3_gap,35-32-43,DECINA,MULTIPLA,2,0,0,0,,2.00,0.00,-2.00,-100.0000,,,,,,,,,,,,,,,,
2026-09-08 17:00:31,2026-09-08,SPY_CLOSE_H2,204,,2,,,,,,,207,134,67,2745.00,2044.00,-701.00,-25.5373,122473,56,C2_exact,52-61-47,ALTRO,MULTIPLA,2,1,1,0,47-52,2.00,0.00,-2.00,-100.0000,,,,,,,,,,,,,,,,
2026-09-08 17:00:31,2026-09-08,SPY_CLOSE_H2,204,,2,,,,,,,207,134,67,2745.00,2044.00,-701.00,-25.5373,122474,51,NC2_W5,63-45-66,ALTRO,MULTIPLA,2,1,1,0,45-66,2.00,0.00,-2.00,-100.0000,,,,,,,,,,,,,,,,
2026-09-08 17:00:31,2026-09-08,SPY_CLOSE_H2,204,,2,,,,,,,207,134,67,2745.00,2044.00,-701.00,-25.5373,122475,25,C1_exact,20-90-36,MOD5,MULTIPLA,2,1,1,1,20-36-90,1.00,45.00,44.00,4400.0000,,,,,,,,,,,,,,,,
2026-09-08 17:00:31,2026-09-08,SPY_CLOSE_H2,204,,2,,,,,,,207,134,67,2745.00,2044.00,-701.00,-25.5373,122476,18,NC2_W5,16-11-44,DECINA,MULTIPLA,2,1,1,0,16-44,2.00,0.00,-2.00,-100.0000,,,,,,,,,,,,,,,,
2026-09-08 17:00:31,2026-09-08,SPY_CLOSE_H2,204,,2,,,,,,,207,134,67,2745.00,2044.00,-701.00,-25.5373,122477,88,NC2_W5,89-90-87,DECINA,MULTIPLA,2,1,0,0,90,2.00,0.00,-2.00,-100.0000,,,,,,,,,,,,,,,,
2026-09-08 17:00:31,2026-09-08,SPY_CLOSE_H2,204,,2,,,,,,,207,134,67,2745.00,2044.00,-701.00,-25.5373,122478,14,NC2_W3_gap,89-90-88,DECINA,MULTIPLA,2,1,0,0,90,2.00,0.00,-2.00,-100.0000,,,,,,,,,,,,,,,,
2026-09-08 17:00:31,2026-09-08,SPY_CLOSE_H2,204,,2,,,,,,,207,134,67,2745.00,2044.00,-701.00,-25.5373,122479,14,NC3_W5_gap,89-90-76,ALTRO,MULTIPLA,2,1,0,0,90,2.00,0.00,-2.00,-100.0000,,,,,,,,,,,,,,,,
2026-09-08 17:00:31,2026-09-08,SPY_CLOSE_H2,204,,2,,,,,,,207,134,67,2745.00,2044.00,-701.00,-25.5373,122480,29,C1_exact,81-8-77,ALTRO,MULTIPLA,2,1,0,0,77,2.00,0.00,-2.00,-100.0000,,,,,,,,,,,,,,,,
2026-09-08 17:00:31,2026-09-08,SPY_CLOSE_H2,204,,2,,,,,,,207,134,67,2745.00,2044.00,-701.00,-25.5373,122481,20,C1_exact,15-90-87,MOD5,MULTIPLA,2,1,0,0,90,2.00,0.00,-2.00,-100.0000,,,,,,,,,,,,,,,,
2026-09-08 17:00:31,2026-09-08,SPY_CLOSE_H2,204,,2,,,,,,,207,134,67,2745.00,2044.00,-701.00,-25.5373,122482,21,C1_exact,51-88-84,ALTRO,MULTIPLA,2,1,0,0,84,2.00,0.00,-2.00,-100.0000,,,,,,,,,,,,,,,,
2026-09-08 17:00:31,2026-09-08,SPY_CLOSE_H2,204,,2,,,,,,,207,134,67,2745.00,2044.00,-701.00,-25.5373,122483,18,C1_exact,90-86-87,DECINA,MULTIPLA,2,1,0,0,90,2.00,0.00,-2.00,-100.0000,,,,,,,,,,,,,,,,
2026-09-08 17:00:31,2026-09-08,SPY_CLOSE_H2,204,,2,,,,,,,207,134,67,2745.00,2044.00,-701.00,-25.5373,122484,17,C1_exact,90-86-88,DECINA,MULTIPLA,2,1,0,0,90,2.00,0.00,-2.00,-100.0000,,,,,,,,,,,,,,,,
2026-09-08 17:00:31,2026-09-08,SPY_CLOSE_H2,204,,2,,,,,,,207,134,67,2745.00,2044.00,-701.00,-25.5373,122485,29,NC2_W5,89-18-81,ALTRO,MULTIPLA,2,0,0,0,,2.00,0.00,-2.00,-100.0000,,,,,,,,,,,,,,,,
2026-09-08 17:00:31,2026-09-08,SPY_CLOSE_H2,204,,2,,,,,,,207,134,67,2745.00,2044.00,-701.00,-25.5373,122486,14,C1_exact,90-89-88,DECINA,MULTIPLA,2,1,0,0,90,2.00,0.00,-2.00,-100.0000,,,,,,,,,,,,,,,,
2026-09-08 17:00:31,2026-09-08,SPY_CLOSE_H2,204,,2,,,,,,,207,134,67,2745.00,2044.00,-701.00,-25.5373,122487,56,NC3_W5_gap,55-21-4,PONTE_55,FORTE,2,0,0,0,,2.00,0.00,-2.00,-100.0000,,,,,,,,,,,,,,,,
2026-09-08 17:00:31,2026-09-08,SPY_CLOSE_H2,204,,2,,,,,,,207,134,67,2745.00,2044.00,-701.00,-25.5373,122488,50,NC2_W5,45-40-35,ZONA_40,FORTE,2,1,1,0,40-45,2.00,0.00,-2.00,-100.0000,,,,,,,,,,,,,,,,
2026-09-08 17:00:31,2026-09-08,SPY_CLOSE_H1,204,,1,,,,,,,207,134,67,2745.00,2044.00,-701.00,-25.5373,122489,40,C2_exact,35-30-25,MOD5,MULTIPLA,1,1,1,0,25-30,1.00,0.00,-1.00,-100.0000,,,,,,,,,,,,,,,,
2026-09-08 17:00:31,2026-09-08,SPY_CLOSE_H1,204,,1,,,,,,,207,134,67,2745.00,2044.00,-701.00,-25.5373,122490,90,C1_exact,55-45-24,MOD5,MULTIPLA,1,1,0,0,45,1.00,0.00,-1.00,-100.0000,,,,,,,,,,,,,,,,
2026-09-08 17:00:31,2026-09-08,SPY_CLOSE_H1,204,,1,,,,,,,207,134,67,2745.00,2044.00,-701.00,-25.5373,122491,50,NC2_W3_gap,45-39-25,MOD5,MULTIPLA,1,1,1,0,25-45,1.00,0.00,-1.00,-100.0000,,,,,,,,,,,,,,,,
2026-09-08 17:00:31,2026-09-08,SPY_CLOSE_H1,204,,1,,,,,,,207,134,67,2745.00,2044.00,-701.00,-25.5373,122492,50,C1_exact,45-39-81,ALTRO,MULTIPLA,1,1,0,0,45,1.00,0.00,-1.00,-100.0000,,,,,,,,,,,,,,,,
2026-09-08 17:00:31,2026-09-08,SPY_CLOSE_H1,204,,1,,,,,,,207,134,67,2745.00,2044.00,-701.00,-25.5373,122493,51,NC2_W5,63-45-66,ALTRO,MULTIPLA,1,1,1,0,45-66,1.00,0.00,-1.00,-100.0000,,,,,,,,,,,,,,,,
2026-09-08 17:00:31,2026-09-08,SPY_CLOSE_H1,204,,1,,,,,,,207,134,67,2745.00,2044.00,-701.00,-25.5373,122494,40,NC3_W5_gap,35-30-25,MOD5,MULTIPLA,1,1,1,0,25-30,1.00,0.00,-1.00,-100.0000,,,,,,,,,,,,,,,,
2026-09-08 17:00:31,2026-09-08,SPY_CLOSE_H1,204,,1,,,,,,,207,134,67,2745.00,2044.00,-701.00,-25.5373,122495,90,NC2_W5,87-89-88,DECINA,MULTIPLA,1,0,0,0,,1.00,0.00,-1.00,-100.0000,,,,,,,,,,,,,,,,
2026-09-08 17:00:31,2026-09-08,SPY_CLOSE_H1,204,,1,,,,,,,207,134,67,2745.00,2044.00,-701.00,-25.5373,122496,13,NC2_W3_gap,89-90-86,DECINA,MULTIPLA,1,0,0,0,,1.00,0.00,-1.00,-100.0000,,,,,,,,,,,,,,,,
2026-09-08 17:00:31,2026-09-08,SPY_CLOSE_H1,204,,1,,,,,,,207,134,67,2745.00,2044.00,-701.00,-25.5373,122497,88,NC2_W5,89-90-87,DECINA,MULTIPLA,1,0,0,0,,1.00,0.00,-1.00,-100.0000,,,,,,,,,,,,,,,,
2026-09-08 17:00:31,2026-09-08,SPY_CLOSE_H1,204,,1,,,,,,,207,134,67,2745.00,2044.00,-701.00,-25.5373,122498,87,NC2_W5,90-89-88,DECINA,MULTIPLA,1,0,0,0,,1.00,0.00,-1.00,-100.0000,,,,,,,,,,,,,,,,
2026-09-08 17:00:31,2026-09-08,SPY_CLOSE_H1,204,,1,,,,,,,207,134,67,2745.00,2044.00,-701.00,-25.5373,122499,13,NC3_W5_gap,89-86-82,DECINA,MULTIPLA,1,0,0,0,,1.00,0.00,-1.00,-100.0000,,,,,,,,,,,,,,,,
2026-09-08 17:00:31,2026-09-08,SPY_CLOSE_H1,204,,1,,,,,,,207,134,67,2745.00,2044.00,-701.00,-25.5373,122500,14,NC3_W5_gap,89-90-76,ALTRO,MULTIPLA,1,0,0,0,,1.00,0.00,-1.00,-100.0000,,,,,,,,,,,,,,,,
2026-09-08 17:00:31,2026-09-08,SPY_CLOSE_H1,204,,1,,,,,,,207,134,67,2745.00,2044.00,-701.00,-25.5373,122501,11,C1_exact,90-88-86,DECINA,MULTIPLA,1,0,0,0,,1.00,0.00,-1.00,-100.0000,,,,,,,,,,,,,,,,
2026-09-08 17:00:31,2026-09-08,SPY_CLOSE_H1,204,,1,,,,,,,207,134,67,2745.00,2044.00,-701.00,-25.5373,122502,12,C1_exact,89-86-90,DECINA,MULTIPLA,1,0,0,0,,1.00,0.00,-1.00,-100.0000,,,,,,,,,,,,,,,,
2026-09-08 17:00:31,2026-09-08,SPY_CLOSE_H1,204,,1,,,,,,,207,134,67,2745.00,2044.00,-701.00,-25.5373,122503,13,C1_exact,89-90-50,ALTRO,MULTIPLA,1,0,0,0,,1.00,0.00,-1.00,-100.0000,,,,,,,,,,,,,,,,
2026-09-08 17:00:31,2026-09-08,SPY_CLOSE_H1,204,,1,,,,,,,207,134,67,2745.00,2044.00,-701.00,-25.5373,122504,29,NC2_W5,89-18-81,ALTRO,MULTIPLA,1,0,0,0,,1.00,0.00,-1.00,-100.0000,,,,,,,,,,,,,,,,
2026-09-08 17:00:31,2026-09-08,SPY_CLOSE_H1,204,,1,,,,,,,207,134,67,2745.00,2044.00,-701.00,-25.5373,122505,9,C1_exact,90-62-89,ALTRO,MULTIPLA,1,0,0,0,,1.00,0.00,-1.00,-100.0000,,,,,,,,,,,,,,,,
2026-09-08 17:00:31,2026-09-08,SPY_CLOSE_H1,204,,1,,,,,,,207,134,67,2745.00,2044.00,-701.00,-25.5373,122506,20,C2_exact,15-10-5,CATENA_5,FORTE,1,1,0,0,15,1.00,0.00,-1.00,-100.0000,,,,,,,,,,,,,,,,
2026-09-08 17:00:31,2026-09-08,SPY_CLOSE_H1,204,,1,,,,,,,207,134,67,2745.00,2044.00,-701.00,-25.5373,122507,50,NC3_W5_gap,45-40-20,ZONA_40,FORTE,1,1,1,0,40-45,1.00,0.00,-1.00,-100.0000,,,,,,,,,,,,,,,,
2026-09-08 17:00:31,2026-09-08,SPY_OPEN,204,,,,,,,,,207,134,67,2745.00,2044.00,-701.00,-25.5373,122508,26,NC2_W3_gap,19-27-14,ALTRO,MULTIPLA,,,,,,,,,,,,,,,,,,,,,,,,,
2026-09-08 17:00:31,2026-09-08,SPY_OPEN,204,,,,,,,,,207,134,67,2745.00,2044.00,-701.00,-25.5373,122509,45,NC2_W3_gap,40-30-73,MOD5,MULTIPLA,,,,,,,,,,,,,,,,,,,,,,,,,
2026-09-08 17:00:31,2026-09-08,SPY_OPEN,204,,,,,,,,,207,134,67,2745.00,2044.00,-701.00,-25.5373,122510,57,NC2_W3_gap,77-64-81,ALTRO,MULTIPLA,,,,,,,,,,,,,,,,,,,,,,,,,
2026-09-08 17:00:31,2026-09-08,SPY_OPEN,204,,,,,,,,,207,134,67,2745.00,2044.00,-701.00,-25.5373,122511,44,NC3_W5_gap,15-73-66,ALTRO,MULTIPLA,,,,,,,,,,,,,,,,,,,,,,,,,
2026-09-08 17:00:31,2026-09-08,SPY_OPEN,204,,,,,,,,,207,134,67,2745.00,2044.00,-701.00,-25.5373,122512,25,NC2_W3_gap,20-90-24,MOD5,MULTIPLA,,,,,,,,,,,,,,,,,,,,,,,,,
2026-09-08 17:00:31,2026-09-08,SPY_OPEN,204,,,,,,,,,207,134,67,2745.00,2044.00,-701.00,-25.5373,122513,25,NC2_W5,20-46-6,ALTRO,MULTIPLA,,,,,,,,,,,,,,,,,,,,,,,,,
2026-09-08 17:00:31,2026-09-08,SPY_OPEN,204,,,,,,,,,207,134,67,2745.00,2044.00,-701.00,-25.5373,122514,51,NC2_W5,63-45-66,ALTRO,MULTIPLA,,,,,,,,,,,,,,,,,,,,,,,,,
2026-09-08 17:00:31,2026-09-08,SPY_OPEN,204,,,,,,,,,207,134,67,2745.00,2044.00,-701.00,-25.5373,122515,25,C1_exact,20-90-36,MOD5,MULTIPLA,,,,,,,,,,,,,,,,,,,,,,,,,
2026-09-08 17:00:31,2026-09-08,SPY_OPEN,204,,,,,,,,,207,134,67,2745.00,2044.00,-701.00,-25.5373,122516,45,C1_exact,40-35-90,MOD5,MULTIPLA,,,,,,,,,,,,,,,,,,,,,,,,,
2026-09-08 17:00:31,2026-09-08,SPY_OPEN,204,,,,,,,,,207,134,67,2745.00,2044.00,-701.00,-25.5373,122517,45,NC3_W5_gap,35-40-77,MOD5,MULTIPLA,,,,,,,,,,,,,,,,,,,,,,,,,
2026-09-08 17:00:31,2026-09-08,SPY_OPEN,204,,,,,,,,,207,134,67,2745.00,2044.00,-701.00,-25.5373,122518,90,NC2_W5,87-89-88,DECINA,MULTIPLA,,,,,,,,,,,,,,,,,,,,,,,,,
2026-09-08 17:00:31,2026-09-08,SPY_OPEN,204,,,,,,,,,207,134,67,2745.00,2044.00,-701.00,-25.5373,122519,87,NC2_W5,90-89-88,DECINA,MULTIPLA,,,,,,,,,,,,,,,,,,,,,,,,,
2026-09-08 17:00:31,2026-09-08,SPY_OPEN,204,,,,,,,,,207,134,67,2745.00,2044.00,-701.00,-25.5373,122520,13,NC3_W5_gap,89-86-82,DECINA,MULTIPLA,,,,,,,,,,,,,,,,,,,,,,,,,
2026-09-08 17:00:31,2026-09-08,SPY_OPEN,204,,,,,,,,,207,134,67,2745.00,2044.00,-701.00,-25.5373,122521,23,C1_exact,88-57-14,ALTRO,MULTIPLA,,,,,,,,,,,,,,,,,,,,,,,,,
2026-09-08 17:00:31,2026-09-08,SPY_OPEN,204,,,,,,,,,207,134,67,2745.00,2044.00,-701.00,-25.5373,122522,15,C1_exact,10-89-88,ALTRO,MULTIPLA,,,,,,,,,,,,,,,,,,,,,,,,,
2026-09-08 17:00:31,2026-09-08,SPY_OPEN,204,,,,,,,,,207,134,67,2745.00,2044.00,-701.00,-25.5373,122523,29,NC2_W5,89-18-81,ALTRO,MULTIPLA,,,,,,,,,,,,,,,,,,,,,,,,,
2026-09-08 17:00:31,2026-09-08,SPY_OPEN,204,,,,,,,,,207,134,67,2745.00,2044.00,-701.00,-25.5373,122524,16,C1_exact,88-90-59,ALTRO,MULTIPLA,,,,,,,,,,,,,,,,,,,,,,,,,
2026-09-08 17:00:31,2026-09-08,SPY_OPEN,204,,,,,,,,,207,134,67,2745.00,2044.00,-701.00,-25.5373,122525,56,NC3_W5_gap,55-21-4,PONTE_55,FORTE,,,,,,,,,,,,,,,,,,,,,,,,,
2026-09-08 17:00:31,2026-09-08,SPY_OPEN,204,,,,,,,,,207,134,67,2745.00,2044.00,-701.00,-25.5373,122526,50,NC2_W5,45-40-35,ZONA_40,FORTE,,,,,,,,,,,,,,,,,,,,,,,,,
2026-09-08 17:05:42,2026-09-08,SPY_CLOSE_H3,205,,3,,,,,,,207,134,67,2745.00,2044.00,-701.00,-25.5373,122467,87,NC3_W5_gap,6-62-37,MOD5,MULTIPLA,3,1,1,0,6-62,3.00,0.00,-3.00,-100.0000,,,,,,,,,,,,,,,,
2026-09-08 17:05:42,2026-09-08,SPY_CLOSE_H3,205,,3,,,,,,,207,134,67,2745.00,2044.00,-701.00,-25.5373,122468,45,C2_exact,40-35-30,MOD5,MULTIPLA,3,1,1,0,30-40,3.00,0.00,-3.00,-100.0000,,,,,,,,,,,,,,,,
2026-09-08 17:05:42,2026-09-08,SPY_CLOSE_H3,205,,3,,,,,,,207,134,67,2745.00,2044.00,-701.00,-25.5373,122469,87,NC2_W3_gap,25-33-6,ALTRO,MULTIPLA,3,1,1,0,6-33,3.00,0.00,-3.00,-100.0000,,,,,,,,,,,,,,,,
2026-09-08 17:05:42,2026-09-08,SPY_CLOSE_H3,205,,3,,,,,,,207,134,67,2745.00,2044.00,-701.00,-25.5373,122470,87,C1_exact,55-6-3,ALTRO,MULTIPLA,3,1,0,0,6,3.00,0.00,-3.00,-100.0000,,,,,,,,,,,,,,,,
2026-09-08 17:05:42,2026-09-08,SPY_CLOSE_H3,205,,3,,,,,,,207,134,67,2745.00,2044.00,-701.00,-25.5373,122471,29,NC2_W3_gap,81-32-42,ALTRO,MULTIPLA,3,1,0,0,32,3.00,0.00,-3.00,-100.0000,,,,,,,,,,,,,,,,
2026-09-08 17:05:42,2026-09-08,SPY_CLOSE_H3,205,,3,,,,,,,207,134,67,2745.00,2044.00,-701.00,-25.5373,122472,40,NC2_W3_gap,35-32-43,DECINA,MULTIPLA,3,1,0,0,32,3.00,0.00,-3.00,-100.0000,,,,,,,,,,,,,,,,
2026-09-08 17:05:42,2026-09-08,SPY_CLOSE_H3,205,,3,,,,,,,207,134,67,2745.00,2044.00,-701.00,-25.5373,122473,56,C2_exact,52-61-47,ALTRO,MULTIPLA,3,1,1,0,47-52,3.00,0.00,-3.00,-100.0000,,,,,,,,,,,,,,,,
2026-09-08 17:05:42,2026-09-08,SPY_CLOSE_H3,205,,3,,,,,,,207,134,67,2745.00,2044.00,-701.00,-25.5373,122474,51,NC2_W5,63-45-66,ALTRO,MULTIPLA,3,1,1,0,45-66,3.00,0.00,-3.00,-100.0000,,,,,,,,,,,,,,,,
2026-09-08 17:05:42,2026-09-08,SPY_CLOSE_H3,205,,3,,,,,,,207,134,67,2745.00,2044.00,-701.00,-25.5373,122475,25,C1_exact,20-90-36,MOD5,MULTIPLA,3,1,1,1,20-36-90,1.00,45.00,44.00,4400.0000,,,,,,,,,,,,,,,,
2026-09-08 17:05:42,2026-09-08,SPY_CLOSE_H3,205,,3,,,,,,,207,134,67,2745.00,2044.00,-701.00,-25.5373,122476,18,NC2_W5,16-11-44,DECINA,MULTIPLA,3,1,1,0,16-44,3.00,0.00,-3.00,-100.0000,,,,,,,,,,,,,,,,
2026-09-08 17:05:42,2026-09-08,SPY_CLOSE_H3,205,,3,,,,,,,207,134,67,2745.00,2044.00,-701.00,-25.5373,122477,88,NC2_W5,89-90-87,DECINA,MULTIPLA,3,1,1,0,87-90,3.00,0.00,-3.00,-100.0000,,,,,,,,,,,,,,,,
2026-09-08 17:05:42,2026-09-08,SPY_CLOSE_H3,205,,3,,,,,,,207,134,67,2745.00,2044.00,-701.00,-25.5373,122478,14,NC2_W3_gap,89-90-88,DECINA,MULTIPLA,3,1,0,0,90,3.00,0.00,-3.00,-100.0000,,,,,,,,,,,,,,,,
2026-09-08 17:05:42,2026-09-08,SPY_CLOSE_H3,205,,3,,,,,,,207,134,67,2745.00,2044.00,-701.00,-25.5373,122479,14,NC3_W5_gap,89-90-76,ALTRO,MULTIPLA,3,1,1,0,76-90,3.00,0.00,-3.00,-100.0000,,,,,,,,,,,,,,,,
2026-09-08 17:05:42,2026-09-08,SPY_CLOSE_H3,205,,3,,,,,,,207,134,67,2745.00,2044.00,-701.00,-25.5373,122480,29,C1_exact,81-8-77,ALTRO,MULTIPLA,3,1,0,0,77,3.00,0.00,-3.00,-100.0000,,,,,,,,,,,,,,,,
2026-09-08 17:05:42,2026-09-08,SPY_CLOSE_H3,205,,3,,,,,,,207,134,67,2745.00,2044.00,-701.00,-25.5373,122481,20,C1_exact,15-90-87,MOD5,MULTIPLA,3,1,1,0,87-90,3.00,0.00,-3.00,-100.0000,,,,,,,,,,,,,,,,
2026-09-08 17:05:42,2026-09-08,SPY_CLOSE_H3,205,,3,,,,,,,207,134,67,2745.00,2044.00,-701.00,-25.5373,122482,21,C1_exact,51-88-84,ALTRO,MULTIPLA,3,1,0,0,84,3.00,0.00,-3.00,-100.0000,,,,,,,,,,,,,,,,
2026-09-08 17:05:42,2026-09-08,SPY_CLOSE_H3,205,,3,,,,,,,207,134,67,2745.00,2044.00,-701.00,-25.5373,122483,18,C1_exact,90-86-87,DECINA,MULTIPLA,3,1,1,0,87-90,3.00,0.00,-3.00,-100.0000,,,,,,,,,,,,,,,,
2026-09-08 17:05:42,2026-09-08,SPY_CLOSE_H3,205,,3,,,,,,,207,134,67,2745.00,2044.00,-701.00,-25.5373,122484,17,C1_exact,90-86-88,DECINA,MULTIPLA,3,1,0,0,90,3.00,0.00,-3.00,-100.0000,,,,,,,,,,,,,,,,
2026-09-08 17:05:42,2026-09-08,SPY_CLOSE_H3,205,,3,,,,,,,207,134,67,2745.00,2044.00,-701.00,-25.5373,122485,29,NC2_W5,89-18-81,ALTRO,MULTIPLA,3,0,0,0,,3.00,0.00,-3.00,-100.0000,,,,,,,,,,,,,,,,
2026-09-08 17:05:42,2026-09-08,SPY_CLOSE_H3,205,,3,,,,,,,207,134,67,2745.00,2044.00,-701.00,-25.5373,122486,14,C1_exact,90-89-88,DECINA,MULTIPLA,3,1,0,0,90,3.00,0.00,-3.00,-100.0000,,,,,,,,,,,,,,,,
2026-09-08 17:05:42,2026-09-08,SPY_CLOSE_H3,205,,3,,,,,,,207,134,67,2745.00,2044.00,-701.00,-25.5373,122487,56,NC3_W5_gap,55-21-4,PONTE_55,FORTE,3,0,0,0,,3.00,0.00,-3.00,-100.0000,,,,,,,,,,,,,,,,
2026-09-08 17:05:42,2026-09-08,SPY_CLOSE_H3,205,,3,,,,,,,207,134,67,2745.00,2044.00,-701.00,-25.5373,122488,50,NC2_W5,45-40-35,ZONA_40,FORTE,3,1,1,0,40-45,3.00,0.00,-3.00,-100.0000,,,,,,,,,,,,,,,,
2026-09-08 17:05:42,2026-09-08,SPY_CLOSE_H2,205,,2,,,,,,,207,134,67,2745.00,2044.00,-701.00,-25.5373,122489,40,C2_exact,35-30-25,MOD5,MULTIPLA,2,1,1,0,25-30,2.00,0.00,-2.00,-100.0000,,,,,,,,,,,,,,,,
2026-09-08 17:05:42,2026-09-08,SPY_CLOSE_H2,205,,2,,,,,,,207,134,67,2745.00,2044.00,-701.00,-25.5373,122490,90,C1_exact,55-45-24,MOD5,MULTIPLA,2,1,0,0,45,2.00,0.00,-2.00,-100.0000,,,,,,,,,,,,,,,,
2026-09-08 17:05:42,2026-09-08,SPY_CLOSE_H2,205,,2,,,,,,,207,134,67,2745.00,2044.00,-701.00,-25.5373,122491,50,NC2_W3_gap,45-39-25,MOD5,MULTIPLA,2,1,1,0,25-45,2.00,0.00,-2.00,-100.0000,,,,,,,,,,,,,,,,
2026-09-08 17:05:42,2026-09-08,SPY_CLOSE_H2,205,,2,,,,,,,207,134,67,2745.00,2044.00,-701.00,-25.5373,122492,50,C1_exact,45-39-81,ALTRO,MULTIPLA,2,1,1,0,39-45,2.00,0.00,-2.00,-100.0000,,,,,,,,,,,,,,,,
2026-09-08 17:05:42,2026-09-08,SPY_CLOSE_H2,205,,2,,,,,,,207,134,67,2745.00,2044.00,-701.00,-25.5373,122493,51,NC2_W5,63-45-66,ALTRO,MULTIPLA,2,1,1,0,45-66,2.00,0.00,-2.00,-100.0000,,,,,,,,,,,,,,,,
2026-09-08 17:05:42,2026-09-08,SPY_CLOSE_H2,205,,2,,,,,,,207,134,67,2745.00,2044.00,-701.00,-25.5373,122494,40,NC3_W5_gap,35-30-25,MOD5,MULTIPLA,2,1,1,0,25-30,2.00,0.00,-2.00,-100.0000,,,,,,,,,,,,,,,,
2026-09-08 17:05:42,2026-09-08,SPY_CLOSE_H2,205,,2,,,,,,,207,134,67,2745.00,2044.00,-701.00,-25.5373,122495,90,NC2_W5,87-89-88,DECINA,MULTIPLA,2,1,0,0,87,2.00,0.00,-2.00,-100.0000,,,,,,,,,,,,,,,,
2026-09-08 17:05:42,2026-09-08,SPY_CLOSE_H2,205,,2,,,,,,,207,134,67,2745.00,2044.00,-701.00,-25.5373,122496,13,NC2_W3_gap,89-90-86,DECINA,MULTIPLA,2,1,0,0,90,2.00,0.00,-2.00,-100.0000,,,,,,,,,,,,,,,,
2026-09-08 17:05:42,2026-09-08,SPY_CLOSE_H2,205,,2,,,,,,,207,134,67,2745.00,2044.00,-701.00,-25.5373,122497,88,NC2_W5,89-90-87,DECINA,MULTIPLA,2,1,1,0,87-90,2.00,0.00,-2.00,-100.0000,,,,,,,,,,,,,,,,
2026-09-08 17:05:42,2026-09-08,SPY_CLOSE_H2,205,,2,,,,,,,207,134,67,2745.00,2044.00,-701.00,-25.5373,122498,87,NC2_W5,90-89-88,DECINA,MULTIPLA,2,1,0,0,90,2.00,0.00,-2.00,-100.0000,,,,,,,,,,,,,,,,
2026-09-08 17:05:42,2026-09-08,SPY_CLOSE_H2,205,,2,,,,,,,207,134,67,2745.00,2044.00,-701.00,-25.5373,122499,13,NC3_W5_gap,89-86-82,DECINA,MULTIPLA,2,0,0,0,,2.00,0.00,-2.00,-100.0000,,,,,,,,,,,,,,,,
2026-09-08 17:05:42,2026-09-08,SPY_CLOSE_H2,205,,2,,,,,,,207,134,67,2745.00,2044.00,-701.00,-25.5373,122500,14,NC3_W5_gap,89-90-76,ALTRO,MULTIPLA,2,1,1,0,76-90,2.00,0.00,-2.00,-100.0000,,,,,,,,,,,,,,,,
2026-09-08 17:05:42,2026-09-08,SPY_CLOSE_H2,205,,2,,,,,,,207,134,67,2745.00,2044.00,-701.00,-25.5373,122501,11,C1_exact,90-88-86,DECINA,MULTIPLA,2,1,0,0,90,2.00,0.00,-2.00,-100.0000,,,,,,,,,,,,,,,,
2026-09-08 17:05:42,2026-09-08,SPY_CLOSE_H2,205,,2,,,,,,,207,134,67,2745.00,2044.00,-701.00,-25.5373,122502,12,C1_exact,89-86-90,DECINA,MULTIPLA,2,1,0,0,90,2.00,0.00,-2.00,-100.0000,,,,,,,,,,,,,,,,
2026-09-08 17:05:42,2026-09-08,SPY_CLOSE_H2,205,,2,,,,,,,207,134,67,2745.00,2044.00,-701.00,-25.5373,122503,13,C1_exact,89-90-50,ALTRO,MULTIPLA,2,1,0,0,90,2.00,0.00,-2.00,-100.0000,,,,,,,,,,,,,,,,
2026-09-08 17:05:42,2026-09-08,SPY_CLOSE_H2,205,,2,,,,,,,207,134,67,2745.00,2044.00,-701.00,-25.5373,122504,29,NC2_W5,89-18-81,ALTRO,MULTIPLA,2,0,0,0,,2.00,0.00,-2.00,-100.0000,,,,,,,,,,,,,,,,
2026-09-08 17:05:42,2026-09-08,SPY_CLOSE_H2,205,,2,,,,,,,207,134,67,2745.00,2044.00,-701.00,-25.5373,122505,9,C1_exact,90-62-89,ALTRO,MULTIPLA,2,1,1,0,62-90,2.00,0.00,-2.00,-100.0000,,,,,,,,,,,,,,,,
2026-09-08 17:05:42,2026-09-08,SPY_CLOSE_H2,205,,2,,,,,,,207,134,67,2745.00,2044.00,-701.00,-25.5373,122506,20,C2_exact,15-10-5,CATENA_5,FORTE,2,1,0,0,15,2.00,0.00,-2.00,-100.0000,,,,,,,,,,,,,,,,
2026-09-08 17:05:42,2026-09-08,SPY_CLOSE_H2,205,,2,,,,,,,207,134,67,2745.00,2044.00,-701.00,-25.5373,122507,50,NC3_W5_gap,45-40-20,ZONA_40,FORTE,2,1,1,0,40-45,2.00,0.00,-2.00,-100.0000,,,,,,,,,,,,,,,,
2026-09-08 17:05:42,2026-09-08,SPY_CLOSE_H1,205,,1,,,,,,,207,134,67,2745.00,2044.00,-701.00,-25.5373,122508,26,NC2_W3_gap,19-27-14,ALTRO,MULTIPLA,1,1,0,0,14,1.00,0.00,-1.00,-100.0000,,,,,,,,,,,,,,,,
2026-09-08 17:05:42,2026-09-08,SPY_CLOSE_H1,205,,1,,,,,,,207,134,67,2745.00,2044.00,-701.00,-25.5373,122509,45,NC2_W3_gap,40-30-73,MOD5,MULTIPLA,1,0,0,0,,1.00,0.00,-1.00,-100.0000,,,,,,,,,,,,,,,,
2026-09-08 17:05:42,2026-09-08,SPY_CLOSE_H1,205,,1,,,,,,,207,134,67,2745.00,2044.00,-701.00,-25.5373,122510,57,NC2_W3_gap,77-64-81,ALTRO,MULTIPLA,1,1,0,0,64,1.00,0.00,-1.00,-100.0000,,,,,,,,,,,,,,,,
2026-09-08 17:05:42,2026-09-08,SPY_CLOSE_H1,205,,1,,,,,,,207,134,67,2745.00,2044.00,-701.00,-25.5373,122511,44,NC3_W5_gap,15-73-66,ALTRO,MULTIPLA,1,0,0,0,,1.00,0.00,-1.00,-100.0000,,,,,,,,,,,,,,,,
2026-09-08 17:05:42,2026-09-08,SPY_CLOSE_H1,205,,1,,,,,,,207,134,67,2745.00,2044.00,-701.00,-25.5373,122512,25,NC2_W3_gap,20-90-24,MOD5,MULTIPLA,1,1,0,0,90,1.00,0.00,-1.00,-100.0000,,,,,,,,,,,,,,,,
2026-09-08 17:05:42,2026-09-08,SPY_CLOSE_H1,205,,1,,,,,,,207,134,67,2745.00,2044.00,-701.00,-25.5373,122513,25,NC2_W5,20-46-6,ALTRO,MULTIPLA,1,1,0,0,6,1.00,0.00,-1.00,-100.0000,,,,,,,,,,,,,,,,
2026-09-08 17:05:42,2026-09-08,SPY_CLOSE_H1,205,,1,,,,,,,207,134,67,2745.00,2044.00,-701.00,-25.5373,122514,51,NC2_W5,63-45-66,ALTRO,MULTIPLA,1,1,0,0,45,1.00,0.00,-1.00,-100.0000,,,,,,,,,,,,,,,,
2026-09-08 17:05:42,2026-09-08,SPY_CLOSE_H1,205,,1,,,,,,,207,134,67,2745.00,2044.00,-701.00,-25.5373,122515,25,C1_exact,20-90-36,MOD5,MULTIPLA,1,1,0,0,90,1.00,0.00,-1.00,-100.0000,,,,,,,,,,,,,,,,
2026-09-08 17:05:42,2026-09-08,SPY_CLOSE_H1,205,,1,,,,,,,207,134,67,2745.00,2044.00,-701.00,-25.5373,122516,45,C1_exact,40-35-90,MOD5,MULTIPLA,1,1,0,0,90,1.00,0.00,-1.00,-100.0000,,,,,,,,,,,,,,,,
2026-09-08 17:05:42,2026-09-08,SPY_CLOSE_H1,205,,1,,,,,,,207,134,67,2745.00,2044.00,-701.00,-25.5373,122517,45,NC3_W5_gap,35-40-77,MOD5,MULTIPLA,1,0,0,0,,1.00,0.00,-1.00,-100.0000,,,,,,,,,,,,,,,,
2026-09-08 17:05:42,2026-09-08,SPY_CLOSE_H1,205,,1,,,,,,,207,134,67,2745.00,2044.00,-701.00,-25.5373,122518,90,NC2_W5,87-89-88,DECINA,MULTIPLA,1,1,0,0,87,1.00,0.00,-1.00,-100.0000,,,,,,,,,,,,,,,,
2026-09-08 17:05:42,2026-09-08,SPY_CLOSE_H1,205,,1,,,,,,,207,134,67,2745.00,2044.00,-701.00,-25.5373,122519,87,NC2_W5,90-89-88,DECINA,MULTIPLA,1,1,0,0,90,1.00,0.00,-1.00,-100.0000,,,,,,,,,,,,,,,,
2026-09-08 17:05:42,2026-09-08,SPY_CLOSE_H1,205,,1,,,,,,,207,134,67,2745.00,2044.00,-701.00,-25.5373,122520,13,NC3_W5_gap,89-86-82,DECINA,MULTIPLA,1,0,0,0,,1.00,0.00,-1.00,-100.0000,,,,,,,,,,,,,,,,
2026-09-08 17:05:42,2026-09-08,SPY_CLOSE_H1,205,,1,,,,,,,207,134,67,2745.00,2044.00,-701.00,-25.5373,122521,23,C1_exact,88-57-14,ALTRO,MULTIPLA,1,1,0,0,14,1.00,0.00,-1.00,-100.0000,,,,,,,,,,,,,,,,
2026-09-08 17:05:42,2026-09-08,SPY_CLOSE_H1,205,,1,,,,,,,207,134,67,2745.00,2044.00,-701.00,-25.5373,122522,15,C1_exact,10-89-88,ALTRO,MULTIPLA,1,0,0,0,,1.00,0.00,-1.00,-100.0000,,,,,,,,,,,,,,,,
2026-09-08 17:05:42,2026-09-08,SPY_CLOSE_H1,205,,1,,,,,,,207,134,67,2745.00,2044.00,-701.00,-25.5373,122523,29,NC2_W5,89-18-81,ALTRO,MULTIPLA,1,0,0,0,,1.00,0.00,-1.00,-100.0000,,,,,,,,,,,,,,,,
2026-09-08 17:05:42,2026-09-08,SPY_CLOSE_H1,205,,1,,,,,,,207,134,67,2745.00,2044.00,-701.00,-25.5373,122524,16,C1_exact,88-90-59,ALTRO,MULTIPLA,1,1,0,0,90,1.00,0.00,-1.00,-100.0000,,,,,,,,,,,,,,,,
2026-09-08 17:05:42,2026-09-08,SPY_CLOSE_H1,205,,1,,,,,,,207,134,67,2745.00,2044.00,-701.00,-25.5373,122525,56,NC3_W5_gap,55-21-4,PONTE_55,FORTE,1,0,0,0,,1.00,0.00,-1.00,-100.0000,,,,,,,,,,,,,,,,
2026-09-08 17:05:42,2026-09-08,SPY_CLOSE_H1,205,,1,,,,,,,207,134,67,2745.00,2044.00,-701.00,-25.5373,122526,50,NC2_W5,45-40-35,ZONA_40,FORTE,1,1,0,0,45,1.00,0.00,-1.00,-100.0000,,,,,,,,,,,,,,,,
2026-09-08 17:05:42,2026-09-08,PAIRLAB_STOP,205,,,,,,,,,207,134,67,2745.00,2044.00,-701.00,-25.5373,,,,,,,,,,,,,,,,,3,,89-90,STOP_H3,,,,,,,,,,,
2026-09-08 17:05:42,2026-09-08,STRICTLAB_FORWARD_STOP,205,,,,,,,,,207,134,67,2745.00,2044.00,-701.00,-25.5373,,,,,,,,,,,,,,,,,3,,89-90,FORWARD_STOP_H3,,,,,,,,,,,
2026-09-08 17:05:42,2026-09-08,SPY_OPEN,205,,,,,,,,,207,134,67,2745.00,2044.00,-701.00,-25.5373,122527,9,C3plus,8-25-67,ALTRO,MULTIPLA,,,,,,,,,,,,,,,,,,,,,,,,,
2026-09-08 17:05:42,2026-09-08,SPY_OPEN,205,,,,,,,,,207,134,67,2745.00,2044.00,-701.00,-25.5373,122528,45,C2_exact,40-35-30,MOD5,MULTIPLA,,,,,,,,,,,,,,,,,,,,,,,,,
2026-09-08 17:05:42,2026-09-08,SPY_OPEN,205,,,,,,,,,207,134,67,2745.00,2044.00,-701.00,-25.5373,122529,90,C1_exact,55-45-24,MOD5,MULTIPLA,,,,,,,,,,,,,,,,,,,,,,,,,
2026-09-08 17:05:42,2026-09-08,SPY_OPEN,205,,,,,,,,,207,134,67,2745.00,2044.00,-701.00,-25.5373,122530,79,NC2_W3_gap,32-31-49,ALTRO,MULTIPLA,,,,,,,,,,,,,,,,,,,,,,,,,
2026-09-08 17:05:42,2026-09-08,SPY_OPEN,205,,,,,,,,,207,134,67,2745.00,2044.00,-701.00,-25.5373,122531,87,C1_exact,55-6-3,ALTRO,MULTIPLA,,,,,,,,,,,,,,,,,,,,,,,,,
2026-09-08 17:05:42,2026-09-08,SPY_OPEN,205,,,,,,,,,207,134,67,2745.00,2044.00,-701.00,-25.5373,122532,84,C2_exact,87-89-86,DECINA,MULTIPLA,,,,,,,,,,,,,,,,,,,,,,,,,
2026-09-08 17:05:42,2026-09-08,SPY_OPEN,205,,,,,,,,,207,134,67,2745.00,2044.00,-701.00,-25.5373,122533,44,C2_exact,67-77-43,ALTRO,MULTIPLA,,,,,,,,,,,,,,,,,,,,,,,,,
2026-09-08 17:05:42,2026-09-08,SPY_OPEN,205,,,,,,,,,207,134,67,2745.00,2044.00,-701.00,-25.5373,122534,44,NC3_W5_gap,15-73-66,ALTRO,MULTIPLA,,,,,,,,,,,,,,,,,,,,,,,,,
2026-09-08 17:05:42,2026-09-08,SPY_OPEN,205,,,,,,,,,207,134,67,2745.00,2044.00,-701.00,-25.5373,122535,85,C1_exact,55-49-48,ALTRO,MULTIPLA,,,,,,,,,,,,,,,,,,,,,,,,,
2026-09-08 17:05:42,2026-09-08,SPY_OPEN,205,,,,,,,,,207,134,67,2745.00,2044.00,-701.00,-25.5373,122536,25,NC2_W5,20-46-6,ALTRO,MULTIPLA,,,,,,,,,,,,,,,,,,,,,,,,,
2026-09-08 17:05:42,2026-09-08,SPY_OPEN,205,,,,,,,,,207,134,67,2745.00,2044.00,-701.00,-25.5373,122537,90,NC2_W5,87-89-88,DECINA,MULTIPLA,,,,,,,,,,,,,,,,,,,,,,,,,
2026-09-08 17:05:42,2026-09-08,SPY_OPEN,205,,,,,,,,,207,134,67,2745.00,2044.00,-701.00,-25.5373,122538,76,C1_exact,45-55-16,ALTRO,MULTIPLA,,,,,,,,,,,,,,,,,,,,,,,,,
2026-09-08 17:05:42,2026-09-08,SPY_OPEN,205,,,,,,,,,207,134,67,2745.00,2044.00,-701.00,-25.5373,122539,87,NC2_W5,90-89-88,DECINA,MULTIPLA,,,,,,,,,,,,,,,,,,,,,,,,,
2026-09-08 17:05:42,2026-09-08,SPY_OPEN,205,,,,,,,,,207,134,67,2745.00,2044.00,-701.00,-25.5373,122540,85,NC2_W5,89-90-88,DECINA,MULTIPLA,,,,,,,,,,,,,,,,,,,,,,,,,
2026-09-08 17:05:42,2026-09-08,SPY_OPEN,205,,,,,,,,,207,134,67,2745.00,2044.00,-701.00,-25.5373,122541,14,C1_exact,90-89-88,DECINA,MULTIPLA,,,,,,,,,,,,,,,,,,,,,,,,,
2026-09-08 17:05:42,2026-09-08,SPY_OPEN,205,,,,,,,,,207,134,67,2745.00,2044.00,-701.00,-25.5373,122542,56,NC3_W5_gap,55-21-4,PONTE_55,FORTE,,,,,,,,,,,,,,,,,,,,,,,,,
2026-09-08 17:05:42,2026-09-08,SPY_OPEN,205,,,,,,,,,207,134,67,2745.00,2044.00,-701.00,-25.5373,122543,50,NC2_W5,45-40-35,ZONA_40,FORTE,,,,,,,,,,,,,,,,,,,,,,,,,
2026-09-08 17:05:42,2026-09-08,SUM9091_LAB_OPEN,205,2081,0,86,,86-4-5,REPEAT_RAW_SUM_1076_FROM_E174_GAP_31_OCC_2,,,207,134,67,2745.00,2044.00,-701.00,-25.5373,,,,,,,,,,,,,,,,,,,,,,,,,,,,,,,
2026-09-08 17:05:42,2026-09-08,PAIRLAB_OPEN,205,,,,,,,,,207,134,67,2745.00,2044.00,-701.00,-25.5373,,,,,,,,,,,,,,,,,,,88-89,SHADOW_OPEN,,,raw=8|ind=4,,,,,,,,
2026-09-08 17:05:42,2026-09-08,STRICTLAB_FORWARD_OPEN,205,,,,,,,,,207,134,67,2745.00,2044.00,-701.00,-25.5373,,,,,,,,,,,,,,,,,,,88-89,STRICT_FORWARD_OPEN,,,raw=8|ind=4|pairlab=191,,,,,,,,
2026-09-08 17:10:53,2026-09-08,SPY_CLOSE_H3,206,,3,,,,,,,207,134,67,2745.00,2044.00,-701.00,-25.5373,122489,40,C2_exact,35-30-25,MOD5,MULTIPLA,3,1,1,0,25-30,3.00,0.00,-3.00,-100.0000,,,,,,,,,,,,,,,,
2026-09-08 17:10:53,2026-09-08,SPY_CLOSE_H3,206,,3,,,,,,,207,134,67,2745.00,2044.00,-701.00,-25.5373,122490,90,C1_exact,55-45-24,MOD5,MULTIPLA,3,1,1,0,24-45,3.00,0.00,-3.00,-100.0000,,,,,,,,,,,,,,,,
2026-09-08 17:10:53,2026-09-08,SPY_CLOSE_H3,206,,3,,,,,,,207,134,67,2745.00,2044.00,-701.00,-25.5373,122491,50,NC2_W3_gap,45-39-25,MOD5,MULTIPLA,3,1,1,0,25-45,3.00,0.00,-3.00,-100.0000,,,,,,,,,,,,,,,,
2026-09-08 17:10:53,2026-09-08,SPY_CLOSE_H3,206,,3,,,,,,,207,134,67,2745.00,2044.00,-701.00,-25.5373,122492,50,C1_exact,45-39-81,ALTRO,MULTIPLA,3,1,1,0,39-45,3.00,0.00,-3.00,-100.0000,,,,,,,,,,,,,,,,
2026-09-08 17:10:53,2026-09-08,SPY_CLOSE_H3,206,,3,,,,,,,207,134,67,2745.00,2044.00,-701.00,-25.5373,122493,51,NC2_W5,63-45-66,ALTRO,MULTIPLA,3,1,1,0,45-66,3.00,0.00,-3.00,-100.0000,,,,,,,,,,,,,,,,
2026-09-08 17:10:53,2026-09-08,SPY_CLOSE_H3,206,,3,,,,,,,207,134,67,2745.00,2044.00,-701.00,-25.5373,122494,40,NC3_W5_gap,35-30-25,MOD5,MULTIPLA,3,1,1,0,25-30,3.00,0.00,-3.00,-100.0000,,,,,,,,,,,,,,,,
2026-09-08 17:10:53,2026-09-08,SPY_CLOSE_H3,206,,3,,,,,,,207,134,67,2745.00,2044.00,-701.00,-25.5373,122495,90,NC2_W5,87-89-88,DECINA,MULTIPLA,3,1,0,0,87,3.00,0.00,-3.00,-100.0000,,,,,,,,,,,,,,,,
2026-09-08 17:10:53,2026-09-08,SPY_CLOSE_H3,206,,3,,,,,,,207,134,67,2745.00,2044.00,-701.00,-25.5373,122496,13,NC2_W3_gap,89-90-86,DECINA,MULTIPLA,3,1,0,0,90,3.00,0.00,-3.00,-100.0000,,,,,,,,,,,,,,,,
2026-09-08 17:10:53,2026-09-08,SPY_CLOSE_H3,206,,3,,,,,,,207,134,67,2745.00,2044.00,-701.00,-25.5373,122497,88,NC2_W5,89-90-87,DECINA,MULTIPLA,3,1,1,0,87-90,3.00,0.00,-3.00,-100.0000,,,,,,,,,,,,,,,,
2026-09-08 17:10:53,2026-09-08,SPY_CLOSE_H3,206,,3,,,,,,,207,134,67,2745.00,2044.00,-701.00,-25.5373,122498,87,NC2_W5,90-89-88,DECINA,MULTIPLA,3,1,0,0,90,3.00,0.00,-3.00,-100.0000,,,,,,,,,,,,,,,,
2026-09-08 17:10:53,2026-09-08,SPY_CLOSE_H3,206,,3,,,,,,,207,134,67,2745.00,2044.00,-701.00,-25.5373,122499,13,NC3_W5_gap,89-86-82,DECINA,MULTIPLA,3,1,0,0,86,3.00,0.00,-3.00,-100.0000,,,,,,,,,,,,,,,,
2026-09-08 17:10:53,2026-09-08,SPY_CLOSE_H3,206,,3,,,,,,,207,134,67,2745.00,2044.00,-701.00,-25.5373,122500,14,NC3_W5_gap,89-90-76,ALTRO,MULTIPLA,3,1,1,0,76-90,3.00,0.00,-3.00,-100.0000,,,,,,,,,,,,,,,,
2026-09-08 17:10:53,2026-09-08,SPY_CLOSE_H3,206,,3,,,,,,,207,134,67,2745.00,2044.00,-701.00,-25.5373,122501,11,C1_exact,90-88-86,DECINA,MULTIPLA,3,1,0,0,90,3.00,0.00,-3.00,-100.0000,,,,,,,,,,,,,,,,
2026-09-08 17:10:53,2026-09-08,SPY_CLOSE_H3,206,,3,,,,,,,207,134,67,2745.00,2044.00,-701.00,-25.5373,122502,12,C1_exact,89-86-90,DECINA,MULTIPLA,3,1,0,0,90,3.00,0.00,-3.00,-100.0000,,,,,,,,,,,,,,,,
2026-09-08 17:10:53,2026-09-08,SPY_CLOSE_H3,206,,3,,,,,,,207,134,67,2745.00,2044.00,-701.00,-25.5373,122503,13,C1_exact,89-90-50,ALTRO,MULTIPLA,3,1,0,0,90,3.00,0.00,-3.00,-100.0000,,,,,,,,,,,,,,,,
2026-09-08 17:10:53,2026-09-08,SPY_CLOSE_H3,206,,3,,,,,,,207,134,67,2745.00,2044.00,-701.00,-25.5373,122504,29,NC2_W5,89-18-81,ALTRO,MULTIPLA,3,0,0,0,,3.00,0.00,-3.00,-100.0000,,,,,,,,,,,,,,,,
2026-09-08 17:10:53,2026-09-08,SPY_CLOSE_H3,206,,3,,,,,,,207,134,67,2745.00,2044.00,-701.00,-25.5373,122505,9,C1_exact,90-62-89,ALTRO,MULTIPLA,3,1,1,0,62-90,3.00,0.00,-3.00,-100.0000,,,,,,,,,,,,,,,,
2026-09-08 17:10:53,2026-09-08,SPY_CLOSE_H3,206,,3,,,,,,,207,134,67,2745.00,2044.00,-701.00,-25.5373,122506,20,C2_exact,15-10-5,CATENA_5,FORTE,3,1,1,0,5-15,3.00,0.00,-3.00,-100.0000,,,,,,,,,,,,,,,,
2026-09-08 17:10:53,2026-09-08,SPY_CLOSE_H3,206,,3,,,,,,,207,134,67,2745.00,2044.00,-701.00,-25.5373,122507,50,NC3_W5_gap,45-40-20,ZONA_40,FORTE,3,1,1,0,40-45,3.00,0.00,-3.00,-100.0000,,,,,,,,,,,,,,,,
2026-09-08 17:10:53,2026-09-08,SPY_CLOSE_H2,206,,2,,,,,,,207,134,67,2745.00,2044.00,-701.00,-25.5373,122508,26,NC2_W3_gap,19-27-14,ALTRO,MULTIPLA,2,1,1,0,14-27,2.00,0.00,-2.00,-100.0000,,,,,,,,,,,,,,,,
2026-09-08 17:10:53,2026-09-08,SPY_CLOSE_H2,206,,2,,,,,,,207,134,67,2745.00,2044.00,-701.00,-25.5373,122509,45,NC2_W3_gap,40-30-73,MOD5,MULTIPLA,2,0,0,0,,2.00,0.00,-2.00,-100.0000,,,,,,,,,,,,,,,,
2026-09-08 17:10:53,2026-09-08,SPY_CLOSE_H2,206,,2,,,,,,,207,134,67,2745.00,2044.00,-701.00,-25.5373,122510,57,NC2_W3_gap,77-64-81,ALTRO,MULTIPLA,2,1,0,0,64,2.00,0.00,-2.00,-100.0000,,,,,,,,,,,,,,,,
2026-09-08 17:10:53,2026-09-08,SPY_CLOSE_H2,206,,2,,,,,,,207,134,67,2745.00,2044.00,-701.00,-25.5373,122511,44,NC3_W5_gap,15-73-66,ALTRO,MULTIPLA,2,1,0,0,15,2.00,0.00,-2.00,-100.0000,,,,,,,,,,,,,,,,
2026-09-08 17:10:53,2026-09-08,SPY_CLOSE_H2,206,,2,,,,,,,207,134,67,2745.00,2044.00,-701.00,-25.5373,122512,25,NC2_W3_gap,20-90-24,MOD5,MULTIPLA,2,1,0,0,90,2.00,0.00,-2.00,-100.0000,,,,,,,,,,,,,,,,
2026-09-08 17:10:53,2026-09-08,SPY_CLOSE_H2,206,,2,,,,,,,207,134,67,2745.00,2044.00,-701.00,-25.5373,122513,25,NC2_W5,20-46-6,ALTRO,MULTIPLA,2,1,0,0,6,2.00,0.00,-2.00,-100.0000,,,,,,,,,,,,,,,,
2026-09-08 17:10:53,2026-09-08,SPY_CLOSE_H2,206,,2,,,,,,,207,134,67,2745.00,2044.00,-701.00,-25.5373,122514,51,NC2_W5,63-45-66,ALTRO,MULTIPLA,2,1,0,0,45,2.00,0.00,-2.00,-100.0000,,,,,,,,,,,,,,,,
2026-09-08 17:10:53,2026-09-08,SPY_CLOSE_H2,206,,2,,,,,,,207,134,67,2745.00,2044.00,-701.00,-25.5373,122515,25,C1_exact,20-90-36,MOD5,MULTIPLA,2,1,0,0,90,2.00,0.00,-2.00,-100.0000,,,,,,,,,,,,,,,,
2026-09-08 17:10:53,2026-09-08,SPY_CLOSE_H2,206,,2,,,,,,,207,134,67,2745.00,2044.00,-701.00,-25.5373,122516,45,C1_exact,40-35-90,MOD5,MULTIPLA,2,1,0,0,90,2.00,0.00,-2.00,-100.0000,,,,,,,,,,,,,,,,
2026-09-08 17:10:53,2026-09-08,SPY_CLOSE_H2,206,,2,,,,,,,207,134,67,2745.00,2044.00,-701.00,-25.5373,122517,45,NC3_W5_gap,35-40-77,MOD5,MULTIPLA,2,1,0,0,77,2.00,0.00,-2.00,-100.0000,,,,,,,,,,,,,,,,
2026-09-08 17:10:53,2026-09-08,SPY_CLOSE_H2,206,,2,,,,,,,207,134,67,2745.00,2044.00,-701.00,-25.5373,122518,90,NC2_W5,87-89-88,DECINA,MULTIPLA,2,1,0,0,87,2.00,0.00,-2.00,-100.0000,,,,,,,,,,,,,,,,
2026-09-08 17:10:53,2026-09-08,SPY_CLOSE_H2,206,,2,,,,,,,207,134,67,2745.00,2044.00,-701.00,-25.5373,122519,87,NC2_W5,90-89-88,DECINA,MULTIPLA,2,1,0,0,90,2.00,0.00,-2.00,-100.0000,,,,,,,,,,,,,,,,
2026-09-08 17:10:53,2026-09-08,SPY_CLOSE_H2,206,,2,,,,,,,207,134,67,2745.00,2044.00,-701.00,-25.5373,122520,13,NC3_W5_gap,89-86-82,DECINA,MULTIPLA,2,1,0,0,86,2.00,0.00,-2.00,-100.0000,,,,,,,,,,,,,,,,
2026-09-08 17:10:53,2026-09-08,SPY_CLOSE_H2,206,,2,,,,,,,207,134,67,2745.00,2044.00,-701.00,-25.5373,122521,23,C1_exact,88-57-14,ALTRO,MULTIPLA,2,1,1,0,14-57,2.00,0.00,-2.00,-100.0000,,,,,,,,,,,,,,,,
2026-09-08 17:10:53,2026-09-08,SPY_CLOSE_H2,206,,2,,,,,,,207,134,67,2745.00,2044.00,-701.00,-25.5373,122522,15,C1_exact,10-89-88,ALTRO,MULTIPLA,2,0,0,0,,2.00,0.00,-2.00,-100.0000,,,,,,,,,,,,,,,,
2026-09-08 17:10:53,2026-09-08,SPY_CLOSE_H2,206,,2,,,,,,,207,134,67,2745.00,2044.00,-701.00,-25.5373,122523,29,NC2_W5,89-18-81,ALTRO,MULTIPLA,2,0,0,0,,2.00,0.00,-2.00,-100.0000,,,,,,,,,,,,,,,,
2026-09-08 17:10:53,2026-09-08,SPY_CLOSE_H2,206,,2,,,,,,,207,134,67,2745.00,2044.00,-701.00,-25.5373,122524,16,C1_exact,88-90-59,ALTRO,MULTIPLA,2,1,0,0,90,2.00,0.00,-2.00,-100.0000,,,,,,,,,,,,,,,,
2026-09-08 17:10:53,2026-09-08,SPY_CLOSE_H2,206,,2,,,,,,,207,134,67,2745.00,2044.00,-701.00,-25.5373,122525,56,NC3_W5_gap,55-21-4,PONTE_55,FORTE,2,0,0,0,,2.00,0.00,-2.00,-100.0000,,,,,,,,,,,,,,,,
2026-09-08 17:10:53,2026-09-08,SPY_CLOSE_H2,206,,2,,,,,,,207,134,67,2745.00,2044.00,-701.00,-25.5373,122526,50,NC2_W5,45-40-35,ZONA_40,FORTE,2,1,0,0,45,2.00,0.00,-2.00,-100.0000,,,,,,,,,,,,,,,,
2026-09-08 17:10:53,2026-09-08,SPY_CLOSE_H1,206,,1,,,,,,,207,134,67,2745.00,2044.00,-701.00,-25.5373,122527,9,C3plus,8-25-67,ALTRO,MULTIPLA,1,0,0,0,,1.00,0.00,-1.00,-100.0000,,,,,,,,,,,,,,,,
2026-09-08 17:10:53,2026-09-08,SPY_CLOSE_H1,206,,1,,,,,,,207,134,67,2745.00,2044.00,-701.00,-25.5373,122528,45,C2_exact,40-35-30,MOD5,MULTIPLA,1,0,0,0,,1.00,0.00,-1.00,-100.0000,,,,,,,,,,,,,,,,
2026-09-08 17:10:53,2026-09-08,SPY_CLOSE_H1,206,,1,,,,,,,207,134,67,2745.00,2044.00,-701.00,-25.5373,122529,90,C1_exact,55-45-24,MOD5,MULTIPLA,1,1,1,0,24-45,1.00,0.00,-1.00,-100.0000,,,,,,,,,,,,,,,,
2026-09-08 17:10:53,2026-09-08,SPY_CLOSE_H1,206,,1,,,,,,,207,134,67,2745.00,2044.00,-701.00,-25.5373,122530,79,NC2_W3_gap,32-31-49,ALTRO,MULTIPLA,1,1,0,0,31,1.00,0.00,-1.00,-100.0000,,,,,,,,,,,,,,,,
2026-09-08 17:10:53,2026-09-08,SPY_CLOSE_H1,206,,1,,,,,,,207,134,67,2745.00,2044.00,-701.00,-25.5373,122531,87,C1_exact,55-6-3,ALTRO,MULTIPLA,1,0,0,0,,1.00,0.00,-1.00,-100.0000,,,,,,,,,,,,,,,,
2026-09-08 17:10:53,2026-09-08,SPY_CLOSE_H1,206,,1,,,,,,,207,134,67,2745.00,2044.00,-701.00,-25.5373,122532,84,C2_exact,87-89-86,DECINA,MULTIPLA,1,1,0,0,86,1.00,0.00,-1.00,-100.0000,,,,,,,,,,,,,,,,
2026-09-08 17:10:53,2026-09-08,SPY_CLOSE_H1,206,,1,,,,,,,207,134,67,2745.00,2044.00,-701.00,-25.5373,122533,44,C2_exact,67-77-43,ALTRO,MULTIPLA,1,1,0,0,77,1.00,0.00,-1.00,-100.0000,,,,,,,,,,,,,,,,
2026-09-08 17:10:53,2026-09-08,SPY_CLOSE_H1,206,,1,,,,,,,207,134,67,2745.00,2044.00,-701.00,-25.5373,122534,44,NC3_W5_gap,15-73-66,ALTRO,MULTIPLA,1,1,0,0,15,1.00,0.00,-1.00,-100.0000,,,,,,,,,,,,,,,,
2026-09-08 17:10:53,2026-09-08,SPY_CLOSE_H1,206,,1,,,,,,,207,134,67,2745.00,2044.00,-701.00,-25.5373,122535,85,C1_exact,55-49-48,ALTRO,MULTIPLA,1,0,0,0,,1.00,0.00,-1.00,-100.0000,,,,,,,,,,,,,,,,
2026-09-08 17:10:53,2026-09-08,SPY_CLOSE_H1,206,,1,,,,,,,207,134,67,2745.00,2044.00,-701.00,-25.5373,122536,25,NC2_W5,20-46-6,ALTRO,MULTIPLA,1,0,0,0,,1.00,0.00,-1.00,-100.0000,,,,,,,,,,,,,,,,
2026-09-08 17:10:53,2026-09-08,SPY_CLOSE_H1,206,,1,,,,,,,207,134,67,2745.00,2044.00,-701.00,-25.5373,122537,90,NC2_W5,87-89-88,DECINA,MULTIPLA,1,0,0,0,,1.00,0.00,-1.00,-100.0000,,,,,,,,,,,,,,,,
2026-09-08 17:10:53,2026-09-08,SPY_CLOSE_H1,206,,1,,,,,,,207,134,67,2745.00,2044.00,-701.00,-25.5373,122538,76,C1_exact,45-55-16,ALTRO,MULTIPLA,1,1,0,0,45,1.00,0.00,-1.00,-100.0000,,,,,,,,,,,,,,,,
2026-09-08 17:10:53,2026-09-08,SPY_CLOSE_H1,206,,1,,,,,,,207,134,67,2745.00,2044.00,-701.00,-25.5373,122539,87,NC2_W5,90-89-88,DECINA,MULTIPLA,1,0,0,0,,1.00,0.00,-1.00,-100.0000,,,,,,,,,,,,,,,,
2026-09-08 17:10:53,2026-09-08,SPY_CLOSE_H1,206,,1,,,,,,,207,134,67,2745.00,2044.00,-701.00,-25.5373,122540,85,NC2_W5,89-90-88,DECINA,MULTIPLA,1,0,0,0,,1.00,0.00,-1.00,-100.0000,,,,,,,,,,,,,,,,
2026-09-08 17:10:53,2026-09-08,SPY_CLOSE_H1,206,,1,,,,,,,207,134,67,2745.00,2044.00,-701.00,-25.5373,122541,14,C1_exact,90-89-88,DECINA,MULTIPLA,1,0,0,0,,1.00,0.00,-1.00,-100.0000,,,,,,,,,,,,,,,,
2026-09-08 17:10:53,2026-09-08,SPY_CLOSE_H1,206,,1,,,,,,,207,134,67,2745.00,2044.00,-701.00,-25.5373,122542,56,NC3_W5_gap,55-21-4,PONTE_55,FORTE,1,0,0,0,,1.00,0.00,-1.00,-100.0000,,,,,,,,,,,,,,,,
2026-09-08 17:10:53,2026-09-08,SPY_CLOSE_H1,206,,1,,,,,,,207,134,67,2745.00,2044.00,-701.00,-25.5373,122543,50,NC2_W5,45-40-35,ZONA_40,FORTE,1,1,0,0,45,1.00,0.00,-1.00,-100.0000,,,,,,,,,,,,,,,,
2026-09-08 17:10:53,2026-09-08,SUM9091_LAB_CLOSE,206,2079,10,24,,24-66-67,RAW_SUM_924_REPEAT_FROM_E102_GAP_94_BEST_2_3_H1,,,207,134,67,2745.00,2044.00,-701.00,-25.5373,,,,,,,,,,,,,,,,,,,,,,,,,,,,,,,
2026-09-08 17:10:53,2026-09-08,PAIRLAB_STOP,206,,,,,,,,,207,134,67,2745.00,2044.00,-701.00,-25.5373,,,,,,,,,,,,,,,,,3,,88-90,STOP_H3,,,,,,,,,,,
2026-09-08 17:10:53,2026-09-08,SPY_OPEN,206,,,,,,,,,207,134,67,2745.00,2044.00,-701.00,-25.5373,122544,45,C3plus,40-15-54,MOD5,MULTIPLA,,,,,,,,,,,,,,,,,,,,,,,,,
2026-09-08 17:10:53,2026-09-08,SPY_OPEN,206,,,,,,,,,207,134,67,2745.00,2044.00,-701.00,-25.5373,122545,76,C2_exact,23-13-70,ALTRO,MULTIPLA,,,,,,,,,,,,,,,,,,,,,,,,,
2026-09-08 17:10:53,2026-09-08,SPY_OPEN,206,,,,,,,,,207,134,67,2745.00,2044.00,-701.00,-25.5373,122546,50,C1_exact,45-39-81,ALTRO,MULTIPLA,,,,,,,,,,,,,,,,,,,,,,,,,
2026-09-08 17:10:53,2026-09-08,SPY_OPEN,206,,,,,,,,,207,134,67,2745.00,2044.00,-701.00,-25.5373,122547,57,NC2_W3_gap,77-64-81,ALTRO,MULTIPLA,,,,,,,,,,,,,,,,,,,,,,,,,
2026-09-08 17:10:53,2026-09-08,SPY_OPEN,206,,,,,,,,,207,134,67,2745.00,2044.00,-701.00,-25.5373,122548,14,C2_exact,2-40-76,ALTRO,MULTIPLA,,,,,,,,,,,,,,,,,,,,,,,,,
2026-09-08 17:10:53,2026-09-08,SPY_OPEN,206,,,,,,,,,207,134,67,2745.00,2044.00,-701.00,-25.5373,122549,25,NC2_W5,20-46-6,ALTRO,MULTIPLA,,,,,,,,,,,,,,,,,,,,,,,,,
2026-09-08 17:10:53,2026-09-08,SPY_OPEN,206,,,,,,,,,207,134,67,2745.00,2044.00,-701.00,-25.5373,122550,90,NC2_W5,87-89-88,DECINA,MULTIPLA,,,,,,,,,,,,,,,,,,,,,,,,,
2026-09-08 17:10:53,2026-09-08,SPY_OPEN,206,,,,,,,,,207,134,67,2745.00,2044.00,-701.00,-25.5373,122551,57,NC3_W5_gap,73-28-63,MOD5,MULTIPLA,,,,,,,,,,,,,,,,,,,,,,,,,
2026-09-08 17:10:53,2026-09-08,SPY_OPEN,206,,,,,,,,,207,134,67,2745.00,2044.00,-701.00,-25.5373,122552,87,NC2_W5,90-89-88,DECINA,MULTIPLA,,,,,,,,,,,,,,,,,,,,,,,,,
2026-09-08 17:10:53,2026-09-08,SPY_OPEN,206,,,,,,,,,207,134,67,2745.00,2044.00,-701.00,-25.5373,122553,15,NC2_W5,10-16-82,ALTRO,MULTIPLA,,,,,,,,,,,,,,,,,,,,,,,,,
2026-09-08 17:10:53,2026-09-08,SPY_OPEN,206,,,,,,,,,207,134,67,2745.00,2044.00,-701.00,-25.5373,122554,33,C2_exact,26-29-87,ALTRO,MULTIPLA,,,,,,,,,,,,,,,,,,,,,,,,,
2026-09-08 17:10:53,2026-09-08,SPY_OPEN,206,,,,,,,,,207,134,67,2745.00,2044.00,-701.00,-25.5373,122555,23,NC2_W3_gap,88-89-83,MOD5,MULTIPLA,,,,,,,,,,,,,,,,,,,,,,,,,
2026-09-08 17:10:53,2026-09-08,SPY_OPEN,206,,,,,,,,,207,134,67,2745.00,2044.00,-701.00,-25.5373,122556,34,C1_exact,58-77-62,ALTRO,MULTIPLA,,,,,,,,,,,,,,,,,,,,,,,,,
2026-09-08 17:10:53,2026-09-08,SPY_OPEN,206,,,,,,,,,207,134,67,2745.00,2044.00,-701.00,-25.5373,122557,14,NC3_W5_gap,89-90-76,ALTRO,MULTIPLA,,,,,,,,,,,,,,,,,,,,,,,,,
2026-09-08 17:10:53,2026-09-08,SPY_OPEN,206,,,,,,,,,207,134,67,2745.00,2044.00,-701.00,-25.5373,122558,27,C1_exact,7-40-88,ALTRO,MULTIPLA,,,,,,,,,,,,,,,,,,,,,,,,,
2026-09-08 17:10:53,2026-09-08,SPY_OPEN,206,,,,,,,,,207,134,67,2745.00,2044.00,-701.00,-25.5373,122559,29,C1_exact,81-8-77,ALTRO,MULTIPLA,,,,,,,,,,,,,,,,,,,,,,,,,
2026-09-08 17:10:53,2026-09-08,SPY_OPEN,206,,,,,,,,,207,134,67,2745.00,2044.00,-701.00,-25.5373,122560,15,NC2_W3_gap,89-10-90,MOD5,MULTIPLA,,,,,,,,,,,,,,,,,,,,,,,,,
2026-09-08 17:10:53,2026-09-08,SPY_OPEN,206,,,,,,,,,207,134,67,2745.00,2044.00,-701.00,-25.5373,122561,23,C1_exact,88-57-14,ALTRO,MULTIPLA,,,,,,,,,,,,,,,,,,,,,,,,,
2026-09-08 17:10:53,2026-09-08,SPY_OPEN,206,,,,,,,,,207,134,67,2745.00,2044.00,-701.00,-25.5373,122562,15,C1_exact,10-89-88,ALTRO,MULTIPLA,,,,,,,,,,,,,,,,,,,,,,,,,
2026-09-08 17:10:53,2026-09-08,SPY_OPEN,206,,,,,,,,,207,134,67,2745.00,2044.00,-701.00,-25.5373,122563,5,C1_exact,88-87-89,DECINA,MULTIPLA,,,,,,,,,,,,,,,,,,,,,,,,,
2026-09-08 17:10:53,2026-09-08,SPY_OPEN,206,,,,,,,,,207,134,67,2745.00,2044.00,-701.00,-25.5373,122564,17,C1_exact,90-86-88,DECINA,MULTIPLA,,,,,,,,,,,,,,,,,,,,,,,,,
2026-09-08 17:10:53,2026-09-08,SPY_OPEN,206,,,,,,,,,207,134,67,2745.00,2044.00,-701.00,-25.5373,122565,29,NC2_W5,89-18-81,ALTRO,MULTIPLA,,,,,,,,,,,,,,,,,,,,,,,,,
2026-09-08 17:10:53,2026-09-08,SPY_OPEN,206,,,,,,,,,207,134,67,2745.00,2044.00,-701.00,-25.5373,122566,24,C1_exact,88-69-87,ALTRO,MULTIPLA,,,,,,,,,,,,,,,,,,,,,,,,,
2026-09-08 17:10:53,2026-09-08,SPY_OPEN,206,,,,,,,,,207,134,67,2745.00,2044.00,-701.00,-25.5373,122567,50,NC2_W5,45-40-35,ZONA_40,FORTE,,,,,,,,,,,,,,,,,,,,,,,,,
2026-09-08 17:10:53,2026-09-08,SUM9091_LAB_OPEN,206,2082,0,35,,35-55-56,REPEAT_RAW_SUM_845_FROM_E188_GAP_18_OCC_2,,,207,134,67,2745.00,2044.00,-701.00,-25.5373,,,,,,,,,,,,,,,,,,,,,,,,,,,,,,,
2026-09-08 17:17:06,2026-09-08,SPY_CLOSE_H3,207,,3,,,,,,,207,134,67,2745.00,2044.00,-701.00,-25.5373,122508,26,NC2_W3_gap,19-27-14,ALTRO,MULTIPLA,3,1,1,0,14-27,3.00,0.00,-3.00,-100.0000,,,,,,,,,,,,,,,,
2026-09-08 17:17:06,2026-09-08,SPY_CLOSE_H3,207,,3,,,,,,,207,134,67,2745.00,2044.00,-701.00,-25.5373,122509,45,NC2_W3_gap,40-30-73,MOD5,MULTIPLA,3,1,1,0,30-73,3.00,0.00,-3.00,-100.0000,,,,,,,,,,,,,,,,
2026-09-08 17:17:06,2026-09-08,SPY_CLOSE_H3,207,,3,,,,,,,207,134,67,2745.00,2044.00,-701.00,-25.5373,122510,57,NC2_W3_gap,77-64-81,ALTRO,MULTIPLA,3,1,0,0,64,3.00,0.00,-3.00,-100.0000,,,,,,,,,,,,,,,,
2026-09-08 17:17:06,2026-09-08,SPY_CLOSE_H3,207,,3,,,,,,,207,134,67,2745.00,2044.00,-701.00,-25.5373,122511,44,NC3_W5_gap,15-73-66,ALTRO,MULTIPLA,3,1,1,0,66-73,3.00,0.00,-3.00,-100.0000,,,,,,,,,,,,,,,,
2026-09-08 17:17:06,2026-09-08,SPY_CLOSE_H3,207,,3,,,,,,,207,134,67,2745.00,2044.00,-701.00,-25.5373,122512,25,NC2_W3_gap,20-90-24,MOD5,MULTIPLA,3,1,0,0,90,3.00,0.00,-3.00,-100.0000,,,,,,,,,,,,,,,,
2026-09-08 17:17:06,2026-09-08,SPY_CLOSE_H3,207,,3,,,,,,,207,134,67,2745.00,2044.00,-701.00,-25.5373,122513,25,NC2_W5,20-46-6,ALTRO,MULTIPLA,3,1,0,0,6,3.00,0.00,-3.00,-100.0000,,,,,,,,,,,,,,,,
2026-09-08 17:17:06,2026-09-08,SPY_CLOSE_H3,207,,3,,,,,,,207,134,67,2745.00,2044.00,-701.00,-25.5373,122514,51,NC2_W5,63-45-66,ALTRO,MULTIPLA,3,1,0,0,45,3.00,0.00,-3.00,-100.0000,,,,,,,,,,,,,,,,
2026-09-08 17:17:06,2026-09-08,SPY_CLOSE_H3,207,,3,,,,,,,207,134,67,2745.00,2044.00,-701.00,-25.5373,122515,25,C1_exact,20-90-36,MOD5,MULTIPLA,3,1,0,0,90,3.00,0.00,-3.00,-100.0000,,,,,,,,,,,,,,,,
2026-09-08 17:17:06,2026-09-08,SPY_CLOSE_H3,207,,3,,,,,,,207,134,67,2745.00,2044.00,-701.00,-25.5373,122516,45,C1_exact,40-35-90,MOD5,MULTIPLA,3,1,0,0,90,3.00,0.00,-3.00,-100.0000,,,,,,,,,,,,,,,,
2026-09-08 17:17:06,2026-09-08,SPY_CLOSE_H3,207,,3,,,,,,,207,134,67,2745.00,2044.00,-701.00,-25.5373,122517,45,NC3_W5_gap,35-40-77,MOD5,MULTIPLA,3,1,0,0,77,3.00,0.00,-3.00,-100.0000,,,,,,,,,,,,,,,,
2026-09-08 17:17:06,2026-09-08,SPY_CLOSE_H3,207,,3,,,,,,,207,134,67,2745.00,2044.00,-701.00,-25.5373,122518,90,NC2_W5,87-89-88,DECINA,MULTIPLA,3,1,0,0,87,3.00,0.00,-3.00,-100.0000,,,,,,,,,,,,,,,,
2026-09-08 17:17:06,2026-09-08,SPY_CLOSE_H3,207,,3,,,,,,,207,134,67,2745.00,2044.00,-701.00,-25.5373,122519,87,NC2_W5,90-89-88,DECINA,MULTIPLA,3,1,0,0,90,3.00,0.00,-3.00,-100.0000,,,,,,,,,,,,,,,,
2026-09-08 17:17:06,2026-09-08,SPY_CLOSE_H3,207,,3,,,,,,,207,134,67,2745.00,2044.00,-701.00,-25.5373,122520,13,NC3_W5_gap,89-86-82,DECINA,MULTIPLA,3,1,0,0,86,3.00,0.00,-3.00,-100.0000,,,,,,,,,,,,,,,,
2026-09-08 17:17:06,2026-09-08,SPY_CLOSE_H3,207,,3,,,,,,,207,134,67,2745.00,2044.00,-701.00,-25.5373,122521,23,C1_exact,88-57-14,ALTRO,MULTIPLA,3,1,1,0,14-57,3.00,0.00,-3.00,-100.0000,,,,,,,,,,,,,,,,
2026-09-08 17:17:06,2026-09-08,SPY_CLOSE_H3,207,,3,,,,,,,207,134,67,2745.00,2044.00,-701.00,-25.5373,122522,15,C1_exact,10-89-88,ALTRO,MULTIPLA,3,1,0,0,89,3.00,0.00,-3.00,-100.0000,,,,,,,,,,,,,,,,
2026-09-08 17:17:06,2026-09-08,SPY_CLOSE_H3,207,,3,,,,,,,207,134,67,2745.00,2044.00,-701.00,-25.5373,122523,29,NC2_W5,89-18-81,ALTRO,MULTIPLA,3,1,0,0,89,3.00,0.00,-3.00,-100.0000,,,,,,,,,,,,,,,,
2026-09-08 17:17:06,2026-09-08,SPY_CLOSE_H3,207,,3,,,,,,,207,134,67,2745.00,2044.00,-701.00,-25.5373,122524,16,C1_exact,88-90-59,ALTRO,MULTIPLA,3,1,0,0,90,3.00,0.00,-3.00,-100.0000,,,,,,,,,,,,,,,,
2026-09-08 17:17:06,2026-09-08,SPY_CLOSE_H3,207,,3,,,,,,,207,134,67,2745.00,2044.00,-701.00,-25.5373,122525,56,NC3_W5_gap,55-21-4,PONTE_55,FORTE,3,1,0,0,4,3.00,0.00,-3.00,-100.0000,,,,,,,,,,,,,,,,
2026-09-08 17:17:06,2026-09-08,SPY_CLOSE_H3,207,,3,,,,,,,207,134,67,2745.00,2044.00,-701.00,-25.5373,122526,50,NC2_W5,45-40-35,ZONA_40,FORTE,3,1,0,0,45,3.00,0.00,-3.00,-100.0000,,,,,,,,,,,,,,,,
2026-09-08 17:17:06,2026-09-08,SPY_CLOSE_H2,207,,2,,,,,,,207,134,67,2745.00,2044.00,-701.00,-25.5373,122527,9,C3plus,8-25-67,ALTRO,MULTIPLA,2,1,0,0,25,2.00,0.00,-2.00,-100.0000,,,,,,,,,,,,,,,,
2026-09-08 17:17:06,2026-09-08,SPY_CLOSE_H2,207,,2,,,,,,,207,134,67,2745.00,2044.00,-701.00,-25.5373,122528,45,C2_exact,40-35-30,MOD5,MULTIPLA,2,1,0,0,30,2.00,0.00,-2.00,-100.0000,,,,,,,,,,,,,,,,
2026-09-08 17:17:06,2026-09-08,SPY_CLOSE_H2,207,,2,,,,,,,207,134,67,2745.00,2044.00,-701.00,-25.5373,122529,90,C1_exact,55-45-24,MOD5,MULTIPLA,2,1,1,0,24-45,2.00,0.00,-2.00,-100.0000,,,,,,,,,,,,,,,,
2026-09-08 17:17:06,2026-09-08,SPY_CLOSE_H2,207,,2,,,,,,,207,134,67,2745.00,2044.00,-701.00,-25.5373,122530,79,NC2_W3_gap,32-31-49,ALTRO,MULTIPLA,2,1,1,0,32-49,2.00,0.00,-2.00,-100.0000,,,,,,,,,,,,,,,,
2026-09-08 17:17:06,2026-09-08,SPY_CLOSE_H2,207,,2,,,,,,,207,134,67,2745.00,2044.00,-701.00,-25.5373,122531,87,C1_exact,55-6-3,ALTRO,MULTIPLA,2,0,0,0,,2.00,0.00,-2.00,-100.0000,,,,,,,,,,,,,,,,
2026-09-08 17:17:06,2026-09-08,SPY_CLOSE_H2,207,,2,,,,,,,207,134,67,2745.00,2044.00,-701.00,-25.5373,122532,84,C2_exact,87-89-86,DECINA,MULTIPLA,2,1,0,0,86,2.00,0.00,-2.00,-100.0000,,,,,,,,,,,,,,,,
2026-09-08 17:17:06,2026-09-08,SPY_CLOSE_H2,207,,2,,,,,,,207,134,67,2745.00,2044.00,-701.00,-25.5373,122533,44,C2_exact,67-77-43,ALTRO,MULTIPLA,2,1,0,0,77,2.00,0.00,-2.00,-100.0000,,,,,,,,,,,,,,,,
2026-09-08 17:17:06,2026-09-08,SPY_CLOSE_H2,207,,2,,,,,,,207,134,67,2745.00,2044.00,-701.00,-25.5373,122534,44,NC3_W5_gap,15-73-66,ALTRO,MULTIPLA,2,1,1,0,66-73,2.00,0.00,-2.00,-100.0000,,,,,,,,,,,,,,,,
2026-09-08 17:17:06,2026-09-08,SPY_CLOSE_H2,207,,2,,,,,,,207,134,67,2745.00,2044.00,-701.00,-25.5373,122535,85,C1_exact,55-49-48,ALTRO,MULTIPLA,2,1,1,0,48-49,2.00,0.00,-2.00,-100.0000,,,,,,,,,,,,,,,,
2026-09-08 17:17:06,2026-09-08,SPY_CLOSE_H2,207,,2,,,,,,,207,134,67,2745.00,2044.00,-701.00,-25.5373,122536,25,NC2_W5,20-46-6,ALTRO,MULTIPLA,2,1,0,0,46,2.00,0.00,-2.00,-100.0000,,,,,,,,,,,,,,,,
2026-09-08 17:17:06,2026-09-08,SPY_CLOSE_H2,207,,2,,,,,,,207,134,67,2745.00,2044.00,-701.00,-25.5373,122537,90,NC2_W5,87-89-88,DECINA,MULTIPLA,2,1,0,0,89,2.00,0.00,-2.00,-100.0000,,,,,,,,,,,,,,,,
2026-09-08 17:17:06,2026-09-08,SPY_CLOSE_H2,207,,2,,,,,,,207,134,67,2745.00,2044.00,-701.00,-25.5373,122538,76,C1_exact,45-55-16,ALTRO,MULTIPLA,2,1,0,0,45,2.00,0.00,-2.00,-100.0000,,,,,,,,,,,,,,,,
2026-09-08 17:17:06,2026-09-08,SPY_CLOSE_H2,207,,2,,,,,,,207,134,67,2745.00,2044.00,-701.00,-25.5373,122539,87,NC2_W5,90-89-88,DECINA,MULTIPLA,2,1,0,0,89,2.00,0.00,-2.00,-100.0000,,,,,,,,,,,,,,,,
2026-09-08 17:17:06,2026-09-08,SPY_CLOSE_H2,207,,2,,,,,,,207,134,67,2745.00,2044.00,-701.00,-25.5373,122540,85,NC2_W5,89-90-88,DECINA,MULTIPLA,2,1,0,0,89,2.00,0.00,-2.00,-100.0000,,,,,,,,,,,,,,,,
2026-09-08 17:17:06,2026-09-08,SPY_CLOSE_H2,207,,2,,,,,,,207,134,67,2745.00,2044.00,-701.00,-25.5373,122541,14,C1_exact,90-89-88,DECINA,MULTIPLA,2,1,0,0,89,2.00,0.00,-2.00,-100.0000,,,,,,,,,,,,,,,,
2026-09-08 17:17:06,2026-09-08,SPY_CLOSE_H2,207,,2,,,,,,,207,134,67,2745.00,2044.00,-701.00,-25.5373,122542,56,NC3_W5_gap,55-21-4,PONTE_55,FORTE,2,1,0,0,4,2.00,0.00,-2.00,-100.0000,,,,,,,,,,,,,,,,
2026-09-08 17:17:06,2026-09-08,SPY_CLOSE_H2,207,,2,,,,,,,207,134,67,2745.00,2044.00,-701.00,-25.5373,122543,50,NC2_W5,45-40-35,ZONA_40,FORTE,2,1,0,0,45,2.00,0.00,-2.00,-100.0000,,,,,,,,,,,,,,,,
2026-09-08 17:17:06,2026-09-08,SPY_CLOSE_H1,207,,1,,,,,,,207,134,67,2745.00,2044.00,-701.00,-25.5373,122544,45,C3plus,40-15-54,MOD5,MULTIPLA,1,0,0,0,,1.00,0.00,-1.00,-100.0000,,,,,,,,,,,,,,,,
2026-09-08 17:17:06,2026-09-08,SPY_CLOSE_H1,207,,1,,,,,,,207,134,67,2745.00,2044.00,-701.00,-25.5373,122545,76,C2_exact,23-13-70,ALTRO,MULTIPLA,1,1,0,0,13,1.00,0.00,-1.00,-100.0000,,,,,,,,,,,,,,,,
2026-09-08 17:17:06,2026-09-08,SPY_CLOSE_H1,207,,1,,,,,,,207,134,67,2745.00,2044.00,-701.00,-25.5373,122546,50,C1_exact,45-39-81,ALTRO,MULTIPLA,1,1,0,0,39,1.00,0.00,-1.00,-100.0000,,,,,,,,,,,,,,,,
2026-09-08 17:17:06,2026-09-08,SPY_CLOSE_H1,207,,1,,,,,,,207,134,67,2745.00,2044.00,-701.00,-25.5373,122547,57,NC2_W3_gap,77-64-81,ALTRO,MULTIPLA,1,1,0,0,77,1.00,0.00,-1.00,-100.0000,,,,,,,,,,,,,,,,
2026-09-08 17:17:06,2026-09-08,SPY_CLOSE_H1,207,,1,,,,,,,207,134,67,2745.00,2044.00,-701.00,-25.5373,122548,14,C2_exact,2-40-76,ALTRO,MULTIPLA,1,0,0,0,,1.00,0.00,-1.00,-100.0000,,,,,,,,,,,,,,,,
2026-09-08 17:17:06,2026-09-08,SPY_CLOSE_H1,207,,1,,,,,,,207,134,67,2745.00,2044.00,-701.00,-25.5373,122549,25,NC2_W5,20-46-6,ALTRO,MULTIPLA,1,1,0,0,46,1.00,0.00,-1.00,-100.0000,,,,,,,,,,,,,,,,
2026-09-08 17:17:06,2026-09-08,SPY_CLOSE_H1,207,,1,,,,,,,207,134,67,2745.00,2044.00,-701.00,-25.5373,122550,90,NC2_W5,87-89-88,DECINA,MULTIPLA,1,1,0,0,89,1.00,0.00,-1.00,-100.0000,,,,,,,,,,,,,,,,
2026-09-08 17:17:06,2026-09-08,SPY_CLOSE_H1,207,,1,,,,,,,207,134,67,2745.00,2044.00,-701.00,-25.5373,122551,57,NC3_W5_gap,73-28-63,MOD5,MULTIPLA,1,1,0,0,73,1.00,0.00,-1.00,-100.0000,,,,,,,,,,,,,,,,
2026-09-08 17:17:06,2026-09-08,SPY_CLOSE_H1,207,,1,,,,,,,207,134,67,2745.00,2044.00,-701.00,-25.5373,122552,87,NC2_W5,90-89-88,DECINA,MULTIPLA,1,1,0,0,89,1.00,0.00,-1.00,-100.0000,,,,,,,,,,,,,,,,
2026-09-08 17:17:06,2026-09-08,SPY_CLOSE_H1,207,,1,,,,,,,207,134,67,2745.00,2044.00,-701.00,-25.5373,122553,15,NC2_W5,10-16-82,ALTRO,MULTIPLA,1,0,0,0,,1.00,0.00,-1.00,-100.0000,,,,,,,,,,,,,,,,
2026-09-08 17:17:06,2026-09-08,SPY_CLOSE_H1,207,,1,,,,,,,207,134,67,2745.00,2044.00,-701.00,-25.5373,122554,33,C2_exact,26-29-87,ALTRO,MULTIPLA,1,1,0,0,26,1.00,0.00,-1.00,-100.0000,,,,,,,,,,,,,,,,
2026-09-08 17:17:06,2026-09-08,SPY_CLOSE_H1,207,,1,,,,,,,207,134,67,2745.00,2044.00,-701.00,-25.5373,122555,23,NC2_W3_gap,88-89-83,MOD5,MULTIPLA,1,1,0,0,89,1.00,0.00,-1.00,-100.0000,,,,,,,,,,,,,,,,
2026-09-08 17:17:06,2026-09-08,SPY_CLOSE_H1,207,,1,,,,,,,207,134,67,2745.00,2044.00,-701.00,-25.5373,122556,34,C1_exact,58-77-62,ALTRO,MULTIPLA,1,1,0,0,77,1.00,0.00,-1.00,-100.0000,,,,,,,,,,,,,,,,
2026-09-08 17:17:06,2026-09-08,SPY_CLOSE_H1,207,,1,,,,,,,207,134,67,2745.00,2044.00,-701.00,-25.5373,122557,14,NC3_W5_gap,89-90-76,ALTRO,MULTIPLA,1,1,0,0,89,1.00,0.00,-1.00,-100.0000,,,,,,,,,,,,,,,,
2026-09-08 17:17:06,2026-09-08,SPY_CLOSE_H1,207,,1,,,,,,,207,134,67,2745.00,2044.00,-701.00,-25.5373,122558,27,C1_exact,7-40-88,ALTRO,MULTIPLA,1,0,0,0,,1.00,0.00,-1.00,-100.0000,,,,,,,,,,,,,,,,
2026-09-08 17:17:06,2026-09-08,SPY_CLOSE_H1,207,,1,,,,,,,207,134,67,2745.00,2044.00,-701.00,-25.5373,122559,29,C1_exact,81-8-77,ALTRO,MULTIPLA,1,1,0,0,77,1.00,0.00,-1.00,-100.0000,,,,,,,,,,,,,,,,
2026-09-08 17:17:06,2026-09-08,SPY_CLOSE_H1,207,,1,,,,,,,207,134,67,2745.00,2044.00,-701.00,-25.5373,122560,15,NC2_W3_gap,89-10-90,MOD5,MULTIPLA,1,1,0,0,89,1.00,0.00,-1.00,-100.0000,,,,,,,,,,,,,,,,
2026-09-08 17:17:06,2026-09-08,SPY_CLOSE_H1,207,,1,,,,,,,207,134,67,2745.00,2044.00,-701.00,-25.5373,122561,23,C1_exact,88-57-14,ALTRO,MULTIPLA,1,1,0,0,57,1.00,0.00,-1.00,-100.0000,,,,,,,,,,,,,,,,
2026-09-08 17:17:06,2026-09-08,SPY_CLOSE_H1,207,,1,,,,,,,207,134,67,2745.00,2044.00,-701.00,-25.5373,122562,15,C1_exact,10-89-88,ALTRO,MULTIPLA,1,1,0,0,89,1.00,0.00,-1.00,-100.0000,,,,,,,,,,,,,,,,
2026-09-08 17:17:06,2026-09-08,SPY_CLOSE_H1,207,,1,,,,,,,207,134,67,2745.00,2044.00,-701.00,-25.5373,122563,5,C1_exact,88-87-89,DECINA,MULTIPLA,1,1,0,0,89,1.00,0.00,-1.00,-100.0000,,,,,,,,,,,,,,,,
2026-09-08 17:17:06,2026-09-08,SPY_CLOSE_H1,207,,1,,,,,,,207,134,67,2745.00,2044.00,-701.00,-25.5373,122564,17,C1_exact,90-86-88,DECINA,MULTIPLA,1,0,0,0,,1.00,0.00,-1.00,-100.0000,,,,,,,,,,,,,,,,
2026-09-08 17:17:06,2026-09-08,SPY_CLOSE_H1,207,,1,,,,,,,207,134,67,2745.00,2044.00,-701.00,-25.5373,122565,29,NC2_W5,89-18-81,ALTRO,MULTIPLA,1,1,0,0,89,1.00,0.00,-1.00,-100.0000,,,,,,,,,,,,,,,,
2026-09-08 17:17:06,2026-09-08,SPY_CLOSE_H1,207,,1,,,,,,,207,134,67,2745.00,2044.00,-701.00,-25.5373,122566,24,C1_exact,88-69-87,ALTRO,MULTIPLA,1,0,0,0,,1.00,0.00,-1.00,-100.0000,,,,,,,,,,,,,,,,
2026-09-08 17:17:06,2026-09-08,SPY_CLOSE_H1,207,,1,,,,,,,207,134,67,2745.00,2044.00,-701.00,-25.5373,122567,50,NC2_W5,45-40-35,ZONA_40,FORTE,1,0,0,0,,1.00,0.00,-1.00,-100.0000,,,,,,,,,,,,,,,,
2026-09-08 17:17:06,2026-09-08,SPY_OPEN,207,,,,,,,,,207,134,67,2745.00,2044.00,-701.00,-25.5373,122568,89,C1_exact,55-70-33,ALTRO,MULTIPLA,,,,,,,,,,,,,,,,,,,,,,,,,
2026-09-08 17:17:06,2026-09-08,SPY_OPEN,207,,,,,,,,,207,134,67,2745.00,2044.00,-701.00,-25.5373,122569,5,C2_exact,55-50-72,MOD5,MULTIPLA,,,,,,,,,,,,,,,,,,,,,,,,,
2026-09-08 17:17:06,2026-09-08,SPY_OPEN,207,,,,,,,,,207,134,67,2745.00,2044.00,-701.00,-25.5373,122570,57,C2_exact,55-87-15,ALTRO,MULTIPLA,,,,,,,,,,,,,,,,,,,,,,,,,
2026-09-08 17:17:06,2026-09-08,SPY_OPEN,207,,,,,,,,,207,134,67,2745.00,2044.00,-701.00,-25.5373,122571,77,NC3_W5_gap,29-50-5,ALTRO,MULTIPLA,,,,,,,,,,,,,,,,,,,,,,,,,
2026-09-08 17:17:06,2026-09-08,SPY_OPEN,207,,,,,,,,,207,134,67,2745.00,2044.00,-701.00,-25.5373,122572,25,NC2_W5,20-46-6,ALTRO,MULTIPLA,,,,,,,,,,,,,,,,,,,,,,,,,
2026-09-08 17:17:06,2026-09-08,SPY_OPEN,207,,,,,,,,,207,134,67,2745.00,2044.00,-701.00,-25.5373,122573,25,C1_exact,20-90-36,MOD5,MULTIPLA,,,,,,,,,,,,,,,,,,,,,,,,,
2026-09-08 17:17:06,2026-09-08,SPY_OPEN,207,,,,,,,,,207,134,67,2745.00,2044.00,-701.00,-25.5373,122574,90,NC2_W5,87-89-88,DECINA,MULTIPLA,,,,,,,,,,,,,,,,,,,,,,,,,
2026-09-08 17:17:06,2026-09-08,SPY_OPEN,207,,,,,,,,,207,134,67,2745.00,2044.00,-701.00,-25.5373,122575,57,NC3_W5_gap,73-28-63,MOD5,MULTIPLA,,,,,,,,,,,,,,,,,,,,,,,,,
2026-09-08 17:17:06,2026-09-08,SPY_OPEN,207,,,,,,,,,207,134,67,2745.00,2044.00,-701.00,-25.5373,122576,49,NC3_W5_gap,89-46-81,ALTRO,MULTIPLA,,,,,,,,,,,,,,,,,,,,,,,,,
2026-09-08 17:17:06,2026-09-08,SPY_OPEN,207,,,,,,,,,207,134,67,2745.00,2044.00,-701.00,-25.5373,122577,15,NC2_W5,10-16-82,ALTRO,MULTIPLA,,,,,,,,,,,,,,,,,,,,,,,,,
2026-09-08 17:17:06,2026-09-08,SPY_OPEN,207,,,,,,,,,207,134,67,2745.00,2044.00,-701.00,-25.5373,122578,74,C2_exact,89-86-40,ALTRO,MULTIPLA,,,,,,,,,,,,,,,,,,,,,,,,,
2026-09-08 17:17:06,2026-09-08,SPY_OPEN,207,,,,,,,,,207,134,67,2745.00,2044.00,-701.00,-25.5373,122579,39,NC2_W5,81-25-79,ALTRO,MULTIPLA,,,,,,,,,,,,,,,,,,,,,,,,,
2026-09-08 17:17:06,2026-09-08,SPY_OPEN,207,,,,,,,,,207,134,67,2745.00,2044.00,-701.00,-25.5373,122580,11,C1_exact,90-88-86,DECINA,MULTIPLA,,,,,,,,,,,,,,,,,,,,,,,,,
2026-09-08 17:17:06,2026-09-08,SPY_OPEN,207,,,,,,,,,207,134,67,2745.00,2044.00,-701.00,-25.5373,122581,4,C1_exact,88-89-90,DECINA,MULTIPLA,,,,,,,,,,,,,,,,,,,,,,,,,
2026-09-08 17:17:06,2026-09-08,SPY_OPEN,207,,,,,,,,,207,134,67,2745.00,2044.00,-701.00,-25.5373,122582,13,C1_exact,89-90-50,ALTRO,MULTIPLA,,,,,,,,,,,,,,,,,,,,,,,,,
2026-09-08 17:17:06,2026-09-08,SPY_OPEN,207,,,,,,,,,207,134,67,2745.00,2044.00,-701.00,-25.5373,122583,1,C1_exact,86-90-85,DECINA,MULTIPLA,,,,,,,,,,,,,,,,,,,,,,,,,
2026-09-08 17:17:06,2026-09-08,SPY_OPEN,207,,,,,,,,,207,134,67,2745.00,2044.00,-701.00,-25.5373,122584,50,NC2_W5,45-40-35,ZONA_40,FORTE,,,,,,,,,,,,,,,,,,,,,,,,,
2026-09-08 17:20:14,2026-09-08,SPY_CLOSE_H3,208,,3,,,,,,,207,134,67,2745.00,2044.00,-701.00,-25.5373,122527,9,C3plus,8-25-67,ALTRO,MULTIPLA,3,1,0,0,25,3.00,0.00,-3.00,-100.0000,,,,,,,,,,,,,,,,
2026-09-08 17:20:14,2026-09-08,SPY_CLOSE_H3,208,,3,,,,,,,207,134,67,2745.00,2044.00,-701.00,-25.5373,122528,45,C2_exact,40-35-30,MOD5,MULTIPLA,3,1,0,0,30,3.00,0.00,-3.00,-100.0000,,,,,,,,,,,,,,,,
2026-09-08 17:20:14,2026-09-08,SPY_CLOSE_H3,208,,3,,,,,,,207,134,67,2745.00,2044.00,-701.00,-25.5373,122529,90,C1_exact,55-45-24,MOD5,MULTIPLA,3,1,1,0,24-45,3.00,0.00,-3.00,-100.0000,,,,,,,,,,,,,,,,
2026-09-08 17:20:14,2026-09-08,SPY_CLOSE_H3,208,,3,,,,,,,207,134,67,2745.00,2044.00,-701.00,-25.5373,122530,79,NC2_W3_gap,32-31-49,ALTRO,MULTIPLA,3,1,1,0,32-49,3.00,0.00,-3.00,-100.0000,,,,,,,,,,,,,,,,
2026-09-08 17:20:14,2026-09-08,SPY_CLOSE_H3,208,,3,,,,,,,207,134,67,2745.00,2044.00,-701.00,-25.5373,122531,87,C1_exact,55-6-3,ALTRO,MULTIPLA,3,0,0,0,,3.00,0.00,-3.00,-100.0000,,,,,,,,,,,,,,,,
2026-09-08 17:20:14,2026-09-08,SPY_CLOSE_H3,208,,3,,,,,,,207,134,67,2745.00,2044.00,-701.00,-25.5373,122532,84,C2_exact,87-89-86,DECINA,MULTIPLA,3,1,0,0,86,3.00,0.00,-3.00,-100.0000,,,,,,,,,,,,,,,,
2026-09-08 17:20:14,2026-09-08,SPY_CLOSE_H3,208,,3,,,,,,,207,134,67,2745.00,2044.00,-701.00,-25.5373,122533,44,C2_exact,67-77-43,ALTRO,MULTIPLA,3,1,1,1,43-67-77,3.00,45.00,42.00,1400.0000,,,,,,,,,,,,,,,,
2026-09-08 17:20:14,2026-09-08,SPY_CLOSE_H3,208,,3,,,,,,,207,134,67,2745.00,2044.00,-701.00,-25.5373,122534,44,NC3_W5_gap,15-73-66,ALTRO,MULTIPLA,3,1,1,0,66-73,3.00,0.00,-3.00,-100.0000,,,,,,,,,,,,,,,,
2026-09-08 17:20:14,2026-09-08,SPY_CLOSE_H3,208,,3,,,,,,,207,134,67,2745.00,2044.00,-701.00,-25.5373,122535,85,C1_exact,55-49-48,ALTRO,MULTIPLA,3,1,1,0,48-49,3.00,0.00,-3.00,-100.0000,,,,,,,,,,,,,,,,
2026-09-08 17:20:14,2026-09-08,SPY_CLOSE_H3,208,,3,,,,,,,207,134,67,2745.00,2044.00,-701.00,-25.5373,122536,25,NC2_W5,20-46-6,ALTRO,MULTIPLA,3,1,0,0,46,3.00,0.00,-3.00,-100.0000,,,,,,,,,,,,,,,,
2026-09-08 17:20:14,2026-09-08,SPY_CLOSE_H3,208,,3,,,,,,,207,134,67,2745.00,2044.00,-701.00,-25.5373,122537,90,NC2_W5,87-89-88,DECINA,MULTIPLA,3,1,0,0,89,3.00,0.00,-3.00,-100.0000,,,,,,,,,,,,,,,,
2026-09-08 17:20:14,2026-09-08,SPY_CLOSE_H3,208,,3,,,,,,,207,134,67,2745.00,2044.00,-701.00,-25.5373,122538,76,C1_exact,45-55-16,ALTRO,MULTIPLA,3,1,0,0,45,3.00,0.00,-3.00,-100.0000,,,,,,,,,,,,,,,,
2026-09-08 17:20:14,2026-09-08,SPY_CLOSE_H3,208,,3,,,,,,,207,134,67,2745.00,2044.00,-701.00,-25.5373,122539,87,NC2_W5,90-89-88,DECINA,MULTIPLA,3,1,0,0,89,3.00,0.00,-3.00,-100.0000,,,,,,,,,,,,,,,,
2026-09-08 17:20:14,2026-09-08,SPY_CLOSE_H3,208,,3,,,,,,,207,134,67,2745.00,2044.00,-701.00,-25.5373,122540,85,NC2_W5,89-90-88,DECINA,MULTIPLA,3,1,0,0,89,3.00,0.00,-3.00,-100.0000,,,,,,,,,,,,,,,,
2026-09-08 17:20:14,2026-09-08,SPY_CLOSE_H3,208,,3,,,,,,,207,134,67,2745.00,2044.00,-701.00,-25.5373,122541,14,C1_exact,90-89-88,DECINA,MULTIPLA,3,1,0,0,89,3.00,0.00,-3.00,-100.0000,,,,,,,,,,,,,,,,
2026-09-08 17:20:14,2026-09-08,SPY_CLOSE_H3,208,,3,,,,,,,207,134,67,2745.00,2044.00,-701.00,-25.5373,122542,56,NC3_W5_gap,55-21-4,PONTE_55,FORTE,3,1,0,0,4,3.00,0.00,-3.00,-100.0000,,,,,,,,,,,,,,,,
2026-09-08 17:20:14,2026-09-08,SPY_CLOSE_H3,208,,3,,,,,,,207,134,67,2745.00,2044.00,-701.00,-25.5373,122543,50,NC2_W5,45-40-35,ZONA_40,FORTE,3,1,0,0,45,3.00,0.00,-3.00,-100.0000,,,,,,,,,,,,,,,,
2026-09-08 17:20:14,2026-09-08,SPY_CLOSE_H2,208,,2,,,,,,,207,134,67,2745.00,2044.00,-701.00,-25.5373,122544,45,C3plus,40-15-54,MOD5,MULTIPLA,2,0,0,0,,2.00,0.00,-2.00,-100.0000,,,,,,,,,,,,,,,,
2026-09-08 17:20:14,2026-09-08,SPY_CLOSE_H2,208,,2,,,,,,,207,134,67,2745.00,2044.00,-701.00,-25.5373,122545,76,C2_exact,23-13-70,ALTRO,MULTIPLA,2,1,0,0,13,2.00,0.00,-2.00,-100.0000,,,,,,,,,,,,,,,,
2026-09-08 17:20:14,2026-09-08,SPY_CLOSE_H2,208,,2,,,,,,,207,134,67,2745.00,2044.00,-701.00,-25.5373,122546,50,C1_exact,45-39-81,ALTRO,MULTIPLA,2,1,0,0,39,2.00,0.00,-2.00,-100.0000,,,,,,,,,,,,,,,,
2026-09-08 17:20:14,2026-09-08,SPY_CLOSE_H2,208,,2,,,,,,,207,134,67,2745.00,2044.00,-701.00,-25.5373,122547,57,NC2_W3_gap,77-64-81,ALTRO,MULTIPLA,2,1,1,0,64-77,2.00,0.00,-2.00,-100.0000,,,,,,,,,,,,,,,,
2026-09-08 17:20:14,2026-09-08,SPY_CLOSE_H2,208,,2,,,,,,,207,134,67,2745.00,2044.00,-701.00,-25.5373,122548,14,C2_exact,2-40-76,ALTRO,MULTIPLA,2,0,0,0,,2.00,0.00,-2.00,-100.0000,,,,,,,,,,,,,,,,
2026-09-08 17:20:14,2026-09-08,SPY_CLOSE_H2,208,,2,,,,,,,207,134,67,2745.00,2044.00,-701.00,-25.5373,122549,25,NC2_W5,20-46-6,ALTRO,MULTIPLA,2,1,0,0,46,2.00,0.00,-2.00,-100.0000,,,,,,,,,,,,,,,,
2026-09-08 17:20:14,2026-09-08,SPY_CLOSE_H2,208,,2,,,,,,,207,134,67,2745.00,2044.00,-701.00,-25.5373,122550,90,NC2_W5,87-89-88,DECINA,MULTIPLA,2,1,0,0,89,2.00,0.00,-2.00,-100.0000,,,,,,,,,,,,,,,,
2026-09-08 17:20:14,2026-09-08,SPY_CLOSE_H2,208,,2,,,,,,,207,134,67,2745.00,2044.00,-701.00,-25.5373,122551,57,NC3_W5_gap,73-28-63,MOD5,MULTIPLA,2,1,0,0,73,2.00,0.00,-2.00,-100.0000,,,,,,,,,,,,,,,,
2026-09-08 17:20:14,2026-09-08,SPY_CLOSE_H2,208,,2,,,,,,,207,134,67,2745.00,2044.00,-701.00,-25.5373,122552,87,NC2_W5,90-89-88,DECINA,MULTIPLA,2,1,0,0,89,2.00,0.00,-2.00,-100.0000,,,,,,,,,,,,,,,,
2026-09-08 17:20:14,2026-09-08,SPY_CLOSE_H2,208,,2,,,,,,,207,134,67,2745.00,2044.00,-701.00,-25.5373,122553,15,NC2_W5,10-16-82,ALTRO,MULTIPLA,2,0,0,0,,2.00,0.00,-2.00,-100.0000,,,,,,,,,,,,,,,,
2026-09-08 17:20:14,2026-09-08,SPY_CLOSE_H2,208,,2,,,,,,,207,134,67,2745.00,2044.00,-701.00,-25.5373,122554,33,C2_exact,26-29-87,ALTRO,MULTIPLA,2,1,0,0,26,2.00,0.00,-2.00,-100.0000,,,,,,,,,,,,,,,,
2026-09-08 17:20:14,2026-09-08,SPY_CLOSE_H2,208,,2,,,,,,,207,134,67,2745.00,2044.00,-701.00,-25.5373,122555,23,NC2_W3_gap,88-89-83,MOD5,MULTIPLA,2,1,0,0,89,2.00,0.00,-2.00,-100.0000,,,,,,,,,,,,,,,,
2026-09-08 17:20:14,2026-09-08,SPY_CLOSE_H2,208,,2,,,,,,,207,134,67,2745.00,2044.00,-701.00,-25.5373,122556,34,C1_exact,58-77-62,ALTRO,MULTIPLA,2,1,0,0,77,2.00,0.00,-2.00,-100.0000,,,,,,,,,,,,,,,,
2026-09-08 17:20:14,2026-09-08,SPY_CLOSE_H2,208,,2,,,,,,,207,134,67,2745.00,2044.00,-701.00,-25.5373,122557,14,NC3_W5_gap,89-90-76,ALTRO,MULTIPLA,2,1,0,0,89,2.00,0.00,-2.00,-100.0000,,,,,,,,,,,,,,,,
2026-09-08 17:20:14,2026-09-08,SPY_CLOSE_H2,208,,2,,,,,,,207,134,67,2745.00,2044.00,-701.00,-25.5373,122558,27,C1_exact,7-40-88,ALTRO,MULTIPLA,2,1,0,0,7,2.00,0.00,-2.00,-100.0000,,,,,,,,,,,,,,,,
2026-09-08 17:20:14,2026-09-08,SPY_CLOSE_H2,208,,2,,,,,,,207,134,67,2745.00,2044.00,-701.00,-25.5373,122559,29,C1_exact,81-8-77,ALTRO,MULTIPLA,2,1,0,0,77,2.00,0.00,-2.00,-100.0000,,,,,,,,,,,,,,,,
2026-09-08 17:20:14,2026-09-08,SPY_CLOSE_H2,208,,2,,,,,,,207,134,67,2745.00,2044.00,-701.00,-25.5373,122560,15,NC2_W3_gap,89-10-90,MOD5,MULTIPLA,2,1,0,0,89,2.00,0.00,-2.00,-100.0000,,,,,,,,,,,,,,,,
2026-09-08 17:20:14,2026-09-08,SPY_CLOSE_H2,208,,2,,,,,,,207,134,67,2745.00,2044.00,-701.00,-25.5373,122561,23,C1_exact,88-57-14,ALTRO,MULTIPLA,2,1,0,0,57,2.00,0.00,-2.00,-100.0000,,,,,,,,,,,,,,,,
2026-09-08 17:20:14,2026-09-08,SPY_CLOSE_H2,208,,2,,,,,,,207,134,67,2745.00,2044.00,-701.00,-25.5373,122562,15,C1_exact,10-89-88,ALTRO,MULTIPLA,2,1,0,0,89,2.00,0.00,-2.00,-100.0000,,,,,,,,,,,,,,,,
2026-09-08 17:20:14,2026-09-08,SPY_CLOSE_H2,208,,2,,,,,,,207,134,67,2745.00,2044.00,-701.00,-25.5373,122563,5,C1_exact,88-87-89,DECINA,MULTIPLA,2,1,0,0,89,2.00,0.00,-2.00,-100.0000,,,,,,,,,,,,,,,,
2026-09-08 17:20:14,2026-09-08,SPY_CLOSE_H2,208,,2,,,,,,,207,134,67,2745.00,2044.00,-701.00,-25.5373,122564,17,C1_exact,90-86-88,DECINA,MULTIPLA,2,0,0,0,,2.00,0.00,-2.00,-100.0000,,,,,,,,,,,,,,,,
2026-09-08 17:20:14,2026-09-08,SPY_CLOSE_H2,208,,2,,,,,,,207,134,67,2745.00,2044.00,-701.00,-25.5373,122565,29,NC2_W5,89-18-81,ALTRO,MULTIPLA,2,1,0,0,89,2.00,0.00,-2.00,-100.0000,,,,,,,,,,,,,,,,
2026-09-08 17:20:14,2026-09-08,SPY_CLOSE_H2,208,,2,,,,,,,207,134,67,2745.00,2044.00,-701.00,-25.5373,122566,24,C1_exact,88-69-87,ALTRO,MULTIPLA,2,0,0,0,,2.00,0.00,-2.00,-100.0000,,,,,,,,,,,,,,,,
2026-09-08 17:20:14,2026-09-08,SPY_CLOSE_H2,208,,2,,,,,,,207,134,67,2745.00,2044.00,-701.00,-25.5373,122567,50,NC2_W5,45-40-35,ZONA_40,FORTE,2,1,0,0,45,2.00,0.00,-2.00,-100.0000,,,,,,,,,,,,,,,,
2026-09-08 17:20:14,2026-09-08,SPY_CLOSE_H1,208,,1,,,,,,,207,134,67,2745.00,2044.00,-701.00,-25.5373,122568,89,C1_exact,55-70-33,ALTRO,MULTIPLA,1,0,0,0,,1.00,0.00,-1.00,-100.0000,,,,,,,,,,,,,,,,
2026-09-08 17:20:14,2026-09-08,SPY_CLOSE_H1,208,,1,,,,,,,207,134,67,2745.00,2044.00,-701.00,-25.5373,122569,5,C2_exact,55-50-72,MOD5,MULTIPLA,1,1,0,0,50,1.00,0.00,-1.00,-100.0000,,,,,,,,,,,,,,,,
2026-09-08 17:20:14,2026-09-08,SPY_CLOSE_H1,208,,1,,,,,,,207,134,67,2745.00,2044.00,-701.00,-25.5373,122570,57,C2_exact,55-87-15,ALTRO,MULTIPLA,1,0,0,0,,1.00,0.00,-1.00,-100.0000,,,,,,,,,,,,,,,,
2026-09-08 17:20:14,2026-09-08,SPY_CLOSE_H1,208,,1,,,,,,,207,134,67,2745.00,2044.00,-701.00,-25.5373,122571,77,NC3_W5_gap,29-50-5,ALTRO,MULTIPLA,1,1,1,1,5-29-50,1.00,45.00,44.00,4400.0000,,,,,,,,,,,,,,,,
2026-09-08 17:20:14,2026-09-08,SPY_CLOSE_H1,208,,1,,,,,,,207,134,67,2745.00,2044.00,-701.00,-25.5373,122572,25,NC2_W5,20-46-6,ALTRO,MULTIPLA,1,1,0,0,46,1.00,0.00,-1.00,-100.0000,,,,,,,,,,,,,,,,
2026-09-08 17:20:14,2026-09-08,SPY_CLOSE_H1,208,,1,,,,,,,207,134,67,2745.00,2044.00,-701.00,-25.5373,122573,25,C1_exact,20-90-36,MOD5,MULTIPLA,1,1,0,0,36,1.00,0.00,-1.00,-100.0000,,,,,,,,,,,,,,,,
2026-09-08 17:20:14,2026-09-08,SPY_CLOSE_H1,208,,1,,,,,,,207,134,67,2745.00,2044.00,-701.00,-25.5373,122574,90,NC2_W5,87-89-88,DECINA,MULTIPLA,1,0,0,0,,1.00,0.00,-1.00,-100.0000,,,,,,,,,,,,,,,,
2026-09-08 17:20:14,2026-09-08,SPY_CLOSE_H1,208,,1,,,,,,,207,134,67,2745.00,2044.00,-701.00,-25.5373,122575,57,NC3_W5_gap,73-28-63,MOD5,MULTIPLA,1,0,0,0,,1.00,0.00,-1.00,-100.0000,,,,,,,,,,,,,,,,
2026-09-08 17:20:14,2026-09-08,SPY_CLOSE_H1,208,,1,,,,,,,207,134,67,2745.00,2044.00,-701.00,-25.5373,122576,49,NC3_W5_gap,89-46-81,ALTRO,MULTIPLA,1,1,0,0,46,1.00,0.00,-1.00,-100.0000,,,,,,,,,,,,,,,,
2026-09-08 17:20:14,2026-09-08,SPY_CLOSE_H1,208,,1,,,,,,,207,134,67,2745.00,2044.00,-701.00,-25.5373,122577,15,NC2_W5,10-16-82,ALTRO,MULTIPLA,1,0,0,0,,1.00,0.00,-1.00,-100.0000,,,,,,,,,,,,,,,,
2026-09-08 17:20:14,2026-09-08,SPY_CLOSE_H1,208,,1,,,,,,,207,134,67,2745.00,2044.00,-701.00,-25.5373,122578,74,C2_exact,89-86-40,ALTRO,MULTIPLA,1,0,0,0,,1.00,0.00,-1.00,-100.0000,,,,,,,,,,,,,,,,
2026-09-08 17:20:14,2026-09-08,SPY_CLOSE_H1,208,,1,,,,,,,207,134,67,2745.00,2044.00,-701.00,-25.5373,122579,39,NC2_W5,81-25-79,ALTRO,MULTIPLA,1,1,0,0,79,1.00,0.00,-1.00,-100.0000,,,,,,,,,,,,,,,,
2026-09-08 17:20:14,2026-09-08,SPY_CLOSE_H1,208,,1,,,,,,,207,134,67,2745.00,2044.00,-701.00,-25.5373,122580,11,C1_exact,90-88-86,DECINA,MULTIPLA,1,0,0,0,,1.00,0.00,-1.00,-100.0000,,,,,,,,,,,,,,,,
2026-09-08 17:20:14,2026-09-08,SPY_CLOSE_H1,208,,1,,,,,,,207,134,67,2745.00,2044.00,-701.00,-25.5373,122581,4,C1_exact,88-89-90,DECINA,MULTIPLA,1,0,0,0,,1.00,0.00,-1.00,-100.0000,,,,,,,,,,,,,,,,
2026-09-08 17:20:14,2026-09-08,SPY_CLOSE_H1,208,,1,,,,,,,207,134,67,2745.00,2044.00,-701.00,-25.5373,122582,13,C1_exact,89-90-50,ALTRO,MULTIPLA,1,1,0,0,50,1.00,0.00,-1.00,-100.0000,,,,,,,,,,,,,,,,
2026-09-08 17:20:14,2026-09-08,SPY_CLOSE_H1,208,,1,,,,,,,207,134,67,2745.00,2044.00,-701.00,-25.5373,122583,1,C1_exact,86-90-85,DECINA,MULTIPLA,1,0,0,0,,1.00,0.00,-1.00,-100.0000,,,,,,,,,,,,,,,,
2026-09-08 17:20:14,2026-09-08,SPY_CLOSE_H1,208,,1,,,,,,,207,134,67,2745.00,2044.00,-701.00,-25.5373,122584,50,NC2_W5,45-40-35,ZONA_40,FORTE,1,1,0,0,45,1.00,0.00,-1.00,-100.0000,,,,,,,,,,,,,,,,
2026-09-08 17:20:14,2026-09-08,PAIRLAB_STOP,208,,,,,,,,,207,134,67,2745.00,2044.00,-701.00,-25.5373,,,,,,,,,,,,,,,,,3,,88-89,STOP_H3,,,,,,,,,,,
2026-09-08 17:20:14,2026-09-08,STRICTLAB_FORWARD_STOP,208,,,,,,,,,207,134,67,2745.00,2044.00,-701.00,-25.5373,,,,,,,,,,,,,,,,,3,,88-89,FORWARD_STOP_H3,,,,,,,,,,,
2026-09-08 17:20:14,2026-09-08,SPY_OPEN,208,,,,,,,,,207,134,67,2745.00,2044.00,-701.00,-25.5373,122585,30,C2_exact,25-20-1,CATENA_5,MULTIPLA,,,,,,,,,,,,,,,,,,,,,,,,,
2026-09-08 17:20:14,2026-09-08,SPY_OPEN,208,,,,,,,,,207,134,67,2745.00,2044.00,-701.00,-25.5373,122586,50,NC2_W3_gap,45-39-25,MOD5,MULTIPLA,,,,,,,,,,,,,,,,,,,,,,,,,
2026-09-08 17:20:14,2026-09-08,SPY_OPEN,208,,,,,,,,,207,134,67,2745.00,2044.00,-701.00,-25.5373,122587,45,NC2_W3_gap,40-30-73,MOD5,MULTIPLA,,,,,,,,,,,,,,,,,,,,,,,,,
2026-09-08 17:20:14,2026-09-08,SPY_OPEN,208,,,,,,,,,207,134,67,2745.00,2044.00,-701.00,-25.5373,122588,9,NC3_W5_gap,28-35-8,ALTRO,MULTIPLA,,,,,,,,,,,,,,,,,,,,,,,,,
2026-09-08 17:20:14,2026-09-08,SPY_OPEN,208,,,,,,,,,207,134,67,2745.00,2044.00,-701.00,-25.5373,122589,29,NC2_W3_gap,81-32-42,ALTRO,MULTIPLA,,,,,,,,,,,,,,,,,,,,,,,,,
2026-09-08 17:20:14,2026-09-08,SPY_OPEN,208,,,,,,,,,207,134,67,2745.00,2044.00,-701.00,-25.5373,122590,50,C1_exact,45-39-81,ALTRO,MULTIPLA,,,,,,,,,,,,,,,,,,,,,,,,,
2026-09-08 17:20:14,2026-09-08,SPY_OPEN,208,,,,,,,,,207,134,67,2745.00,2044.00,-701.00,-25.5373,122591,25,NC2_W5,20-46-6,ALTRO,MULTIPLA,,,,,,,,,,,,,,,,,,,,,,,,,
2026-09-08 17:20:14,2026-09-08,SPY_OPEN,208,,,,,,,,,207,134,67,2745.00,2044.00,-701.00,-25.5373,122592,30,NC3_W5_gap,10-25-15,CATENA_5,MULTIPLA,,,,,,,,,,,,,,,,,,,,,,,,,
2026-09-08 17:20:14,2026-09-08,SPY_OPEN,208,,,,,,,,,207,134,67,2745.00,2044.00,-701.00,-25.5373,122593,45,C1_exact,40-35-90,MOD5,MULTIPLA,,,,,,,,,,,,,,,,,,,,,,,,,
2026-09-08 17:20:14,2026-09-08,SPY_OPEN,208,,,,,,,,,207,134,67,2745.00,2044.00,-701.00,-25.5373,122594,57,NC3_W5_gap,73-28-63,MOD5,MULTIPLA,,,,,,,,,,,,,,,,,,,,,,,,,
2026-09-08 17:20:14,2026-09-08,SPY_OPEN,208,,,,,,,,,207,134,67,2745.00,2044.00,-701.00,-25.5373,122595,80,C1_exact,3-55-44,ALTRO,MULTIPLA,,,,,,,,,,,,,,,,,,,,,,,,,
2026-09-08 17:20:14,2026-09-08,SPY_OPEN,208,,,,,,,,,207,134,67,2745.00,2044.00,-701.00,-25.5373,122596,61,C1_exact,19-59-83,ALTRO,MULTIPLA,,,,,,,,,,,,,,,,,,,,,,,,,
2026-09-08 17:20:14,2026-09-08,SPY_OPEN,208,,,,,,,,,207,134,67,2745.00,2044.00,-701.00,-25.5373,122597,15,NC2_W5,10-16-82,ALTRO,MULTIPLA,,,,,,,,,,,,,,,,,,,,,,,,,
2026-09-08 17:20:14,2026-09-08,SPY_OPEN,208,,,,,,,,,207,134,67,2745.00,2044.00,-701.00,-25.5373,122598,39,NC2_W5,81-25-79,ALTRO,MULTIPLA,,,,,,,,,,,,,,,,,,,,,,,,,
2026-09-08 17:20:14,2026-09-08,SPY_OPEN,208,,,,,,,,,207,134,67,2745.00,2044.00,-701.00,-25.5373,122599,29,C1_exact,81-8-77,ALTRO,MULTIPLA,,,,,,,,,,,,,,,,,,,,,,,,,
2026-09-08 17:20:14,2026-09-08,SPY_OPEN,208,,,,,,,,,207,134,67,2745.00,2044.00,-701.00,-25.5373,122600,7,C1_exact,69-89-4,MOD5,MULTIPLA,,,,,,,,,,,,,,,,,,,,,,,,,
2026-09-08 17:20:14,2026-09-08,SPY_OPEN,208,,,,,,,,,207,134,67,2745.00,2044.00,-701.00,-25.5373,122601,21,C1_exact,51-88-84,ALTRO,MULTIPLA,,,,,,,,,,,,,,,,,,,,,,,,,
2026-09-08 17:20:14,2026-09-08,SPY_OPEN,208,,,,,,,,,207,134,67,2745.00,2044.00,-701.00,-25.5373,122602,29,NC2_W5,89-18-81,ALTRO,MULTIPLA,,,,,,,,,,,,,,,,,,,,,,,,,
2026-09-08 17:20:14,2026-09-08,SPY_OPEN,208,,,,,,,,,207,134,67,2745.00,2044.00,-701.00,-25.5373,122603,9,C1_exact,90-62-89,ALTRO,MULTIPLA,,,,,,,,,,,,,,,,,,,,,,,,,
2026-09-08 17:20:14,2026-09-08,SPY_OPEN,208,,,,,,,,,207,134,67,2745.00,2044.00,-701.00,-25.5373,122604,5,C3plus,4-55-56,PONTE_55,FORTE,,,,,,,,,,,,,,,,,,,,,,,,,
2026-09-08 17:20:14,2026-09-08,SPY_OPEN,208,,,,,,,,,207,134,67,2745.00,2044.00,-701.00,-25.5373,122605,50,NC2_W5,45-40-35,ZONA_40,FORTE,,,,,,,,,,,,,,,,,,,,,,,,,
2026-09-08 17:25:23,2026-09-08,SPY_CLOSE_H3,209,,3,,,,,,,207,134,67,2745.00,2044.00,-701.00,-25.5373,122544,45,C3plus,40-15-54,MOD5,MULTIPLA,3,1,0,0,40,3.00,0.00,-3.00,-100.0000,,,,,,,,,,,,,,,,
2026-09-08 17:25:23,2026-09-08,SPY_CLOSE_H3,209,,3,,,,,,,207,134,67,2745.00,2044.00,-701.00,-25.5373,122545,76,C2_exact,23-13-70,ALTRO,MULTIPLA,3,1,0,0,13,3.00,0.00,-3.00,-100.0000,,,,,,,,,,,,,,,,
2026-09-08 17:25:23,2026-09-08,SPY_CLOSE_H3,209,,3,,,,,,,207,134,67,2745.00,2044.00,-701.00,-25.5373,122546,50,C1_exact,45-39-81,ALTRO,MULTIPLA,3,1,0,0,39,3.00,0.00,-3.00,-100.0000,,,,,,,,,,,,,,,,
2026-09-08 17:25:23,2026-09-08,SPY_CLOSE_H3,209,,3,,,,,,,207,134,67,2745.00,2044.00,-701.00,-25.5373,122547,57,NC2_W3_gap,77-64-81,ALTRO,MULTIPLA,3,1,1,0,64-77,3.00,0.00,-3.00,-100.0000,,,,,,,,,,,,,,,,
2026-09-08 17:25:23,2026-09-08,SPY_CLOSE_H3,209,,3,,,,,,,207,134,67,2745.00,2044.00,-701.00,-25.5373,122548,14,C2_exact,2-40-76,ALTRO,MULTIPLA,3,1,1,0,40-76,3.00,0.00,-3.00,-100.0000,,,,,,,,,,,,,,,,
2026-09-08 17:25:23,2026-09-08,SPY_CLOSE_H3,209,,3,,,,,,,207,134,67,2745.00,2044.00,-701.00,-25.5373,122549,25,NC2_W5,20-46-6,ALTRO,MULTIPLA,3,1,0,0,46,3.00,0.00,-3.00,-100.0000,,,,,,,,,,,,,,,,
2026-09-08 17:25:23,2026-09-08,SPY_CLOSE_H3,209,,3,,,,,,,207,134,67,2745.00,2044.00,-701.00,-25.5373,122550,90,NC2_W5,87-89-88,DECINA,MULTIPLA,3,1,0,0,89,3.00,0.00,-3.00,-100.0000,,,,,,,,,,,,,,,,
2026-09-08 17:25:23,2026-09-08,SPY_CLOSE_H3,209,,3,,,,,,,207,134,67,2745.00,2044.00,-701.00,-25.5373,122551,57,NC3_W5_gap,73-28-63,MOD5,MULTIPLA,3,1,0,0,73,3.00,0.00,-3.00,-100.0000,,,,,,,,,,,,,,,,
2026-09-08 17:25:23,2026-09-08,SPY_CLOSE_H3,209,,3,,,,,,,207,134,67,2745.00,2044.00,-701.00,-25.5373,122552,87,NC2_W5,90-89-88,DECINA,MULTIPLA,3,1,0,0,89,3.00,0.00,-3.00,-100.0000,,,,,,,,,,,,,,,,
2026-09-08 17:25:23,2026-09-08,SPY_CLOSE_H3,209,,3,,,,,,,207,134,67,2745.00,2044.00,-701.00,-25.5373,122553,15,NC2_W5,10-16-82,ALTRO,MULTIPLA,3,1,0,0,16,3.00,0.00,-3.00,-100.0000,,,,,,,,,,,,,,,,
2026-09-08 17:25:23,2026-09-08,SPY_CLOSE_H3,209,,3,,,,,,,207,134,67,2745.00,2044.00,-701.00,-25.5373,122554,33,C2_exact,26-29-87,ALTRO,MULTIPLA,3,1,0,0,26,3.00,0.00,-3.00,-100.0000,,,,,,,,,,,,,,,,
2026-09-08 17:25:23,2026-09-08,SPY_CLOSE_H3,209,,3,,,,,,,207,134,67,2745.00,2044.00,-701.00,-25.5373,122555,23,NC2_W3_gap,88-89-83,MOD5,MULTIPLA,3,1,0,0,89,3.00,0.00,-3.00,-100.0000,,,,,,,,,,,,,,,,
2026-09-08 17:25:23,2026-09-08,SPY_CLOSE_H3,209,,3,,,,,,,207,134,67,2745.00,2044.00,-701.00,-25.5373,122556,34,C1_exact,58-77-62,ALTRO,MULTIPLA,3,1,0,0,77,3.00,0.00,-3.00,-100.0000,,,,,,,,,,,,,,,,
2026-09-08 17:25:23,2026-09-08,SPY_CLOSE_H3,209,,3,,,,,,,207,134,67,2745.00,2044.00,-701.00,-25.5373,122557,14,NC3_W5_gap,89-90-76,ALTRO,MULTIPLA,3,1,0,0,89,3.00,0.00,-3.00,-100.0000,,,,,,,,,,,,,,,,
2026-09-08 17:25:23,2026-09-08,SPY_CLOSE_H3,209,,3,,,,,,,207,134,67,2745.00,2044.00,-701.00,-25.5373,122558,27,C1_exact,7-40-88,ALTRO,MULTIPLA,3,1,0,0,7,3.00,0.00,-3.00,-100.0000,,,,,,,,,,,,,,,,
2026-09-08 17:25:23,2026-09-08,SPY_CLOSE_H3,209,,3,,,,,,,207,134,67,2745.00,2044.00,-701.00,-25.5373,122559,29,C1_exact,81-8-77,ALTRO,MULTIPLA,3,1,0,0,77,3.00,0.00,-3.00,-100.0000,,,,,,,,,,,,,,,,
2026-09-08 17:25:23,2026-09-08,SPY_CLOSE_H3,209,,3,,,,,,,207,134,67,2745.00,2044.00,-701.00,-25.5373,122560,15,NC2_W3_gap,89-10-90,MOD5,MULTIPLA,3,1,0,0,89,3.00,0.00,-3.00,-100.0000,,,,,,,,,,,,,,,,
2026-09-08 17:25:23,2026-09-08,SPY_CLOSE_H3,209,,3,,,,,,,207,134,67,2745.00,2044.00,-701.00,-25.5373,122561,23,C1_exact,88-57-14,ALTRO,MULTIPLA,3,1,0,0,57,3.00,0.00,-3.00,-100.0000,,,,,,,,,,,,,,,,
2026-09-08 17:25:23,2026-09-08,SPY_CLOSE_H3,209,,3,,,,,,,207,134,67,2745.00,2044.00,-701.00,-25.5373,122562,15,C1_exact,10-89-88,ALTRO,MULTIPLA,3,1,0,0,89,3.00,0.00,-3.00,-100.0000,,,,,,,,,,,,,,,,
2026-09-08 17:25:23,2026-09-08,SPY_CLOSE_H3,209,,3,,,,,,,207,134,67,2745.00,2044.00,-701.00,-25.5373,122563,5,C1_exact,88-87-89,DECINA,MULTIPLA,3,1,0,0,89,3.00,0.00,-3.00,-100.0000,,,,,,,,,,,,,,,,
2026-09-08 17:25:23,2026-09-08,SPY_CLOSE_H3,209,,3,,,,,,,207,134,67,2745.00,2044.00,-701.00,-25.5373,122564,17,C1_exact,90-86-88,DECINA,MULTIPLA,3,0,0,0,,3.00,0.00,-3.00,-100.0000,,,,,,,,,,,,,,,,
2026-09-08 17:25:23,2026-09-08,SPY_CLOSE_H3,209,,3,,,,,,,207,134,67,2745.00,2044.00,-701.00,-25.5373,122565,29,NC2_W5,89-18-81,ALTRO,MULTIPLA,3,1,0,0,89,3.00,0.00,-3.00,-100.0000,,,,,,,,,,,,,,,,
2026-09-08 17:25:23,2026-09-08,SPY_CLOSE_H3,209,,3,,,,,,,207,134,67,2745.00,2044.00,-701.00,-25.5373,122566,24,C1_exact,88-69-87,ALTRO,MULTIPLA,3,0,0,0,,3.00,0.00,-3.00,-100.0000,,,,,,,,,,,,,,,,
2026-09-08 17:25:23,2026-09-08,SPY_CLOSE_H3,209,,3,,,,,,,207,134,67,2745.00,2044.00,-701.00,-25.5373,122567,50,NC2_W5,45-40-35,ZONA_40,FORTE,3,1,0,0,45,3.00,0.00,-3.00,-100.0000,,,,,,,,,,,,,,,,
2026-09-08 17:25:23,2026-09-08,SPY_CLOSE_H2,209,,2,,,,,,,207,134,67,2745.00,2044.00,-701.00,-25.5373,122568,89,C1_exact,55-70-33,ALTRO,MULTIPLA,2,1,0,0,55,2.00,0.00,-2.00,-100.0000,,,,,,,,,,,,,,,,
2026-09-08 17:25:23,2026-09-08,SPY_CLOSE_H2,209,,2,,,,,,,207,134,67,2745.00,2044.00,-701.00,-25.5373,122569,5,C2_exact,55-50-72,MOD5,MULTIPLA,2,1,0,0,50,2.00,0.00,-2.00,-100.0000,,,,,,,,,,,,,,,,
2026-09-08 17:25:23,2026-09-08,SPY_CLOSE_H2,209,,2,,,,,,,207,134,67,2745.00,2044.00,-701.00,-25.5373,122570,57,C2_exact,55-87-15,ALTRO,MULTIPLA,2,1,0,0,55,2.00,0.00,-2.00,-100.0000,,,,,,,,,,,,,,,,
2026-09-08 17:25:23,2026-09-08,SPY_CLOSE_H2,209,,2,,,,,,,207,134,67,2745.00,2044.00,-701.00,-25.5373,122571,77,NC3_W5_gap,29-50-5,ALTRO,MULTIPLA,2,1,1,1,5-29-50,1.00,45.00,44.00,4400.0000,,,,,,,,,,,,,,,,
2026-09-08 17:25:23,2026-09-08,SPY_CLOSE_H2,209,,2,,,,,,,207,134,67,2745.00,2044.00,-701.00,-25.5373,122572,25,NC2_W5,20-46-6,ALTRO,MULTIPLA,2,1,0,0,46,2.00,0.00,-2.00,-100.0000,,,,,,,,,,,,,,,,
2026-09-08 17:25:23,2026-09-08,SPY_CLOSE_H2,209,,2,,,,,,,207,134,67,2745.00,2044.00,-701.00,-25.5373,122573,25,C1_exact,20-90-36,MOD5,MULTIPLA,2,1,0,0,36,2.00,0.00,-2.00,-100.0000,,,,,,,,,,,,,,,,
2026-09-08 17:25:23,2026-09-08,SPY_CLOSE_H2,209,,2,,,,,,,207,134,67,2745.00,2044.00,-701.00,-25.5373,122574,90,NC2_W5,87-89-88,DECINA,MULTIPLA,2,0,0,0,,2.00,0.00,-2.00,-100.0000,,,,,,,,,,,,,,,,
2026-09-08 17:25:23,2026-09-08,SPY_CLOSE_H2,209,,2,,,,,,,207,134,67,2745.00,2044.00,-701.00,-25.5373,122575,57,NC3_W5_gap,73-28-63,MOD5,MULTIPLA,2,1,0,0,63,2.00,0.00,-2.00,-100.0000,,,,,,,,,,,,,,,,
2026-09-08 17:25:23,2026-09-08,SPY_CLOSE_H2,209,,2,,,,,,,207,134,67,2745.00,2044.00,-701.00,-25.5373,122576,49,NC3_W5_gap,89-46-81,ALTRO,MULTIPLA,2,1,0,0,46,2.00,0.00,-2.00,-100.0000,,,,,,,,,,,,,,,,
2026-09-08 17:25:23,2026-09-08,SPY_CLOSE_H2,209,,2,,,,,,,207,134,67,2745.00,2044.00,-701.00,-25.5373,122577,15,NC2_W5,10-16-82,ALTRO,MULTIPLA,2,1,0,0,16,2.00,0.00,-2.00,-100.0000,,,,,,,,,,,,,,,,
2026-09-08 17:25:23,2026-09-08,SPY_CLOSE_H2,209,,2,,,,,,,207,134,67,2745.00,2044.00,-701.00,-25.5373,122578,74,C2_exact,89-86-40,ALTRO,MULTIPLA,2,1,0,0,40,2.00,0.00,-2.00,-100.0000,,,,,,,,,,,,,,,,
2026-09-08 17:25:23,2026-09-08,SPY_CLOSE_H2,209,,2,,,,,,,207,134,67,2745.00,2044.00,-701.00,-25.5373,122579,39,NC2_W5,81-25-79,ALTRO,MULTIPLA,2,1,0,0,79,2.00,0.00,-2.00,-100.0000,,,,,,,,,,,,,,,,
2026-09-08 17:25:23,2026-09-08,SPY_CLOSE_H2,209,,2,,,,,,,207,134,67,2745.00,2044.00,-701.00,-25.5373,122580,11,C1_exact,90-88-86,DECINA,MULTIPLA,2,0,0,0,,2.00,0.00,-2.00,-100.0000,,,,,,,,,,,,,,,,
2026-09-08 17:25:23,2026-09-08,SPY_CLOSE_H2,209,,2,,,,,,,207,134,67,2745.00,2044.00,-701.00,-25.5373,122581,4,C1_exact,88-89-90,DECINA,MULTIPLA,2,0,0,0,,2.00,0.00,-2.00,-100.0000,,,,,,,,,,,,,,,,
2026-09-08 17:25:23,2026-09-08,SPY_CLOSE_H2,209,,2,,,,,,,207,134,67,2745.00,2044.00,-701.00,-25.5373,122582,13,C1_exact,89-90-50,ALTRO,MULTIPLA,2,1,0,0,50,2.00,0.00,-2.00,-100.0000,,,,,,,,,,,,,,,,
2026-09-08 17:25:23,2026-09-08,SPY_CLOSE_H2,209,,2,,,,,,,207,134,67,2745.00,2044.00,-701.00,-25.5373,122583,1,C1_exact,86-90-85,DECINA,MULTIPLA,2,1,0,0,85,2.00,0.00,-2.00,-100.0000,,,,,,,,,,,,,,,,
2026-09-08 17:25:23,2026-09-08,SPY_CLOSE_H2,209,,2,,,,,,,207,134,67,2745.00,2044.00,-701.00,-25.5373,122584,50,NC2_W5,45-40-35,ZONA_40,FORTE,2,1,0,0,45,2.00,0.00,-2.00,-100.0000,,,,,,,,,,,,,,,,
2026-09-08 17:25:23,2026-09-08,SPY_CLOSE_H1,209,,1,,,,,,,207,134,67,2745.00,2044.00,-701.00,-25.5373,122585,30,C2_exact,25-20-1,CATENA_5,MULTIPLA,1,1,0,0,1,1.00,0.00,-1.00,-100.0000,,,,,,,,,,,,,,,,
2026-09-08 17:25:23,2026-09-08,SPY_CLOSE_H1,209,,1,,,,,,,207,134,67,2745.00,2044.00,-701.00,-25.5373,122586,50,NC2_W3_gap,45-39-25,MOD5,MULTIPLA,1,0,0,0,,1.00,0.00,-1.00,-100.0000,,,,,,,,,,,,,,,,
2026-09-08 17:25:23,2026-09-08,SPY_CLOSE_H1,209,,1,,,,,,,207,134,67,2745.00,2044.00,-701.00,-25.5373,122587,45,NC2_W3_gap,40-30-73,MOD5,MULTIPLA,1,1,0,0,40,1.00,0.00,-1.00,-100.0000,,,,,,,,,,,,,,,,
2026-09-08 17:25:23,2026-09-08,SPY_CLOSE_H1,209,,1,,,,,,,207,134,67,2745.00,2044.00,-701.00,-25.5373,122588,9,NC3_W5_gap,28-35-8,ALTRO,MULTIPLA,1,0,0,0,,1.00,0.00,-1.00,-100.0000,,,,,,,,,,,,,,,,
2026-09-08 17:25:23,2026-09-08,SPY_CLOSE_H1,209,,1,,,,,,,207,134,67,2745.00,2044.00,-701.00,-25.5373,122589,29,NC2_W3_gap,81-32-42,ALTRO,MULTIPLA,1,0,0,0,,1.00,0.00,-1.00,-100.0000,,,,,,,,,,,,,,,,
2026-09-08 17:25:23,2026-09-08,SPY_CLOSE_H1,209,,1,,,,,,,207,134,67,2745.00,2044.00,-701.00,-25.5373,122590,50,C1_exact,45-39-81,ALTRO,MULTIPLA,1,0,0,0,,1.00,0.00,-1.00,-100.0000,,,,,,,,,,,,,,,,
2026-09-08 17:25:23,2026-09-08,SPY_CLOSE_H1,209,,1,,,,,,,207,134,67,2745.00,2044.00,-701.00,-25.5373,122591,25,NC2_W5,20-46-6,ALTRO,MULTIPLA,1,1,0,0,46,1.00,0.00,-1.00,-100.0000,,,,,,,,,,,,,,,,
2026-09-08 17:25:23,2026-09-08,SPY_CLOSE_H1,209,,1,,,,,,,207,134,67,2745.00,2044.00,-701.00,-25.5373,122592,30,NC3_W5_gap,10-25-15,CATENA_5,MULTIPLA,1,0,0,0,,1.00,0.00,-1.00,-100.0000,,,,,,,,,,,,,,,,
2026-09-08 17:25:23,2026-09-08,SPY_CLOSE_H1,209,,1,,,,,,,207,134,67,2745.00,2044.00,-701.00,-25.5373,122593,45,C1_exact,40-35-90,MOD5,MULTIPLA,1,1,0,0,40,1.00,0.00,-1.00,-100.0000,,,,,,,,,,,,,,,,
2026-09-08 17:25:23,2026-09-08,SPY_CLOSE_H1,209,,1,,,,,,,207,134,67,2745.00,2044.00,-701.00,-25.5373,122594,57,NC3_W5_gap,73-28-63,MOD5,MULTIPLA,1,1,0,0,63,1.00,0.00,-1.00,-100.0000,,,,,,,,,,,,,,,,
2026-09-08 17:25:23,2026-09-08,SPY_CLOSE_H1,209,,1,,,,,,,207,134,67,2745.00,2044.00,-701.00,-25.5373,122595,80,C1_exact,3-55-44,ALTRO,MULTIPLA,1,1,1,0,44-55,1.00,0.00,-1.00,-100.0000,,,,,,,,,,,,,,,,
2026-09-08 17:25:23,2026-09-08,SPY_CLOSE_H1,209,,1,,,,,,,207,134,67,2745.00,2044.00,-701.00,-25.5373,122596,61,C1_exact,19-59-83,ALTRO,MULTIPLA,1,1,0,0,83,1.00,0.00,-1.00,-100.0000,,,,,,,,,,,,,,,,
2026-09-08 17:25:23,2026-09-08,SPY_CLOSE_H1,209,,1,,,,,,,207,134,67,2745.00,2044.00,-701.00,-25.5373,122597,15,NC2_W5,10-16-82,ALTRO,MULTIPLA,1,1,0,0,16,1.00,0.00,-1.00,-100.0000,,,,,,,,,,,,,,,,
2026-09-08 17:25:23,2026-09-08,SPY_CLOSE_H1,209,,1,,,,,,,207,134,67,2745.00,2044.00,-701.00,-25.5373,122598,39,NC2_W5,81-25-79,ALTRO,MULTIPLA,1,0,0,0,,1.00,0.00,-1.00,-100.0000,,,,,,,,,,,,,,,,
2026-09-08 17:25:23,2026-09-08,SPY_CLOSE_H1,209,,1,,,,,,,207,134,67,2745.00,2044.00,-701.00,-25.5373,122599,29,C1_exact,81-8-77,ALTRO,MULTIPLA,1,0,0,0,,1.00,0.00,-1.00,-100.0000,,,,,,,,,,,,,,,,
2026-09-08 17:25:23,2026-09-08,SPY_CLOSE_H1,209,,1,,,,,,,207,134,67,2745.00,2044.00,-701.00,-25.5373,122600,7,C1_exact,69-89-4,MOD5,MULTIPLA,1,0,0,0,,1.00,0.00,-1.00,-100.0000,,,,,,,,,,,,,,,,
2026-09-08 17:25:23,2026-09-08,SPY_CLOSE_H1,209,,1,,,,,,,207,134,67,2745.00,2044.00,-701.00,-25.5373,122601,21,C1_exact,51-88-84,ALTRO,MULTIPLA,1,1,0,0,51,1.00,0.00,-1.00,-100.0000,,,,,,,,,,,,,,,,
2026-09-08 17:25:23,2026-09-08,SPY_CLOSE_H1,209,,1,,,,,,,207,134,67,2745.00,2044.00,-701.00,-25.5373,122602,29,NC2_W5,89-18-81,ALTRO,MULTIPLA,1,0,0,0,,1.00,0.00,-1.00,-100.0000,,,,,,,,,,,,,,,,
2026-09-08 17:25:23,2026-09-08,SPY_CLOSE_H1,209,,1,,,,,,,207,134,67,2745.00,2044.00,-701.00,-25.5373,122603,9,C1_exact,90-62-89,ALTRO,MULTIPLA,1,0,0,0,,1.00,0.00,-1.00,-100.0000,,,,,,,,,,,,,,,,
2026-09-08 17:25:23,2026-09-08,SPY_CLOSE_H1,209,,1,,,,,,,207,134,67,2745.00,2044.00,-701.00,-25.5373,122604,5,C3plus,4-55-56,PONTE_55,FORTE,1,1,0,0,55,1.00,0.00,-1.00,-100.0000,,,,,,,,,,,,,,,,
2026-09-08 17:25:23,2026-09-08,SPY_CLOSE_H1,209,,1,,,,,,,207,134,67,2745.00,2044.00,-701.00,-25.5373,122605,50,NC2_W5,45-40-35,ZONA_40,FORTE,1,1,0,0,40,1.00,0.00,-1.00,-100.0000,,,,,,,,,,,,,,,,
2026-09-08 17:25:23,2026-09-08,SPY_OPEN,209,,,,,,,,,207,134,67,2745.00,2044.00,-701.00,-25.5373,122606,46,C3plus,86-68-34,ALTRO,MULTIPLA,,,,,,,,,,,,,,,,,,,,,,,,,
2026-09-08 17:25:23,2026-09-08,SPY_OPEN,209,,,,,,,,,207,134,67,2745.00,2044.00,-701.00,-25.5373,122607,21,C2_exact,40-12-25,ALTRO,MULTIPLA,,,,,,,,,,,,,,,,,,,,,,,,,
2026-09-08 17:25:23,2026-09-08,SPY_OPEN,209,,,,,,,,,207,134,67,2745.00,2044.00,-701.00,-25.5373,122608,76,NC3_W5_gap,23-49-87,ALTRO,MULTIPLA,,,,,,,,,,,,,,,,,,,,,,,,,
2026-09-08 17:25:23,2026-09-08,SPY_OPEN,209,,,,,,,,,207,134,67,2745.00,2044.00,-701.00,-25.5373,122609,44,NC3_W5_gap,15-73-66,ALTRO,MULTIPLA,,,,,,,,,,,,,,,,,,,,,,,,,
2026-09-08 17:25:23,2026-09-08,SPY_OPEN,209,,,,,,,,,207,134,67,2745.00,2044.00,-701.00,-25.5373,122610,85,C1_exact,55-49-48,ALTRO,MULTIPLA,,,,,,,,,,,,,,,,,,,,,,,,,
2026-09-08 17:25:23,2026-09-08,SPY_OPEN,209,,,,,,,,,207,134,67,2745.00,2044.00,-701.00,-25.5373,122611,64,NC3_W5_gap,69-44-83,MOD5,MULTIPLA,,,,,,,,,,,,,,,,,,,,,,,,,
2026-09-08 17:25:23,2026-09-08,SPY_OPEN,209,,,,,,,,,207,134,67,2745.00,2044.00,-701.00,-25.5373,122612,45,NC3_W5_gap,35-40-77,MOD5,MULTIPLA,,,,,,,,,,,,,,,,,,,,,,,,,
2026-09-08 17:25:23,2026-09-08,SPY_OPEN,209,,,,,,,,,207,134,67,2745.00,2044.00,-701.00,-25.5373,122613,1,NC2_W3_gap,90-85-73,ALTRO,MULTIPLA,,,,,,,,,,,,,,,,,,,,,,,,,
2026-09-08 17:25:23,2026-09-08,SPY_OPEN,209,,,,,,,,,207,134,67,2745.00,2044.00,-701.00,-25.5373,122614,76,C1_exact,45-55-16,ALTRO,MULTIPLA,,,,,,,,,,,,,,,,,,,,,,,,,
2026-09-08 17:25:23,2026-09-08,SPY_OPEN,209,,,,,,,,,207,134,67,2745.00,2044.00,-701.00,-25.5373,122615,48,NC2_W3_gap,86-84-88,DECINA,MULTIPLA,,,,,,,,,,,,,,,,,,,,,,,,,
2026-09-08 17:25:23,2026-09-08,SPY_OPEN,209,,,,,,,,,207,134,67,2745.00,2044.00,-701.00,-25.5373,122616,83,C2_exact,87-89-88,DECINA,MULTIPLA,,,,,,,,,,,,,,,,,,,,,,,,,
2026-09-08 17:25:23,2026-09-08,SPY_OPEN,209,,,,,,,,,207,134,67,2745.00,2044.00,-701.00,-25.5373,122617,85,NC2_W5,89-90-88,DECINA,MULTIPLA,,,,,,,,,,,,,,,,,,,,,,,,,
2026-09-08 17:25:23,2026-09-08,SPY_OPEN,209,,,,,,,,,207,134,67,2745.00,2044.00,-701.00,-25.5373,122618,39,NC2_W5,81-25-79,ALTRO,MULTIPLA,,,,,,,,,,,,,,,,,,,,,,,,,
2026-09-08 17:25:23,2026-09-08,SPY_OPEN,209,,,,,,,,,207,134,67,2745.00,2044.00,-701.00,-25.5373,122619,23,C1_exact,88-57-14,ALTRO,MULTIPLA,,,,,,,,,,,,,,,,,,,,,,,,,
2026-09-08 17:25:23,2026-09-08,SPY_OPEN,209,,,,,,,,,207,134,67,2745.00,2044.00,-701.00,-25.5373,122620,29,NC2_W5,89-18-81,ALTRO,MULTIPLA,,,,,,,,,,,,,,,,,,,,,,,,,
2026-09-08 17:25:23,2026-09-08,SPY_OPEN,209,,,,,,,,,207,134,67,2745.00,2044.00,-701.00,-25.5373,122621,16,C1_exact,88-90-59,ALTRO,MULTIPLA,,,,,,,,,,,,,,,,,,,,,,,,,
2026-09-08 17:25:23,2026-09-08,SPY_OPEN,209,,,,,,,,,207,134,67,2745.00,2044.00,-701.00,-25.5373,122622,1,C1_exact,86-90-85,DECINA,MULTIPLA,,,,,,,,,,,,,,,,,,,,,,,,,
2026-09-08 17:25:23,2026-09-08,SPY_OPEN,209,,,,,,,,,207,134,67,2745.00,2044.00,-701.00,-25.5373,122623,50,NC2_W5,45-40-35,ZONA_40,FORTE,,,,,,,,,,,,,,,,,,,,,,,,,
2026-09-08 17:25:23,2026-09-08,SUM9091_LAB_OPEN,209,2083,0,53,,53-37-38,REPEAT_RAW_SUM_953_FROM_E76_GAP_133_OCC_2,,,207,134,67,2745.00,2044.00,-701.00,-25.5373,,,,,,,,,,,,,,,,,,,,,,,,,,,,,,,
2026-09-08 17:30:34,2026-09-08,SPY_CLOSE_H3,210,,3,,,,,,,207,134,67,2745.00,2044.00,-701.00,-25.5373,122568,89,C1_exact,55-70-33,ALTRO,MULTIPLA,3,1,0,0,55,3.00,0.00,-3.00,-100.0000,,,,,,,,,,,,,,,,
2026-09-08 17:30:34,2026-09-08,SPY_CLOSE_H3,210,,3,,,,,,,207,134,67,2745.00,2044.00,-701.00,-25.5373,122569,5,C2_exact,55-50-72,MOD5,MULTIPLA,3,1,0,0,50,3.00,0.00,-3.00,-100.0000,,,,,,,,,,,,,,,,
2026-09-08 17:30:34,2026-09-08,SPY_CLOSE_H3,210,,3,,,,,,,207,134,67,2745.00,2044.00,-701.00,-25.5373,122570,57,C2_exact,55-87-15,ALTRO,MULTIPLA,3,1,0,0,55,3.00,0.00,-3.00,-100.0000,,,,,,,,,,,,,,,,
2026-09-08 17:30:34,2026-09-08,SPY_CLOSE_H3,210,,3,,,,,,,207,134,67,2745.00,2044.00,-701.00,-25.5373,122571,77,NC3_W5_gap,29-50-5,ALTRO,MULTIPLA,3,1,1,1,5-29-50,1.00,45.00,44.00,4400.0000,,,,,,,,,,,,,,,,
2026-09-08 17:30:34,2026-09-08,SPY_CLOSE_H3,210,,3,,,,,,,207,134,67,2745.00,2044.00,-701.00,-25.5373,122572,25,NC2_W5,20-46-6,ALTRO,MULTIPLA,3,1,0,0,46,3.00,0.00,-3.00,-100.0000,,,,,,,,,,,,,,,,
2026-09-08 17:30:34,2026-09-08,SPY_CLOSE_H3,210,,3,,,,,,,207,134,67,2745.00,2044.00,-701.00,-25.5373,122573,25,C1_exact,20-90-36,MOD5,MULTIPLA,3,1,0,0,36,3.00,0.00,-3.00,-100.0000,,,,,,,,,,,,,,,,
2026-09-08 17:30:34,2026-09-08,SPY_CLOSE_H3,210,,3,,,,,,,207,134,67,2745.00,2044.00,-701.00,-25.5373,122574,90,NC2_W5,87-89-88,DECINA,MULTIPLA,3,1,1,0,87-88,3.00,0.00,-3.00,-100.0000,,,,,,,,,,,,,,,,
2026-09-08 17:30:34,2026-09-08,SPY_CLOSE_H3,210,,3,,,,,,,207,134,67,2745.00,2044.00,-701.00,-25.5373,122575,57,NC3_W5_gap,73-28-63,MOD5,MULTIPLA,3,1,0,0,63,3.00,0.00,-3.00,-100.0000,,,,,,,,,,,,,,,,
2026-09-08 17:30:34,2026-09-08,SPY_CLOSE_H3,210,,3,,,,,,,207,134,67,2745.00,2044.00,-701.00,-25.5373,122576,49,NC3_W5_gap,89-46-81,ALTRO,MULTIPLA,3,1,0,0,46,3.00,0.00,-3.00,-100.0000,,,,,,,,,,,,,,,,
2026-09-08 17:30:34,2026-09-08,SPY_CLOSE_H3,210,,3,,,,,,,207,134,67,2745.00,2044.00,-701.00,-25.5373,122577,15,NC2_W5,10-16-82,ALTRO,MULTIPLA,3,1,0,0,16,3.00,0.00,-3.00,-100.0000,,,,,,,,,,,,,,,,
2026-09-08 17:30:34,2026-09-08,SPY_CLOSE_H3,210,,3,,,,,,,207,134,67,2745.00,2044.00,-701.00,-25.5373,122578,74,C2_exact,89-86-40,ALTRO,MULTIPLA,3,1,0,0,40,3.00,0.00,-3.00,-100.0000,,,,,,,,,,,,,,,,
2026-09-08 17:30:34,2026-09-08,SPY_CLOSE_H3,210,,3,,,,,,,207,134,67,2745.00,2044.00,-701.00,-25.5373,122579,39,NC2_W5,81-25-79,ALTRO,MULTIPLA,3,1,1,0,79-81,3.00,0.00,-3.00,-100.0000,,,,,,,,,,,,,,,,
2026-09-08 17:30:34,2026-09-08,SPY_CLOSE_H3,210,,3,,,,,,,207,134,67,2745.00,2044.00,-701.00,-25.5373,122580,11,C1_exact,90-88-86,DECINA,MULTIPLA,3,1,0,0,88,3.00,0.00,-3.00,-100.0000,,,,,,,,,,,,,,,,
2026-09-08 17:30:34,2026-09-08,SPY_CLOSE_H3,210,,3,,,,,,,207,134,67,2745.00,2044.00,-701.00,-25.5373,122581,4,C1_exact,88-89-90,DECINA,MULTIPLA,3,1,0,0,88,3.00,0.00,-3.00,-100.0000,,,,,,,,,,,,,,,,
2026-09-08 17:30:34,2026-09-08,SPY_CLOSE_H3,210,,3,,,,,,,207,134,67,2745.00,2044.00,-701.00,-25.5373,122582,13,C1_exact,89-90-50,ALTRO,MULTIPLA,3,1,0,0,50,3.00,0.00,-3.00,-100.0000,,,,,,,,,,,,,,,,
2026-09-08 17:30:34,2026-09-08,SPY_CLOSE_H3,210,,3,,,,,,,207,134,67,2745.00,2044.00,-701.00,-25.5373,122583,1,C1_exact,86-90-85,DECINA,MULTIPLA,3,1,0,0,85,3.00,0.00,-3.00,-100.0000,,,,,,,,,,,,,,,,
2026-09-08 17:30:34,2026-09-08,SPY_CLOSE_H3,210,,3,,,,,,,207,134,67,2745.00,2044.00,-701.00,-25.5373,122584,50,NC2_W5,45-40-35,ZONA_40,FORTE,3,1,0,0,45,3.00,0.00,-3.00,-100.0000,,,,,,,,,,,,,,,,
2026-09-08 17:30:34,2026-09-08,SPY_CLOSE_H2,210,,2,,,,,,,207,134,67,2745.00,2044.00,-701.00,-25.5373,122585,30,C2_exact,25-20-1,CATENA_5,MULTIPLA,2,1,0,0,1,2.00,0.00,-2.00,-100.0000,,,,,,,,,,,,,,,,
2026-09-08 17:30:34,2026-09-08,SPY_CLOSE_H2,210,,2,,,,,,,207,134,67,2745.00,2044.00,-701.00,-25.5373,122586,50,NC2_W3_gap,45-39-25,MOD5,MULTIPLA,2,0,0,0,,2.00,0.00,-2.00,-100.0000,,,,,,,,,,,,,,,,
2026-09-08 17:30:34,2026-09-08,SPY_CLOSE_H2,210,,2,,,,,,,207,134,67,2745.00,2044.00,-701.00,-25.5373,122587,45,NC2_W3_gap,40-30-73,MOD5,MULTIPLA,2,1,0,0,40,2.00,0.00,-2.00,-100.0000,,,,,,,,,,,,,,,,
2026-09-08 17:30:34,2026-09-08,SPY_CLOSE_H2,210,,2,,,,,,,207,134,67,2745.00,2044.00,-701.00,-25.5373,122588,9,NC3_W5_gap,28-35-8,ALTRO,MULTIPLA,2,1,0,0,28,2.00,0.00,-2.00,-100.0000,,,,,,,,,,,,,,,,
2026-09-08 17:30:34,2026-09-08,SPY_CLOSE_H2,210,,2,,,,,,,207,134,67,2745.00,2044.00,-701.00,-25.5373,122589,29,NC2_W3_gap,81-32-42,ALTRO,MULTIPLA,2,1,1,1,32-42-81,2.00,45.00,43.00,2150.0000,,,,,,,,,,,,,,,,
2026-09-08 17:30:34,2026-09-08,SPY_CLOSE_H2,210,,2,,,,,,,207,134,67,2745.00,2044.00,-701.00,-25.5373,122590,50,C1_exact,45-39-81,ALTRO,MULTIPLA,2,1,0,0,81,2.00,0.00,-2.00,-100.0000,,,,,,,,,,,,,,,,
2026-09-08 17:30:34,2026-09-08,SPY_CLOSE_H2,210,,2,,,,,,,207,134,67,2745.00,2044.00,-701.00,-25.5373,122591,25,NC2_W5,20-46-6,ALTRO,MULTIPLA,2,1,0,0,46,2.00,0.00,-2.00,-100.0000,,,,,,,,,,,,,,,,
2026-09-08 17:30:34,2026-09-08,SPY_CLOSE_H2,210,,2,,,,,,,207,134,67,2745.00,2044.00,-701.00,-25.5373,122592,30,NC3_W5_gap,10-25-15,CATENA_5,MULTIPLA,2,0,0,0,,2.00,0.00,-2.00,-100.0000,,,,,,,,,,,,,,,,
2026-09-08 17:30:34,2026-09-08,SPY_CLOSE_H2,210,,2,,,,,,,207,134,67,2745.00,2044.00,-701.00,-25.5373,122593,45,C1_exact,40-35-90,MOD5,MULTIPLA,2,1,0,0,40,2.00,0.00,-2.00,-100.0000,,,,,,,,,,,,,,,,
2026-09-08 17:30:34,2026-09-08,SPY_CLOSE_H2,210,,2,,,,,,,207,134,67,2745.00,2044.00,-701.00,-25.5373,122594,57,NC3_W5_gap,73-28-63,MOD5,MULTIPLA,2,1,0,0,63,2.00,0.00,-2.00,-100.0000,,,,,,,,,,,,,,,,
2026-09-08 17:30:34,2026-09-08,SPY_CLOSE_H2,210,,2,,,,,,,207,134,67,2745.00,2044.00,-701.00,-25.5373,122595,80,C1_exact,3-55-44,ALTRO,MULTIPLA,2,1,1,0,44-55,2.00,0.00,-2.00,-100.0000,,,,,,,,,,,,,,,,
2026-09-08 17:30:34,2026-09-08,SPY_CLOSE_H2,210,,2,,,,,,,207,134,67,2745.00,2044.00,-701.00,-25.5373,122596,61,C1_exact,19-59-83,ALTRO,MULTIPLA,2,1,0,0,83,2.00,0.00,-2.00,-100.0000,,,,,,,,,,,,,,,,
2026-09-08 17:30:34,2026-09-08,SPY_CLOSE_H2,210,,2,,,,,,,207,134,67,2745.00,2044.00,-701.00,-25.5373,122597,15,NC2_W5,10-16-82,ALTRO,MULTIPLA,2,1,0,0,16,2.00,0.00,-2.00,-100.0000,,,,,,,,,,,,,,,,
2026-09-08 17:30:34,2026-09-08,SPY_CLOSE_H2,210,,2,,,,,,,207,134,67,2745.00,2044.00,-701.00,-25.5373,122598,39,NC2_W5,81-25-79,ALTRO,MULTIPLA,2,1,1,0,79-81,2.00,0.00,-2.00,-100.0000,,,,,,,,,,,,,,,,
2026-09-08 17:30:34,2026-09-08,SPY_CLOSE_H2,210,,2,,,,,,,207,134,67,2745.00,2044.00,-701.00,-25.5373,122599,29,C1_exact,81-8-77,ALTRO,MULTIPLA,2,1,0,0,81,2.00,0.00,-2.00,-100.0000,,,,,,,,,,,,,,,,
2026-09-08 17:30:34,2026-09-08,SPY_CLOSE_H2,210,,2,,,,,,,207,134,67,2745.00,2044.00,-701.00,-25.5373,122600,7,C1_exact,69-89-4,MOD5,MULTIPLA,2,0,0,0,,2.00,0.00,-2.00,-100.0000,,,,,,,,,,,,,,,,
2026-09-08 17:30:34,2026-09-08,SPY_CLOSE_H2,210,,2,,,,,,,207,134,67,2745.00,2044.00,-701.00,-25.5373,122601,21,C1_exact,51-88-84,ALTRO,MULTIPLA,2,1,0,0,51,2.00,0.00,-2.00,-100.0000,,,,,,,,,,,,,,,,
2026-09-08 17:30:34,2026-09-08,SPY_CLOSE_H2,210,,2,,,,,,,207,134,67,2745.00,2044.00,-701.00,-25.5373,122602,29,NC2_W5,89-18-81,ALTRO,MULTIPLA,2,1,0,0,81,2.00,0.00,-2.00,-100.0000,,,,,,,,,,,,,,,,
2026-09-08 17:30:34,2026-09-08,SPY_CLOSE_H2,210,,2,,,,,,,207,134,67,2745.00,2044.00,-701.00,-25.5373,122603,9,C1_exact,90-62-89,ALTRO,MULTIPLA,2,0,0,0,,2.00,0.00,-2.00,-100.0000,,,,,,,,,,,,,,,,
2026-09-08 17:30:34,2026-09-08,SPY_CLOSE_H2,210,,2,,,,,,,207,134,67,2745.00,2044.00,-701.00,-25.5373,122604,5,C3plus,4-55-56,PONTE_55,FORTE,2,1,0,0,55,2.00,0.00,-2.00,-100.0000,,,,,,,,,,,,,,,,
2026-09-08 17:30:34,2026-09-08,SPY_CLOSE_H2,210,,2,,,,,,,207,134,67,2745.00,2044.00,-701.00,-25.5373,122605,50,NC2_W5,45-40-35,ZONA_40,FORTE,2,1,0,0,40,2.00,0.00,-2.00,-100.0000,,,,,,,,,,,,,,,,
2026-09-08 17:30:34,2026-09-08,SPY_CLOSE_H1,210,,1,,,,,,,207,134,67,2745.00,2044.00,-701.00,-25.5373,122606,46,C3plus,86-68-34,ALTRO,MULTIPLA,1,1,0,0,34,1.00,0.00,-1.00,-100.0000,,,,,,,,,,,,,,,,
2026-09-08 17:30:34,2026-09-08,SPY_CLOSE_H1,210,,1,,,,,,,207,134,67,2745.00,2044.00,-701.00,-25.5373,122607,21,C2_exact,40-12-25,ALTRO,MULTIPLA,1,0,0,0,,1.00,0.00,-1.00,-100.0000,,,,,,,,,,,,,,,,
2026-09-08 17:30:34,2026-09-08,SPY_CLOSE_H1,210,,1,,,,,,,207,134,67,2745.00,2044.00,-701.00,-25.5373,122608,76,NC3_W5_gap,23-49-87,ALTRO,MULTIPLA,1,1,0,0,87,1.00,0.00,-1.00,-100.0000,,,,,,,,,,,,,,,,
2026-09-08 17:30:34,2026-09-08,SPY_CLOSE_H1,210,,1,,,,,,,207,134,67,2745.00,2044.00,-701.00,-25.5373,122609,44,NC3_W5_gap,15-73-66,ALTRO,MULTIPLA,1,1,0,0,66,1.00,0.00,-1.00,-100.0000,,,,,,,,,,,,,,,,
2026-09-08 17:30:34,2026-09-08,SPY_CLOSE_H1,210,,1,,,,,,,207,134,67,2745.00,2044.00,-701.00,-25.5373,122610,85,C1_exact,55-49-48,ALTRO,MULTIPLA,1,0,0,0,,1.00,0.00,-1.00,-100.0000,,,,,,,,,,,,,,,,
2026-09-08 17:30:34,2026-09-08,SPY_CLOSE_H1,210,,1,,,,,,,207,134,67,2745.00,2044.00,-701.00,-25.5373,122611,64,NC3_W5_gap,69-44-83,MOD5,MULTIPLA,1,1,0,0,44,1.00,0.00,-1.00,-100.0000,,,,,,,,,,,,,,,,
2026-09-08 17:30:34,2026-09-08,SPY_CLOSE_H1,210,,1,,,,,,,207,134,67,2745.00,2044.00,-701.00,-25.5373,122612,45,NC3_W5_gap,35-40-77,MOD5,MULTIPLA,1,0,0,0,,1.00,0.00,-1.00,-100.0000,,,,,,,,,,,,,,,,
2026-09-08 17:30:34,2026-09-08,SPY_CLOSE_H1,210,,1,,,,,,,207,134,67,2745.00,2044.00,-701.00,-25.5373,122613,1,NC2_W3_gap,90-85-73,ALTRO,MULTIPLA,1,0,0,0,,1.00,0.00,-1.00,-100.0000,,,,,,,,,,,,,,,,
2026-09-08 17:30:34,2026-09-08,SPY_CLOSE_H1,210,,1,,,,,,,207,134,67,2745.00,2044.00,-701.00,-25.5373,122614,76,C1_exact,45-55-16,ALTRO,MULTIPLA,1,1,0,0,16,1.00,0.00,-1.00,-100.0000,,,,,,,,,,,,,,,,
2026-09-08 17:30:34,2026-09-08,SPY_CLOSE_H1,210,,1,,,,,,,207,134,67,2745.00,2044.00,-701.00,-25.5373,122615,48,NC2_W3_gap,86-84-88,DECINA,MULTIPLA,1,1,0,0,88,1.00,0.00,-1.00,-100.0000,,,,,,,,,,,,,,,,
2026-09-08 17:30:34,2026-09-08,SPY_CLOSE_H1,210,,1,,,,,,,207,134,67,2745.00,2044.00,-701.00,-25.5373,122616,83,C2_exact,87-89-88,DECINA,MULTIPLA,1,1,1,0,87-88,1.00,0.00,-1.00,-100.0000,,,,,,,,,,,,,,,,
2026-09-08 17:30:34,2026-09-08,SPY_CLOSE_H1,210,,1,,,,,,,207,134,67,2745.00,2044.00,-701.00,-25.5373,122617,85,NC2_W5,89-90-88,DECINA,MULTIPLA,1,1,0,0,88,1.00,0.00,-1.00,-100.0000,,,,,,,,,,,,,,,,
2026-09-08 17:30:34,2026-09-08,SPY_CLOSE_H1,210,,1,,,,,,,207,134,67,2745.00,2044.00,-701.00,-25.5373,122618,39,NC2_W5,81-25-79,ALTRO,MULTIPLA,1,1,1,0,79-81,1.00,0.00,-1.00,-100.0000,,,,,,,,,,,,,,,,
2026-09-08 17:30:34,2026-09-08,SPY_CLOSE_H1,210,,1,,,,,,,207,134,67,2745.00,2044.00,-701.00,-25.5373,122619,23,C1_exact,88-57-14,ALTRO,MULTIPLA,1,1,0,0,88,1.00,0.00,-1.00,-100.0000,,,,,,,,,,,,,,,,
2026-09-08 17:30:34,2026-09-08,SPY_CLOSE_H1,210,,1,,,,,,,207,134,67,2745.00,2044.00,-701.00,-25.5373,122620,29,NC2_W5,89-18-81,ALTRO,MULTIPLA,1,1,0,0,81,1.00,0.00,-1.00,-100.0000,,,,,,,,,,,,,,,,
2026-09-08 17:30:34,2026-09-08,SPY_CLOSE_H1,210,,1,,,,,,,207,134,67,2745.00,2044.00,-701.00,-25.5373,122621,16,C1_exact,88-90-59,ALTRO,MULTIPLA,1,1,0,0,88,1.00,0.00,-1.00,-100.0000,,,,,,,,,,,,,,,,
2026-09-08 17:30:34,2026-09-08,SPY_CLOSE_H1,210,,1,,,,,,,207,134,67,2745.00,2044.00,-701.00,-25.5373,122622,1,C1_exact,86-90-85,DECINA,MULTIPLA,1,0,0,0,,1.00,0.00,-1.00,-100.0000,,,,,,,,,,,,,,,,
2026-09-08 17:30:34,2026-09-08,SPY_CLOSE_H1,210,,1,,,,,,,207,134,67,2745.00,2044.00,-701.00,-25.5373,122623,50,NC2_W5,45-40-35,ZONA_40,FORTE,1,0,0,0,,1.00,0.00,-1.00,-100.0000,,,,,,,,,,,,,,,,
2026-09-08 17:30:34,2026-09-08,SPY_OPEN,210,,,,,,,,,207,134,67,2745.00,2044.00,-701.00,-25.5373,122624,79,NC2_W3_gap,32-31-49,ALTRO,MULTIPLA,,,,,,,,,,,,,,,,,,,,,,,,,
2026-09-08 17:30:34,2026-09-08,SPY_OPEN,210,,,,,,,,,207,134,67,2745.00,2044.00,-701.00,-25.5373,122625,50,NC2_W3_gap,45-39-25,MOD5,MULTIPLA,,,,,,,,,,,,,,,,,,,,,,,,,
2026-09-08 17:30:34,2026-09-08,SPY_OPEN,210,,,,,,,,,207,134,67,2745.00,2044.00,-701.00,-25.5373,122626,87,C1_exact,55-6-3,ALTRO,MULTIPLA,,,,,,,,,,,,,,,,,,,,,,,,,
2026-09-08 17:30:34,2026-09-08,SPY_OPEN,210,,,,,,,,,207,134,67,2745.00,2044.00,-701.00,-25.5373,122627,76,C2_exact,23-13-70,ALTRO,MULTIPLA,,,,,,,,,,,,,,,,,,,,,,,,,
2026-09-08 17:30:34,2026-09-08,SPY_OPEN,210,,,,,,,,,207,134,67,2745.00,2044.00,-701.00,-25.5373,122628,29,NC2_W3_gap,81-32-42,ALTRO,MULTIPLA,,,,,,,,,,,,,,,,,,,,,,,,,
2026-09-08 17:30:34,2026-09-08,SPY_OPEN,210,,,,,,,,,207,134,67,2745.00,2044.00,-701.00,-25.5373,122629,50,C1_exact,45-39-81,ALTRO,MULTIPLA,,,,,,,,,,,,,,,,,,,,,,,,,
2026-09-08 17:30:34,2026-09-08,SPY_OPEN,210,,,,,,,,,207,134,67,2745.00,2044.00,-701.00,-25.5373,122630,44,C2_exact,67-77-43,ALTRO,MULTIPLA,,,,,,,,,,,,,,,,,,,,,,,,,
2026-09-08 17:30:34,2026-09-08,SPY_OPEN,210,,,,,,,,,207,134,67,2745.00,2044.00,-701.00,-25.5373,122631,76,NC3_W5_gap,23-49-87,ALTRO,MULTIPLA,,,,,,,,,,,,,,,,,,,,,,,,,
2026-09-08 17:30:34,2026-09-08,SPY_OPEN,210,,,,,,,,,207,134,67,2745.00,2044.00,-701.00,-25.5373,122632,53,C2_exact,82-3-83,MOD5,MULTIPLA,,,,,,,,,,,,,,,,,,,,,,,,,
2026-09-08 17:30:34,2026-09-08,SPY_OPEN,210,,,,,,,,,207,134,67,2745.00,2044.00,-701.00,-25.5373,122633,44,NC3_W5_gap,15-73-66,ALTRO,MULTIPLA,,,,,,,,,,,,,,,,,,,,,,,,,
2026-09-08 17:30:34,2026-09-08,SPY_OPEN,210,,,,,,,,,207,134,67,2745.00,2044.00,-701.00,-25.5373,122634,81,C1_exact,55-68-21,ALTRO,MULTIPLA,,,,,,,,,,,,,,,,,,,,,,,,,
2026-09-08 17:30:34,2026-09-08,SPY_OPEN,210,,,,,,,,,207,134,67,2745.00,2044.00,-701.00,-25.5373,122635,61,C1_exact,19-59-83,ALTRO,MULTIPLA,,,,,,,,,,,,,,,,,,,,,,,,,
2026-09-08 17:30:34,2026-09-08,SPY_OPEN,210,,,,,,,,,207,134,67,2745.00,2044.00,-701.00,-25.5373,122636,67,NC2_W5,1-71-75,ALTRO,MULTIPLA,,,,,,,,,,,,,,,,,,,,,,,,,
2026-09-08 17:30:34,2026-09-08,SPY_OPEN,210,,,,,,,,,207,134,67,2745.00,2044.00,-701.00,-25.5373,122637,34,C1_exact,58-77-62,ALTRO,MULTIPLA,,,,,,,,,,,,,,,,,,,,,,,,,
2026-09-08 17:30:34,2026-09-08,SPY_OPEN,210,,,,,,,,,207,134,67,2745.00,2044.00,-701.00,-25.5373,122638,45,NC2_W5,35-40-42,MOD5,MULTIPLA,,,,,,,,,,,,,,,,,,,,,,,,,
2026-09-08 17:30:34,2026-09-08,SPY_OPEN,210,,,,,,,,,207,134,67,2745.00,2044.00,-701.00,-25.5373,122639,29,C1_exact,81-8-77,ALTRO,MULTIPLA,,,,,,,,,,,,,,,,,,,,,,,,,
2026-09-08 17:30:34,2026-09-08,SPY_OPEN,210,,,,,,,,,207,134,67,2745.00,2044.00,-701.00,-25.5373,122640,50,NC3_W5_gap,45-40-20,ZONA_40,FORTE,,,,,,,,,,,,,,,,,,,,,,,,,
2026-09-08 17:30:34,2026-09-08,SPY_OPEN,210,,,,,,,,,207,134,67,2745.00,2044.00,-701.00,-25.5373,122641,17,C1_exact,90-86-88,DECINA,NORMALE,,,,,,,,,,,,,,,,,,,,,,,,,
